Hilos OpenCV: 2
  ✓  Perfil compatible con la cámara conectada.
======================================================================
SISTEMA DE VISIÓN — Vision-Rover-Challenge · protocolo v2
Entrada: cámara Logitech C270 (1280x720)
[vision] detector=ArUco3 con respaldo clasico (subpixel en resolucion original)
Cancha: 43x43 celdas de 20 mm
Comandos: ready | stop | abort | quit   (de READY a RUNNING pasa solo)
======================================================================
[publicacion] escuchando en el puerto 2026 a 20 Hz
[latencia ms promedio/max] lectura=7/17 entrada=59/108 marcadores=38/247 cubos=84/282 proceso=123/341 vista=26/128 al_publicar=184/405
[estado] fase=IDLE cuadros=33 fallos=0 emitidos=104 clientes=0 pisados=0 fps=10.1 edad=442 ms conservados=0/0 acopio=0/3 duplicados=0 rechazados=0
[aviso] identidades de rover demoradas hasta sostenerse 5 cuadros: ID 10 llegó a 4 cuadro(s). Es lo normal al poner un robot en la cancha —se paga una vez, unos 495 ms— y es lo que impide que un fantasma invente un rover que no existe. Ninguna quedó esperando.
[latencia ms promedio/max] lectura=14/17 entrada=55/101 marcadores=48/53 cubos=232/263 proceso=282/313 vista=55/78 al_publicar=338/382
[estado] fase=IDLE cuadros=47 fallos=0 emitidos=203 clientes=0 pisados=0 fps=10.0 edad=463 ms conservados=0/0 acopio=0/3 duplicados=0 rechazados=0
[cliente] conectado 127.0.0.1:51448
[cliente] desconectado 127.0.0.1:51448 (enviados=2 pisados=0)
[latencia ms promedio/max] lectura=15/25 entrada=70/116 marcadores=47/60 cubos=249/299 proceso=298/356 vista=51/76 al_publicar=369/457
[estado] fase=IDLE cuadros=61 fallos=0 emitidos=305 clientes=0 pisados=0 fps=10.0 edad=365 ms conservados=0/0 acopio=0/3 duplicados=0 rechazados=0
[latencia ms promedio/max] lectura=10/16 entrada=70/111 marcadores=40/206 cubos=145/244 proceso=186/290 vista=33/65 al_publicar=257/402
[estado] fase=IDLE cuadros=82 fallos=0 emitidos=401 clientes=0 pisados=0 fps=10.0 edad=191 ms conservados=0/0 acopio=0/3 duplicados=0 rechazados=0
[latencia ms promedio/max] lectura=6/9 entrada=62/116 marcadores=24/223 cubos=65/122 proceso=90/285 vista=18/33 al_publicar=151/374
[estado] fase=IDLE cuadros=126 fallos=0 emitidos=501 clientes=0 pisados=0 fps=10.0 edad=171 ms conservados=0/0 acopio=0/3 duplicados=0 rechazados=0
[cliente] conectado 127.0.0.1:51484
[latencia ms promedio/max] lectura=13/17 entrada=59/112 marcadores=87/686 cubos=220/338 proceso=310/923 vista=63/142 al_publicar=370/1000
[estado] fase=IDLE cuadros=140 fallos=0 emitidos=609 clientes=1 pisados=0 fps=10.0 edad=476 ms conservados=0/0 acopio=0/3 duplicados=0 rechazados=0
[latencia ms promedio/max] lectura=15/21 entrada=56/98 marcadores=96/668 cubos=227/238 proceso=326/904 vista=52/58 al_publicar=382/946
[estado] fase=IDLE cuadros=152 fallos=0 emitidos=704 clientes=1 pisados=0 fps=10.0 edad=401 ms conservados=0/0 acopio=0/3 duplicados=0 rechazados=0
[cliente] desconectado 127.0.0.1:51484 (enviados=160 pisados=0)
[latencia ms promedio/max] lectura=8/21 entrada=55/95 marcadores=62/648 cubos=94/234 proceso=158/702 vista=24/56 al_publicar=213/797
[estado] fase=IDLE cuadros=178 fallos=0 emitidos=803 clientes=0 pisados=0 fps=10.0 edad=358 ms conservados=0/0 acopio=0/3 duplicados=0 rechazados=0
[latencia ms promedio/max] lectura=8/18 entrada=60/105 marcadores=122/788 cubos=74/230 proceso=196/1021 vista=104/1516 al_publicar=256/1060
[estado] fase=IDLE cuadros=196 fallos=0 emitidos=913 clientes=0 pisados=0 fps=10.0 edad=1104 ms conservados=0/0 acopio=0/3 duplicados=0 rechazados=0
[latencia ms promedio/max] lectura=15/19 entrada=68/103 marcadores=185/692 cubos=229/244 proceso=417/928 vista=49/53 al_publicar=486/1018
[estado] fase=IDLE cuadros=205 fallos=0 emitidos=1000 clientes=0 pisados=0 fps=10.0 edad=422 ms conservados=0/0 acopio=0/3 duplicados=0 rechazados=0
[latencia ms promedio/max] lectura=14/19 entrada=74/112 marcadores=45/55 cubos=238/271 proceso=285/319 vista=50/55 al_publicar=360/413
[estado] fase=IDLE cuadros=220 fallos=0 emitidos=1105 clientes=0 pisados=0 fps=10.0 edad=387 ms conservados=0/0 acopio=0/3 duplicados=0 rechazados=0
[latencia ms promedio/max] lectura=13/17 entrada=61/104 marcadores=92/630 cubos=232/270 proceso=327/861 vista=55/79 al_publicar=389/882
[estado] fase=IDLE cuadros=232 fallos=0 emitidos=1200 clientes=0 pisados=0 fps=10.0 edad=437 ms conservados=0/0 acopio=0/3 duplicados=0 rechazados=0
[latencia ms promedio/max] lectura=13/17 entrada=65/109 marcadores=41/50 cubos=224/237 proceso=268/287 vista=47/57 al_publicar=333/378
[estado] fase=IDLE cuadros=248 fallos=0 emitidos=1306 clientes=0 pisados=0 fps=10.0 edad=409 ms conservados=0/0 acopio=0/3 duplicados=0 rechazados=0
[latencia ms promedio/max] lectura=13/19 entrada=56/105 marcadores=42/75 cubos=218/273 proceso=262/354 vista=44/55 al_publicar=318/387
[estado] fase=IDLE cuadros=263 fallos=0 emitidos=1402 clientes=0 pisados=0 fps=10.0 edad=200 ms conservados=0/0 acopio=0/3 duplicados=0 rechazados=0
[latencia ms promedio/max] lectura=6/14 entrada=60/118 marcadores=18/33 cubos=63/80 proceso=82/108 vista=17/22 al_publicar=142/199
[estado] fase=IDLE cuadros=310 fallos=0 emitidos=1501 clientes=0 pisados=0 fps=10.0 edad=161 ms conservados=0/0 acopio=0/3 duplicados=0 rechazados=0
[latencia ms promedio/max] lectura=6/8 entrada=51/75 marcadores=22/225 cubos=60/70 proceso=83/283 vista=16/19 al_publicar=134/326
[estado] fase=IDLE cuadros=358 fallos=0 emitidos=1601 clientes=0 pisados=0 fps=10.0 edad=179 ms conservados=0/0 acopio=0/3 duplicados=0 rechazados=0
[latencia ms promedio/max] lectura=6/8 entrada=52/107 marcadores=37/256 cubos=61/82 proceso=99/322 vista=225/7310 al_publicar=151/386
[estado] fase=IDLE cuadros=393 fallos=0 emitidos=1832 clientes=0 pisados=0 fps=10.0 edad=7633 ms conservados=0/0 acopio=0/3 duplicados=0 rechazados=0
[aviso] falta un marcador de esquina: se ven 3, y se viene conservando la geometría hace 1 cuadros (desvío 0.14 mm). Las coordenadas siguen siendo válidas.
[latencia ms promedio/max] lectura=5/5 entrada=39/39 marcadores=15/15 cubos=65/65 proceso=81/81 vista=22/22 al_publicar=120/120
[estado] fase=IDLE cuadros=394 fallos=0 emitidos=1834 clientes=0 pisados=0 fps=10.0 edad=143 ms conservados=0/0 acopio=0/3 duplicados=0 rechazados=0
[latencia ms promedio/max] lectura=7/9 entrada=63/117 marcadores=38/270 cubos=72/127 proceso=110/354 vista=19/28 al_publicar=173/445
[estado] fase=IDLE cuadros=418 fallos=0 emitidos=1900 clientes=0 pisados=0 fps=10.0 edad=215 ms conservados=0/0 acopio=0/3 duplicados=0 rechazados=0
[latencia ms promedio/max] lectura=9/16 entrada=61/118 marcadores=72/406 cubos=89/120 proceso=162/510 vista=24/53 al_publicar=223/582
[estado] fase=IDLE cuadros=444 fallos=0 emitidos=2001 clientes=0 pisados=0 fps=10.0 edad=402 ms conservados=0/0 acopio=0/3 duplicados=0 rechazados=0
[latencia ms promedio/max] lectura=6/15 entrada=49/110 marcadores=89/244 cubos=60/94 proceso=150/316 vista=16/23 al_publicar=200/394
[estado] fase=IDLE cuadros=473 fallos=0 emitidos=2101 clientes=0 pisados=0 fps=10.0 edad=98 ms conservados=0/0 acopio=0/3 duplicados=0 rechazados=0
[aviso] marcadores vistos que NO son ni esquina ni rover declarado, y por eso se descartan: [17]. Si alguno es un robot de verdad, hay que agregarlo a deteccion_rovers.ids_rover; si no, son detecciones falsas de la cuadrícula.
[latencia ms promedio/max] lectura=6/11 entrada=44/101 marcadores=73/233 cubos=60/122 proceso=135/356 vista=16/32 al_publicar=179/398
[estado] fase=IDLE cuadros=505 fallos=0 emitidos=2201 clientes=0 pisados=0 fps=10.0 edad=93 ms conservados=0/0 acopio=0/3 duplicados=0 rechazados=0
[aviso] marcadores vistos que NO son ni esquina ni rover declarado, y por eso se descartan: [17, 37]. Si alguno es un robot de verdad, hay que agregarlo a deteccion_rovers.ids_rover; si no, son detecciones falsas de la cuadrícula.
[latencia ms promedio/max] lectura=6/7 entrada=65/100 marcadores=50/231 cubos=59/69 proceso=110/285 vista=15/20 al_publicar=175/374
[estado] fase=IDLE cuadros=543 fallos=0 emitidos=2301 clientes=0 pisados=0 fps=10.0 edad=182 ms conservados=0/0 acopio=0/3 duplicados=0 rechazados=0
[cliente] conectado 127.0.0.1:60398
[cliente] desconectado 127.0.0.1:60398 (enviados=2 pisados=0)
[cliente] conectado 127.0.0.1:60400
[latencia ms promedio/max] lectura=7/23 entrada=67/95 marcadores=119/262 cubos=61/86 proceso=181/314 vista=16/44 al_publicar=248/381
[estado] fase=IDLE cuadros=568 fallos=0 emitidos=2403 clientes=1 pisados=0 fps=10.0 edad=395 ms conservados=0/0 acopio=0/3 duplicados=0 rechazados=0
[aviso] marcadores vistos que NO son ni esquina ni rover declarado, y por eso se descartan: [37]. Si alguno es un robot de verdad, hay que agregarlo a deteccion_rovers.ids_rover; si no, son detecciones falsas de la cuadrícula.
[cliente] desconectado 127.0.0.1:60400 (enviados=61 pisados=0)
[latencia ms promedio/max] lectura=6/8 entrada=80/101 marcadores=162/237 cubos=57/64 proceso=220/303 vista=15/18 al_publicar=300/376
[estado] fase=IDLE cuadros=589 fallos=0 emitidos=2505 clientes=0 pisados=0 fps=10.0 edad=355 ms conservados=0/0 acopio=0/3 duplicados=0 rechazados=0
[latencia ms promedio/max] lectura=6/9 entrada=55/116 marcadores=89/275 cubos=59/80 proceso=149/327 vista=15/27 al_publicar=203/377
[estado] fase=IDLE cuadros=618 fallos=0 emitidos=2603 clientes=0 pisados=0 fps=10.0 edad=392 ms conservados=0/0 acopio=0/3 duplicados=0 rechazados=0
[latencia ms promedio/max] lectura=6/14 entrada=59/99 marcadores=78/264 cubos=60/72 proceso=139/316 vista=17/50 al_publicar=198/379
[estado] fase=IDLE cuadros=648 fallos=0 emitidos=2700 clientes=0 pisados=0 fps=10.0 edad=130 ms conservados=0/0 acopio=0/3 duplicados=0 rechazados=0
[fase] se recuperaron las coordenadas tras 985 ms sin ver la cancha
[latencia ms promedio/max] lectura=6/11 entrada=56/115 marcadores=104/256 cubos=72/235 proceso=228/493 vista=14/50 al_publicar=284/566
[estado] fase=IDLE cuadros=679 fallos=14 emitidos=2802 clientes=0 pisados=0 fps=10.0 edad=350 ms conservados=1/0 acopio=0/3 duplicados=0 rechazados=0
[aviso] marcadores vistos que NO son ni esquina ni rover declarado, y por eso se descartan: [17]. Si alguno es un robot de verdad, hay que agregarlo a deteccion_rovers.ids_rover; si no, son detecciones falsas de la cuadrícula.
[aviso] falta un marcador de esquina: se ven 3, y se viene conservando la geometría hace 1 cuadros (desvío 0.10 mm). Las coordenadas siguen siendo válidas.
[aviso] último problema: solo se ven 2 marcadores de esquina
[latencia ms promedio/max] lectura=6/7 entrada=55/83 marcadores=207/250 cubos=59/81 proceso=268/307 vista=16/26 al_publicar=323/370
[estado] fase=IDLE cuadros=696 fallos=14 emitidos=2901 clientes=0 pisados=0 fps=10.0 edad=386 ms conservados=1/0 acopio=0/3 duplicados=0 rechazados=0
[aviso] marcadores vistos que NO son ni esquina ni rover declarado, y por eso se descartan: [37]. Si alguno es un robot de verdad, hay que agregarlo a deteccion_rovers.ids_rover; si no, son detecciones falsas de la cuadrícula.
[latencia ms promedio/max] lectura=7/13 entrada=55/90 marcadores=124/269 cubos=59/94 proceso=184/346 vista=17/29 al_publicar=239/437
[estado] fase=IDLE cuadros=720 fallos=14 emitidos=3001 clientes=0 pisados=0 fps=10.0 edad=374 ms conservados=1/0 acopio=0/3 duplicados=0 rechazados=0
[latencia ms promedio/max] lectura=6/13 entrada=78/116 marcadores=95/240 cubos=58/74 proceso=154/300 vista=16/33 al_publicar=233/395
[estado] fase=IDLE cuadros=749 fallos=14 emitidos=3103 clientes=0 pisados=0 fps=10.0 edad=401 ms conservados=1/1 acopio=0/3 duplicados=0 rechazados=0
[aviso] falta un marcador de esquina: se ven 3, y se viene conservando la geometría hace 1 cuadros (desvío 0.06 mm). Las coordenadas siguen siendo válidas.
[fase] se recuperaron las coordenadas tras 875 ms sin ver la cancha
[latencia ms promedio/max] lectura=6/8 entrada=45/98 marcadores=52/232 cubos=58/73 proceso=115/292 vista=14/20 al_publicar=155/314
[estado] fase=IDLE cuadros=791 fallos=25 emitidos=3200 clientes=0 pisados=0 fps=10.0 edad=152 ms conservados=1/1 acopio=0/3 duplicados=0 rechazados=1
[aviso] marcadores rechazados por no ser plausibles: 1 por posición. No pueden ser marcadores de esta cancha: el detector los inventa sobre la cuadrícula del tablero. Ejemplo: ID 17 rechazado por posición, midió 16.9 mm donde se esperaban 0.0, en la celda (45.9, 8.1)
[aviso] marcadores vistos que NO son ni esquina ni rover declarado, y por eso se descartan: [17, 34]. Si alguno es un robot de verdad, hay que agregarlo a deteccion_rovers.ids_rover; si no, son detecciones falsas de la cuadrícula.
[aviso] último problema: solo se ven 2 marcadores de esquina
[latencia ms promedio/max] lectura=6/11 entrada=56/81 marcadores=26/224 cubos=60/78 proceso=86/282 vista=16/19 al_publicar=143/353
[estado] fase=IDLE cuadros=837 fallos=25 emitidos=3300 clientes=0 pisados=0 fps=10.0 edad=141 ms conservados=1/1 acopio=0/3 duplicados=0 rechazados=1
[latencia ms promedio/max] lectura=7/21 entrada=50/119 marcadores=52/236 cubos=63/103 proceso=116/310 vista=16/20 al_publicar=166/391
[estado] fase=IDLE cuadros=873 fallos=25 emitidos=3400 clientes=0 pisados=0 fps=10.0 edad=327 ms conservados=1/1 acopio=0/3 duplicados=0 rechazados=1
[latencia ms promedio/max] lectura=6/8 entrada=41/72 marcadores=50/235 cubos=60/70 proceso=111/292 vista=15/18 al_publicar=152/330
[estado] fase=IDLE cuadros=911 fallos=25 emitidos=3500 clientes=0 pisados=0 fps=10.0 edad=148 ms conservados=1/1 acopio=0/3 duplicados=0 rechazados=1
[aviso] marcadores vistos que NO son ni esquina ni rover declarado, y por eso se descartan: [37]. Si alguno es un robot de verdad, hay que agregarlo a deteccion_rovers.ids_rover; si no, son detecciones falsas de la cuadrícula.
[latencia ms promedio/max] lectura=6/8 entrada=60/108 marcadores=22/240 cubos=61/84 proceso=83/302 vista=16/20 al_publicar=143/356
[estado] fase=IDLE cuadros=959 fallos=25 emitidos=3601 clientes=0 pisados=0 fps=10.0 edad=188 ms conservados=1/1 acopio=0/3 duplicados=0 rechazados=1
[latencia ms promedio/max] lectura=6/8 entrada=66/115 marcadores=26/222 cubos=59/85 proceso=86/281 vista=16/34 al_publicar=152/387
[estado] fase=IDLE cuadros=1005 fallos=25 emitidos=3701 clientes=0 pisados=0 fps=10.0 edad=169 ms conservados=1/1 acopio=0/3 duplicados=0 rechazados=1
[latencia ms promedio/max] lectura=6/10 entrada=57/101 marcadores=23/237 cubos=62/93 proceso=86/295 vista=17/32 al_publicar=143/365
[estado] fase=IDLE cuadros=1051 fallos=25 emitidos=3801 clientes=0 pisados=0 fps=10.0 edad=170 ms conservados=1/1 acopio=0/3 duplicados=0 rechazados=1
[aviso] marcadores vistos que NO son ni esquina ni rover declarado, y por eso se descartan: [37]. Si alguno es un robot de verdad, hay que agregarlo a deteccion_rovers.ids_rover; si no, son detecciones falsas de la cuadrícula.
[latencia ms promedio/max] lectura=5/18 entrada=490/1002 marcadores=10/40 cubos=62/85 proceso=79/114 vista=1023/79026 al_publicar=399/992
[estado] fase=IDLE cuadros=1129 fallos=88 emitidos=4375 clientes=0 pisados=0 fps=1.2 edad=71062 ms conservados=1/1 acopio=0/3 duplicados=0 rechazados=1
[aviso] último problema: solo se ven 0 marcadores de esquina
[latencia ms promedio/max] lectura=4/4 entrada=711/711 marcadores=8/8 vista=40/40
[estado] fase=IDLE cuadros=1130 fallos=89 emitidos=4377 clientes=0 pisados=0 fps=1.2 edad=71116 ms conservados=1/1 acopio=0/3 duplicados=0 rechazados=1
[aviso] último problema: solo se ven 0 marcadores de esquina
[latencia ms promedio/max] lectura=4/4 entrada=766/766 marcadores=8/8 vista=55/55
[estado] fase=IDLE cuadros=1131 fallos=90 emitidos=4378 clientes=0 pisados=0 fps=1.2 edad=71185 ms conservados=1/1 acopio=0/3 duplicados=0 rechazados=1
[aviso] último problema: solo se ven 0 marcadores de esquina
[latencia ms promedio/max] lectura=4/4 entrada=835/835 marcadores=8/8 vista=32/32
[estado] fase=IDLE cuadros=1132 fallos=91 emitidos=4379 clientes=0 pisados=0 fps=1.2 edad=71231 ms conservados=1/1 acopio=0/3 duplicados=0 rechazados=1
[aviso] último problema: solo se ven 0 marcadores de esquina
[latencia ms promedio/max] lectura=4/4 entrada=880/880 marcadores=9/9 vista=24/24
[estado] fase=IDLE cuadros=1133 fallos=92 emitidos=4380 clientes=0 pisados=0 fps=1.2 edad=71270 ms conservados=1/1 acopio=0/3 duplicados=0 rechazados=1
[aviso] último problema: solo se ven 0 marcadores de esquina
[latencia ms promedio/max] lectura=4/4 entrada=920/920 marcadores=8/8 vista=0/0
[estado] fase=IDLE cuadros=1134 fallos=93 emitidos=4380 clientes=0 pisados=0 fps=1.2 edad=71284 ms conservados=1/1 acopio=0/3 duplicados=0 rechazados=1
[aviso] último problema: solo se ven 0 marcadores de esquina
[latencia ms promedio/max] lectura=4/4 entrada=934/934 marcadores=9/9 vista=0/0
[estado] fase=IDLE cuadros=1135 fallos=94 emitidos=4380 clientes=0 pisados=0 fps=1.2 edad=71299 ms conservados=1/1 acopio=0/3 duplicados=0 rechazados=1
[aviso] último problema: solo se ven 0 marcadores de esquina
[latencia ms promedio/max] lectura=4/4 entrada=949/949 marcadores=9/9 vista=0/0
[estado] fase=IDLE cuadros=1136 fallos=95 emitidos=4380 clientes=0 pisados=0 fps=1.2 edad=71314 ms conservados=1/1 acopio=0/3 duplicados=0 rechazados=1
[aviso] último problema: solo se ven 0 marcadores de esquina
[latencia ms promedio/max] lectura=5/5 entrada=965/965 marcadores=9/9 vista=0/0
[estado] fase=IDLE cuadros=1137 fallos=96 emitidos=4381 clientes=0 pisados=0 fps=1.2 edad=71330 ms conservados=1/1 acopio=0/3 duplicados=0 rechazados=1
[aviso] último problema: solo se ven 0 marcadores de esquina
[latencia ms promedio/max] lectura=4/4 entrada=980/980 marcadores=8/8 vista=11/11
[estado] fase=IDLE cuadros=1138 fallos=97 emitidos=4381 clientes=0 pisados=0 fps=1.2 edad=71355 ms conservados=1/1 acopio=0/3 duplicados=0 rechazados=1
[aviso] último problema: solo se ven 0 marcadores de esquina
[latencia ms promedio/max] lectura=4/4 entrada=1005/1005 marcadores=9/9 vista=0/0
[estado] fase=IDLE cuadros=1139 fallos=98 emitidos=4382 clientes=0 pisados=0 fps=1.1 edad=71370 ms conservados=1/1 acopio=0/3 duplicados=0 rechazados=1
[aviso] último problema: solo se ven 0 marcadores de esquina
[fase] se recuperaron las coordenadas tras 70563 ms sin ver la cancha
[latencia ms promedio/max] lectura=4/4 entrada=12/12 marcadores=151/151 cubos=67/67 proceso=219/219 vista=15/15 al_publicar=232/232
[estado] fase=IDLE cuadros=1140 fallos=98 emitidos=4386 clientes=0 pisados=0 fps=1.1 edad=248 ms conservados=1/1 acopio=0/3 duplicados=0 rechazados=1
[latencia ms promedio/max] lectura=4/4 entrada=44/44 marcadores=13/13 cubos=50/50 proceso=64/64 vista=16/16 al_publicar=109/109
[estado] fase=IDLE cuadros=1141 fallos=98 emitidos=4388 clientes=0 pisados=0 fps=1.1 edad=126 ms conservados=1/1 acopio=0/3 duplicados=0 rechazados=1
[latencia ms promedio/max] lectura=4/4 entrada=34/34 marcadores=13/13 cubos=58/58 proceso=71/71 vista=18/18 al_publicar=106/106
[estado] fase=IDLE cuadros=1142 fallos=98 emitidos=4390 clientes=0 pisados=0 fps=1.1 edad=124 ms conservados=1/1 acopio=0/3 duplicados=0 rechazados=1
[latencia ms promedio/max] lectura=4/5 entrada=64/109 marcadores=97/165 cubos=45/59 proceso=143/225 vista=15/25 al_publicar=207/297
[estado] fase=IDLE cuadros=1156 fallos=98 emitidos=4436 clientes=0 pisados=0 fps=1.1 edad=215 ms conservados=1/1 acopio=0/3 duplicados=0 rechazados=1
[aviso] marcadores vistos que NO son ni esquina ni rover declarado, y por eso se descartan: [37]. Si alguno es un robot de verdad, hay que agregarlo a deteccion_rovers.ids_rover; si no, son detecciones falsas de la cuadrícula.
[latencia ms promedio/max] lectura=4/5 entrada=52/112 marcadores=102/152 cubos=39/58 proceso=142/205 vista=12/17 al_publicar=194/276
[estado] fase=IDLE cuadros=1188 fallos=98 emitidos=4536 clientes=0 pisados=0 fps=1.4 edad=245 ms conservados=1/1 acopio=0/3 duplicados=0 rechazados=1
[aviso] marcadores vistos que NO son ni esquina ni rover declarado, y por eso se descartan: [17, 37]. Si alguno es un robot de verdad, hay que agregarlo a deteccion_rovers.ids_rover; si no, son detecciones falsas de la cuadrícula.
[latencia ms promedio/max] lectura=3/6 entrada=54/102 marcadores=56/133 cubos=36/47 proceso=93/180 vista=11/18 al_publicar=147/248
[estado] fase=IDLE cuadros=1234 fallos=98 emitidos=4636 clientes=0 pisados=0 fps=10.0 edad=202 ms conservados=1/1 acopio=0/3 duplicados=0 rechazados=1
[aviso] marcadores vistos que NO son ni esquina ni rover declarado, y por eso se descartan: [17]. Si alguno es un robot de verdad, hay que agregarlo a deteccion_rovers.ids_rover; si no, son detecciones falsas de la cuadrícula.
[latencia ms promedio/max] lectura=3/4 entrada=55/111 marcadores=46/103 cubos=30/38 proceso=77/135 vista=11/131 al_publicar=132/227
[estado] fase=IDLE cuadros=1289 fallos=98 emitidos=4735 clientes=0 pisados=0 fps=10.0 edad=96 ms conservados=1/1 acopio=0/3 duplicados=0 rechazados=1
[aviso] marcadores vistos que NO son ni esquina ni rover declarado, y por eso se descartan: [37]. Si alguno es un robot de verdad, hay que agregarlo a deteccion_rovers.ids_rover; si no, son detecciones falsas de la cuadrícula.
[latencia ms promedio/max] lectura=3/4 entrada=55/108 marcadores=59/105 cubos=29/40 proceso=88/133 vista=9/12 al_publicar=144/235
[estado] fase=IDLE cuadros=1339 fallos=98 emitidos=4836 clientes=0 pisados=0 fps=10.0 edad=137 ms conservados=1/1 acopio=0/3 duplicados=0 rechazados=1
[aviso] marcadores vistos que NO son ni esquina ni rover declarado, y por eso se descartan: [37]. Si alguno es un robot de verdad, hay que agregarlo a deteccion_rovers.ids_rover; si no, son detecciones falsas de la cuadrícula.
[latencia ms promedio/max] lectura=4/7 entrada=43/100 marcadores=71/165 cubos=40/69 proceso=111/233 vista=16/133 al_publicar=155/320
[estado] fase=IDLE cuadros=1377 fallos=98 emitidos=4936 clientes=0 pisados=0 fps=10.0 edad=314 ms conservados=1/1 acopio=0/3 duplicados=0 rechazados=1
[aviso] marcadores vistos que NO son ni esquina ni rover declarado, y por eso se descartan: [17, 37]. Si alguno es un robot de verdad, hay que agregarlo a deteccion_rovers.ids_rover; si no, son detecciones falsas de la cuadrícula.
[latencia ms promedio/max] lectura=4/5 entrada=48/101 marcadores=89/162 cubos=68/73 proceso=157/234 vista=23/28 al_publicar=205/324
[estado] fase=IDLE cuadros=1404 fallos=98 emitidos=5036 clientes=0 pisados=0 fps=10.0 edad=210 ms conservados=1/1 acopio=0/3 duplicados=0 rechazados=1
[aviso] marcadores vistos que NO son ni esquina ni rover declarado, y por eso se descartan: [37]. Si alguno es un robot de verdad, hay que agregarlo a deteccion_rovers.ids_rover; si no, son detecciones falsas de la cuadrícula.
[latencia ms promedio/max] lectura=4/6 entrada=51/101 marcadores=88/161 cubos=66/70 proceso=156/230 vista=24/29 al_publicar=206/326
[estado] fase=IDLE cuadros=1431 fallos=98 emitidos=5135 clientes=0 pisados=0 fps=10.0 edad=260 ms conservados=1/1 acopio=0/3 duplicados=0 rechazados=1
[aviso] marcadores vistos que NO son ni esquina ni rover declarado, y por eso se descartan: [17]. Si alguno es un robot de verdad, hay que agregarlo a deteccion_rovers.ids_rover; si no, son detecciones falsas de la cuadrícula.
[latencia ms promedio/max] lectura=4/5 entrada=44/99 marcadores=63/163 cubos=67/70 proceso=131/231 vista=24/28 al_publicar=175/307
[estado] fase=IDLE cuadros=1463 fallos=98 emitidos=5237 clientes=0 pisados=0 fps=10.0 edad=276 ms conservados=1/1 acopio=0/3 duplicados=0 rechazados=1
[aviso] marcadores vistos que NO son ni esquina ni rover declarado, y por eso se descartan: [17]. Si alguno es un robot de verdad, hay que agregarlo a deteccion_rovers.ids_rover; si no, son detecciones falsas de la cuadrícula.
[latencia ms promedio/max] lectura=4/5 entrada=56/100 marcadores=81/162 cubos=68/70 proceso=149/230 vista=23/25 al_publicar=205/324
[estado] fase=IDLE cuadros=1491 fallos=98 emitidos=5336 clientes=0 pisados=0 fps=10.0 edad=303 ms conservados=1/1 acopio=0/3 duplicados=0 rechazados=1
[latencia ms promedio/max] lectura=4/5 entrada=49/113 marcadores=62/163 cubos=39/71 proceso=102/228 vista=12/26 al_publicar=152/302
[estado] fase=IDLE cuadros=1533 fallos=98 emitidos=5435 clientes=0 pisados=0 fps=10.0 edad=185 ms conservados=1/1 acopio=0/3 duplicados=0 rechazados=1
[aviso] marcadores vistos que NO son ni esquina ni rover declarado, y por eso se descartan: [17]. Si alguno es un robot de verdad, hay que agregarlo a deteccion_rovers.ids_rover; si no, son detecciones falsas de la cuadrícula.
[latencia ms promedio/max] lectura=3/4 entrada=53/108 marcadores=47/96 cubos=30/32 proceso=77/127 vista=9/11 al_publicar=130/224
[estado] fase=IDLE cuadros=1589 fallos=98 emitidos=5535 clientes=0 pisados=0 fps=10.0 edad=70 ms conservados=1/1 acopio=0/3 duplicados=0 rechazados=1
[aviso] marcadores vistos que NO son ni esquina ni rover declarado, y por eso se descartan: [17]. Si alguno es un robot de verdad, hay que agregarlo a deteccion_rovers.ids_rover; si no, son detecciones falsas de la cuadrícula.
[latencia ms promedio/max] lectura=3/5 entrada=52/105 marcadores=63/98 cubos=30/34 proceso=93/132 vista=70/1855 al_publicar=145/220
[estado] fase=IDLE cuadros=1619 fallos=98 emitidos=5635 clientes=0 pisados=0 fps=10.0 edad=179 ms conservados=1/1 acopio=0/3 duplicados=0 rechazados=1
[latencia ms promedio/max] lectura=3/8 entrada=50/101 marcadores=51/99 cubos=29/33 proceso=81/129 vista=9/12 al_publicar=131/213
[estado] fase=IDLE cuadros=1674 fallos=98 emitidos=5737 clientes=0 pisados=0 fps=10.0 edad=172 ms conservados=1/1 acopio=0/3 duplicados=0 rechazados=1
[aviso] marcadores vistos que NO son ni esquina ni rover declarado, y por eso se descartan: [17]. Si alguno es un robot de verdad, hay que agregarlo a deteccion_rovers.ids_rover; si no, son detecciones falsas de la cuadrícula.
[latencia ms promedio/max] lectura=4/9 entrada=55/102 marcadores=66/168 cubos=38/76 proceso=106/237 vista=13/62 al_publicar=160/263
[estado] fase=IDLE cuadros=1715 fallos=98 emitidos=5837 clientes=0 pisados=0 fps=10.0 edad=274 ms conservados=1/1 acopio=0/3 duplicados=0 rechazados=1
[latencia ms promedio/max] lectura=4/4 entrada=58/109 marcadores=103/164 cubos=67/73 proceso=171/232 vista=20/26 al_publicar=229/326
[estado] fase=IDLE cuadros=1741 fallos=98 emitidos=5939 clientes=0 pisados=0 fps=10.0 edad=262 ms conservados=1/1 acopio=0/3 duplicados=0 rechazados=1
[aviso] marcadores vistos que NO son ni esquina ni rover declarado, y por eso se descartan: [37]. Si alguno es un robot de verdad, hay que agregarlo a deteccion_rovers.ids_rover; si no, son detecciones falsas de la cuadrícula.
[latencia ms promedio/max] lectura=4/5 entrada=66/116 marcadores=101/167 cubos=67/77 proceso=169/239 vista=22/28 al_publicar=235/352
[estado] fase=IDLE cuadros=1766 fallos=98 emitidos=6036 clientes=0 pisados=0 fps=10.0 edad=137 ms conservados=1/1 acopio=0/3 duplicados=0 rechazados=1
[aviso] marcadores vistos que NO son ni esquina ni rover declarado, y por eso se descartan: [37]. Si alguno es un robot de verdad, hay que agregarlo a deteccion_rovers.ids_rover; si no, son detecciones falsas de la cuadrícula.
[latencia ms promedio/max] lectura=4/5 entrada=49/105 marcadores=127/165 cubos=68/71 proceso=196/234 vista=22/29 al_publicar=245/320
[estado] fase=IDLE cuadros=1789 fallos=98 emitidos=6139 clientes=0 pisados=0 fps=10.0 edad=262 ms conservados=1/1 acopio=0/3 duplicados=0 rechazados=1
[latencia ms promedio/max] lectura=6/12 entrada=57/109 marcadores=233/326 cubos=102/147 proceso=336/474 vista=27/36 al_publicar=393/539
[estado] fase=IDLE cuadros=1803 fallos=98 emitidos=6242 clientes=0 pisados=0 fps=10.0 edad=545 ms conservados=1/1 acopio=0/3 duplicados=0 rechazados=1
[aviso] marcadores vistos que NO son ni esquina ni rover declarado, y por eso se descartan: [17]. Si alguno es un robot de verdad, hay que agregarlo a deteccion_rovers.ids_rover; si no, son detecciones falsas de la cuadrícula.
[latencia ms promedio/max] lectura=8/9 entrada=43/75 marcadores=218/332 cubos=136/157 proceso=356/466 vista=35/44 al_publicar=400/532
[estado] fase=IDLE cuadros=1815 fallos=98 emitidos=6338 clientes=0 pisados=0 fps=10.0 edad=239 ms conservados=1/1 acopio=0/3 duplicados=0 rechazados=1
[latencia ms promedio/max] lectura=8/10 entrada=59/96 marcadores=186/313 cubos=134/155 proceso=322/468 vista=33/40 al_publicar=382/528
[estado] fase=IDLE cuadros=1829 fallos=98 emitidos=6440 clientes=0 pisados=0 fps=10.0 edad=530 ms conservados=1/1 acopio=0/3 duplicados=0 rechazados=1
[latencia ms promedio/max] lectura=5/9 entrada=70/116 marcadores=98/299 cubos=63/139 proceso=162/435 vista=51/884 al_publicar=231/549
[estado] fase=IDLE cuadros=1855 fallos=98 emitidos=6554 clientes=0 pisados=0 fps=10.0 edad=1106 ms conservados=1/1 acopio=0/3 duplicados=0 rechazados=1
[latencia ms promedio/max] lectura=5/7 entrada=44/96 marcadores=74/182 cubos=48/59 proceso=123/242 vista=13/18 al_publicar=168/281
[estado] fase=IDLE cuadros=1884 fallos=98 emitidos=6636 clientes=0 pisados=0 fps=10.0 edad=102 ms conservados=1/1 acopio=0/3 duplicados=0 rechazados=1
[latencia ms promedio/max] lectura=5/5 entrada=41/108 marcadores=101/163 cubos=46/57 proceso=148/213 vista=13/17 al_publicar=189/250
[estado] fase=IDLE cuadros=1914 fallos=98 emitidos=6735 clientes=0 pisados=0 fps=10.0 edad=256 ms conservados=1/1 acopio=0/3 duplicados=0 rechazados=1
[latencia ms promedio/max] lectura=5/8 entrada=47/114 marcadores=66/174 cubos=46/56 proceso=113/222 vista=13/19 al_publicar=161/298
[estado] fase=IDLE cuadros=1952 fallos=98 emitidos=6835 clientes=0 pisados=0 fps=10.0 edad=269 ms conservados=1/1 acopio=0/3 duplicados=0 rechazados=1
[latencia ms promedio/max] lectura=5/8 entrada=60/111 marcadores=49/170 cubos=49/60 proceso=99/220 vista=14/18 al_publicar=159/301
[estado] fase=IDLE cuadros=1995 fallos=98 emitidos=6936 clientes=0 pisados=0 fps=10.0 edad=227 ms conservados=1/1 acopio=0/3 duplicados=0 rechazados=1
[latencia ms promedio/max] lectura=5/7 entrada=61/113 marcadores=46/170 cubos=51/65 proceso=98/234 vista=14/21 al_publicar=159/298
[estado] fase=IDLE cuadros=2038 fallos=98 emitidos=7037 clientes=0 pisados=0 fps=10.0 edad=271 ms conservados=1/1 acopio=0/3 duplicados=0 rechazados=1
[aviso] marcadores vistos que NO son ni esquina ni rover declarado, y por eso se descartan: [37]. Si alguno es un robot de verdad, hay que agregarlo a deteccion_rovers.ids_rover; si no, son detecciones falsas de la cuadrícula.
[latencia ms promedio/max] lectura=7/38 entrada=56/130 marcadores=60/191 cubos=53/80 proceso=113/254 vista=14/21 al_publicar=170/322
[estado] fase=IDLE cuadros=2075 fallos=98 emitidos=7136 clientes=0 pisados=0 fps=10.0 edad=332 ms conservados=1/1 acopio=0/3 duplicados=0 rechazados=1
[latencia ms promedio/max] lectura=5/7 entrada=44/103 marcadores=40/164 cubos=46/63 proceso=87/216 vista=13/18 al_publicar=132/281
[estado] fase=IDLE cuadros=2123 fallos=98 emitidos=7237 clientes=0 pisados=0 fps=10.0 edad=264 ms conservados=1/1 acopio=0/3 duplicados=0 rechazados=1
[latencia ms promedio/max] lectura=5/7 entrada=50/106 marcadores=93/172 cubos=47/58 proceso=140/218 vista=13/19 al_publicar=191/324
[estado] fase=IDLE cuadros=2155 fallos=98 emitidos=7338 clientes=0 pisados=0 fps=10.0 edad=235 ms conservados=1/1 acopio=0/3 duplicados=0 rechazados=1
[aviso] marcadores vistos que NO son ni esquina ni rover declarado, y por eso se descartan: [17]. Si alguno es un robot de verdad, hay que agregarlo a deteccion_rovers.ids_rover; si no, son detecciones falsas de la cuadrícula.
[latencia ms promedio/max] lectura=4/7 entrada=42/95 marcadores=74/158 cubos=46/52 proceso=120/211 vista=13/18 al_publicar=162/277
[estado] fase=IDLE cuadros=2190 fallos=98 emitidos=7435 clientes=0 pisados=0 fps=10.0 edad=162 ms conservados=1/1 acopio=0/3 duplicados=0 rechazados=1
[aviso] marcadores vistos que NO son ni esquina ni rover declarado, y por eso se descartan: [37]. Si alguno es un robot de verdad, hay que agregarlo a deteccion_rovers.ids_rover; si no, son detecciones falsas de la cuadrícula.
[latencia ms promedio/max] lectura=5/6 entrada=58/101 marcadores=104/179 cubos=49/64 proceso=154/245 vista=14/18 al_publicar=213/315
[estado] fase=IDLE cuadros=2220 fallos=98 emitidos=7538 clientes=0 pisados=0 fps=10.0 edad=250 ms conservados=1/1 acopio=0/3 duplicados=0 rechazados=1
[aviso] marcadores vistos que NO son ni esquina ni rover declarado, y por eso se descartan: [37]. Si alguno es un robot de verdad, hay que agregarlo a deteccion_rovers.ids_rover; si no, son detecciones falsas de la cuadrícula.
[latencia ms promedio/max] lectura=5/6 entrada=58/102 marcadores=119/186 cubos=49/58 proceso=168/236 vista=14/19 al_publicar=226/336
[estado] fase=IDLE cuadros=2246 fallos=98 emitidos=7636 clientes=0 pisados=0 fps=10.0 edad=225 ms conservados=1/1 acopio=0/3 duplicados=0 rechazados=2
[aviso] marcadores rechazados por no ser plausibles: 1 por posición. No pueden ser marcadores de esta cancha: el detector los inventa sobre la cuadrícula del tablero. Ejemplo: ID 17 rechazado por posición, midió 16.5 mm donde se esperaban 0.0, en la celda (45.9, 8.1)
[aviso] marcadores vistos que NO son ni esquina ni rover declarado, y por eso se descartan: [37]. Si alguno es un robot de verdad, hay que agregarlo a deteccion_rovers.ids_rover; si no, son detecciones falsas de la cuadrícula.
[latencia ms promedio/max] lectura=6/8 entrada=41/104 marcadores=111/303 cubos=65/134 proceso=177/438 vista=19/33 al_publicar=219/524
[estado] fase=IDLE cuadros=2272 fallos=98 emitidos=7741 clientes=0 pisados=0 fps=10.0 edad=554 ms conservados=1/1 acopio=0/3 duplicados=0 rechazados=2
[latencia ms promedio/max] lectura=9/9 entrada=55/89 marcadores=237/329 cubos=126/137 proceso=364/467 vista=32/37 al_publicar=420/554
[estado] fase=IDLE cuadros=2284 fallos=98 emitidos=7838 clientes=0 pisados=0 fps=10.0 edad=519 ms conservados=1/1 acopio=0/3 duplicados=0 rechazados=2
[latencia ms promedio/max] lectura=8/9 entrada=57/106 marcadores=64/294 cubos=124/131 proceso=189/419 vista=30/39 al_publicar=247/466
[estado] fase=IDLE cuadros=2306 fallos=98 emitidos=7938 clientes=0 pisados=0 fps=10.0 edad=234 ms conservados=1/1 acopio=0/3 duplicados=0 rechazados=2
[latencia ms promedio/max] lectura=9/14 entrada=70/110 marcadores=137/331 cubos=132/151 proceso=270/483 vista=32/40 al_publicar=340/568
[estado] fase=IDLE cuadros=2322 fallos=98 emitidos=8038 clientes=0 pisados=0 fps=10.0 edad=323 ms conservados=1/1 acopio=0/3 duplicados=0 rechazados=2
[latencia ms promedio/max] lectura=8/9 entrada=60/116 marcadores=107/325 cubos=135/144 proceso=244/462 vista=33/40 al_publicar=304/574
[estado] fase=IDLE cuadros=2340 fallos=98 emitidos=8141 clientes=0 pisados=0 fps=10.0 edad=554 ms conservados=1/1 acopio=0/3 duplicados=0 rechazados=2
[latencia ms promedio/max] lectura=9/11 entrada=64/89 marcadores=107/321 cubos=132/143 proceso=241/461 vista=33/41 al_publicar=305/533
[estado] fase=IDLE cuadros=2358 fallos=98 emitidos=8243 clientes=0 pisados=0 fps=10.0 edad=558 ms conservados=1/1 acopio=0/3 duplicados=0 rechazados=2
[latencia ms promedio/max] lectura=9/11 entrada=52/103 marcadores=54/303 cubos=128/143 proceso=183/428 vista=33/42 al_publicar=235/486
[estado] fase=IDLE cuadros=2379 fallos=98 emitidos=8337 clientes=0 pisados=0 fps=10.0 edad=282 ms conservados=1/1 acopio=0/3 duplicados=0 rechazados=3
[aviso] marcadores rechazados por no ser plausibles: 1 por posición. No pueden ser marcadores de esta cancha: el detector los inventa sobre la cuadrícula del tablero. Ejemplo: ID 17 rechazado por posición, midió 16.5 mm donde se esperaban 0.0, en la celda (45.9, 8.1)
[latencia ms promedio/max] lectura=8/12 entrada=71/105 marcadores=27/30 cubos=126/140 proceso=154/170 vista=32/40 al_publicar=225/258
[estado] fase=IDLE cuadros=2404 fallos=98 emitidos=8435 clientes=0 pisados=0 fps=10.0 edad=260 ms conservados=1/1 acopio=0/3 duplicados=0 rechazados=3
[latencia ms promedio/max] lectura=9/12 entrada=67/93 marcadores=29/31 cubos=127/149 proceso=157/180 vista=33/42 al_publicar=224/247
[estado] fase=IDLE cuadros=2430 fallos=98 emitidos=8538 clientes=0 pisados=0 fps=10.0 edad=234 ms conservados=1/1 acopio=0/3 duplicados=0 rechazados=3
[latencia ms promedio/max] lectura=5/13 entrada=55/116 marcadores=14/30 cubos=52/157 proceso=67/189 vista=13/42 al_publicar=123/264
[estado] fase=IDLE cuadros=2487 fallos=98 emitidos=8636 clientes=0 pisados=0 fps=10.0 edad=114 ms conservados=1/1 acopio=0/3 duplicados=0 rechazados=3
[latencia ms promedio/max] lectura=5/7 entrada=59/111 marcadores=14/19 cubos=51/66 proceso=66/83 vista=15/19 al_publicar=125/181
[estado] fase=IDLE cuadros=2545 fallos=98 emitidos=8736 clientes=0 pisados=0 fps=10.0 edad=134 ms conservados=1/1 acopio=0/3 duplicados=0 rechazados=3
[latencia ms promedio/max] lectura=5/6 entrada=55/116 marcadores=14/18 cubos=49/61 proceso=63/77 vista=14/20 al_publicar=119/173
[estado] fase=IDLE cuadros=2605 fallos=98 emitidos=8835 clientes=0 pisados=0 fps=10.0 edad=159 ms conservados=1/1 acopio=0/3 duplicados=0 rechazados=3
[latencia ms promedio/max] lectura=5/6 entrada=52/113 marcadores=21/166 cubos=49/60 proceso=70/214 vista=14/18 al_publicar=122/271
[estado] fase=IDLE cuadros=2662 fallos=98 emitidos=8936 clientes=0 pisados=0 fps=10.0 edad=128 ms conservados=1/1 acopio=0/3 duplicados=0 rechazados=3
[latencia ms promedio/max] lectura=5/7 entrada=57/100 marcadores=14/18 cubos=49/61 proceso=64/74 vista=56/1676 al_publicar=121/165
[estado] fase=IDLE cuadros=2702 fallos=98 emitidos=9036 clientes=0 pisados=0 fps=10.0 edad=120 ms conservados=1/1 acopio=0/3 duplicados=0 rechazados=3
[latencia ms promedio/max] lectura=5/15 entrada=56/107 marcadores=15/31 cubos=49/79 proceso=65/99 vista=13/41 al_publicar=120/190
[estado] fase=IDLE cuadros=2761 fallos=98 emitidos=9135 clientes=0 pisados=0 fps=10.0 edad=158 ms conservados=1/1 acopio=0/3 duplicados=0 rechazados=3
[latencia ms promedio/max] lectura=5/7 entrada=55/110 marcadores=14/18 cubos=48/64 proceso=62/82 vista=13/19 al_publicar=117/174
[estado] fase=IDLE cuadros=2824 fallos=98 emitidos=9236 clientes=0 pisados=0 fps=10.0 edad=115 ms conservados=1/1 acopio=0/3 duplicados=0 rechazados=3
[latencia ms promedio/max] lectura=5/6 entrada=48/101 marcadores=13/17 cubos=48/63 proceso=62/80 vista=13/19 al_publicar=110/172
[estado] fase=IDLE cuadros=2886 fallos=98 emitidos=9335 clientes=0 pisados=0 fps=10.0 edad=101 ms conservados=1/1 acopio=0/3 duplicados=0 rechazados=3
[latencia ms promedio/max] lectura=5/7 entrada=56/114 marcadores=14/18 cubos=48/61 proceso=62/80 vista=13/18 al_publicar=118/180
[estado] fase=IDLE cuadros=2948 fallos=98 emitidos=9435 clientes=0 pisados=0 fps=10.0 edad=176 ms conservados=1/1 acopio=0/3 duplicados=0 rechazados=3
[latencia ms promedio/max] lectura=5/7 entrada=59/112 marcadores=14/18 cubos=48/57 proceso=62/72 vista=13/19 al_publicar=121/181
[estado] fase=IDLE cuadros=3010 fallos=98 emitidos=9535 clientes=0 pisados=0 fps=10.0 edad=159 ms conservados=1/1 acopio=0/3 duplicados=0 rechazados=3
[latencia ms promedio/max] lectura=5/7 entrada=56/112 marcadores=14/18 cubos=47/61 proceso=61/79 vista=13/18 al_publicar=117/170
[estado] fase=IDLE cuadros=3073 fallos=98 emitidos=9635 clientes=0 pisados=0 fps=10.0 edad=154 ms conservados=1/1 acopio=0/3 duplicados=0 rechazados=3
[latencia ms promedio/max] lectura=6/13 entrada=53/114 marcadores=17/144 cubos=53/87 proceso=71/195 vista=14/24 al_publicar=124/264
[estado] fase=IDLE cuadros=3128 fallos=98 emitidos=9735 clientes=0 pisados=0 fps=10.0 edad=152 ms conservados=1/1 acopio=0/3 duplicados=0 rechazados=3
[latencia ms promedio/max] lectura=5/6 entrada=52/109 marcadores=13/17 cubos=47/60 proceso=61/78 vista=12/19 al_publicar=113/175
[estado] fase=IDLE cuadros=3193 fallos=98 emitidos=9836 clientes=0 pisados=0 fps=10.0 edad=93 ms conservados=1/1 acopio=0/3 duplicados=0 rechazados=3
[latencia ms promedio/max] lectura=5/7 entrada=57/111 marcadores=20/149 cubos=47/60 proceso=68/209 vista=12/18 al_publicar=125/266
[estado] fase=IDLE cuadros=3252 fallos=98 emitidos=9935 clientes=0 pisados=0 fps=10.0 edad=100 ms conservados=1/1 acopio=0/3 duplicados=0 rechazados=3
[latencia ms promedio/max] lectura=5/6 entrada=49/105 marcadores=15/152 cubos=47/62 proceso=62/196 vista=12/18 al_publicar=111/225
[estado] fase=IDLE cuadros=3315 fallos=98 emitidos=10036 clientes=0 pisados=0 fps=10.0 edad=96 ms conservados=1/1 acopio=0/3 duplicados=0 rechazados=3
[latencia ms promedio/max] lectura=5/6 entrada=48/96 marcadores=44/187 cubos=46/60 proceso=91/229 vista=13/18 al_publicar=139/287
[estado] fase=IDLE cuadros=3361 fallos=98 emitidos=10136 clientes=0 pisados=0 fps=10.0 edad=99 ms conservados=1/1 acopio=0/3 duplicados=0 rechazados=3
[latencia ms promedio/max] lectura=5/7 entrada=57/103 marcadores=19/171 cubos=49/62 proceso=68/232 vista=14/19 al_publicar=126/315
[estado] fase=IDLE cuadros=3418 fallos=98 emitidos=10235 clientes=0 pisados=0 fps=10.0 edad=154 ms conservados=1/1 acopio=0/3 duplicados=0 rechazados=3
[latencia ms promedio/max] lectura=5/9 entrada=53/115 marcadores=47/171 cubos=50/78 proceso=97/234 vista=15/56 al_publicar=151/298
[estado] fase=IDLE cuadros=3461 fallos=98 emitidos=10336 clientes=0 pisados=0 fps=10.0 edad=130 ms conservados=1/1 acopio=0/3 duplicados=0 rechazados=3
[latencia ms promedio/max] lectura=5/18 entrada=52/115 marcadores=28/160 cubos=50/88 proceso=78/230 vista=14/26 al_publicar=130/283
[estado] fase=IDLE cuadros=3512 fallos=98 emitidos=10435 clientes=0 pisados=0 fps=10.0 edad=158 ms conservados=1/1 acopio=0/3 duplicados=0 rechazados=3
[aviso] marcadores vistos que NO son ni esquina ni rover declarado, y por eso se descartan: [28]. Si alguno es un robot de verdad, hay que agregarlo a deteccion_rovers.ids_rover; si no, son detecciones falsas de la cuadrícula.
[latencia ms promedio/max] lectura=5/7 entrada=59/113 marcadores=19/165 cubos=49/62 proceso=68/213 vista=14/18 al_publicar=128/267
[estado] fase=IDLE cuadros=3570 fallos=98 emitidos=10536 clientes=0 pisados=0 fps=10.0 edad=125 ms conservados=1/1 acopio=0/3 duplicados=0 rechazados=3
[aviso] marcadores vistos que NO son ni esquina ni rover declarado, y por eso se descartan: [37]. Si alguno es un robot de verdad, hay que agregarlo a deteccion_rovers.ids_rover; si no, son detecciones falsas de la cuadrícula.
[latencia ms promedio/max] lectura=5/6 entrada=53/101 marcadores=16/187 cubos=47/60 proceso=64/243 vista=14/18 al_publicar=117/278
[estado] fase=IDLE cuadros=3630 fallos=98 emitidos=10635 clientes=0 pisados=0 fps=10.0 edad=167 ms conservados=1/1 acopio=0/3 duplicados=0 rechazados=3
[latencia ms promedio/max] lectura=5/7 entrada=59/117 marcadores=28/190 cubos=48/62 proceso=76/241 vista=13/18 al_publicar=135/288
[estado] fase=IDLE cuadros=3684 fallos=98 emitidos=10737 clientes=0 pisados=0 fps=10.0 edad=283 ms conservados=1/1 acopio=0/3 duplicados=0 rechazados=3
[latencia ms promedio/max] lectura=6/10 entrada=56/99 marcadores=49/329 cubos=72/157 proceso=122/485 vista=23/130 al_publicar=179/516
[estado] fase=IDLE cuadros=3717 fallos=98 emitidos=10837 clientes=0 pisados=0 fps=10.0 edad=281 ms conservados=1/1 acopio=0/3 duplicados=0 rechazados=3
[latencia ms promedio/max] lectura=9/10 entrada=51/115 marcadores=67/310 cubos=124/147 proceso=192/418 vista=35/43 al_publicar=243/493
[estado] fase=IDLE cuadros=3738 fallos=98 emitidos=10937 clientes=0 pisados=0 fps=10.0 edad=256 ms conservados=1/1 acopio=0/3 duplicados=0 rechazados=3
[cliente] conectado 127.0.0.1:54420
[cliente] desconectado 127.0.0.1:54420 (enviados=2 pisados=0)
[latencia ms promedio/max] lectura=8/9 entrada=58/104 marcadores=39/309 cubos=132/148 proceso=173/455 vista=32/40 al_publicar=231/536
[estado] fase=IDLE cuadros=3761 fallos=98 emitidos=11035 clientes=0 pisados=0 fps=10.0 edad=257 ms conservados=1/1 acopio=0/3 duplicados=0 rechazados=3
[latencia ms promedio/max] lectura=9/12 entrada=57/104 marcadores=29/30 cubos=132/146 proceso=162/178 vista=33/41 al_publicar=219/277
[estado] fase=IDLE cuadros=3786 fallos=98 emitidos=11137 clientes=0 pisados=0 fps=10.0 edad=261 ms conservados=1/1 acopio=0/3 duplicados=0 rechazados=3
[latencia ms promedio/max] lectura=9/11 entrada=55/103 marcadores=28/31 cubos=131/147 proceso=161/178 vista=33/40 al_publicar=216/261
[estado] fase=IDLE cuadros=3811 fallos=98 emitidos=11238 clientes=0 pisados=0 fps=10.0 edad=237 ms conservados=1/1 acopio=0/3 duplicados=0 rechazados=3
[latencia ms promedio/max] lectura=9/13 entrada=65/105 marcadores=28/30 cubos=125/141 proceso=155/171 vista=34/40 al_publicar=220/277
[estado] fase=IDLE cuadros=3836 fallos=98 emitidos=11338 clientes=0 pisados=0 fps=10.0 edad=209 ms conservados=1/1 acopio=0/3 duplicados=0 rechazados=3
[latencia ms promedio/max] lectura=9/12 entrada=64/104 marcadores=28/30 cubos=126/141 proceso=155/172 vista=33/42 al_publicar=220/259
[estado] fase=IDLE cuadros=3861 fallos=98 emitidos=11436 clientes=0 pisados=0 fps=10.0 edad=233 ms conservados=1/1 acopio=0/3 duplicados=0 rechazados=3
[latencia ms promedio/max] lectura=9/11 entrada=46/105 marcadores=28/30 cubos=129/140 proceso=159/171 vista=34/41 al_publicar=205/259
[estado] fase=IDLE cuadros=3886 fallos=98 emitidos=11537 clientes=0 pisados=0 fps=10.0 edad=285 ms conservados=1/1 acopio=0/3 duplicados=0 rechazados=3
[latencia ms promedio/max] lectura=9/9 entrada=61/100 marcadores=28/30 cubos=130/152 proceso=160/183 vista=32/41 al_publicar=221/271
[estado] fase=IDLE cuadros=3911 fallos=98 emitidos=11638 clientes=0 pisados=0 fps=10.0 edad=217 ms conservados=1/1 acopio=0/3 duplicados=0 rechazados=3
[cliente] conectado 127.0.0.1:51658
[cliente] desconectado 127.0.0.1:51658 (enviados=2 pisados=0)
[cliente] conectado 127.0.0.1:51660
[latencia ms promedio/max] lectura=8/10 entrada=52/118 marcadores=26/29 cubos=133/168 proceso=161/196 vista=31/38 al_publicar=213/291
[estado] fase=IDLE cuadros=3936 fallos=98 emitidos=11738 clientes=1 pisados=0 fps=10.0 edad=220 ms conservados=1/1 acopio=0/3 duplicados=0 rechazados=3
[latencia ms promedio/max] lectura=8/10 entrada=40/106 marcadores=25/28 cubos=122/159 proceso=148/186 vista=30/40 al_publicar=189/241
[estado] fase=IDLE cuadros=3962 fallos=98 emitidos=11835 clientes=1 pisados=0 fps=10.0 edad=264 ms conservados=1/1 acopio=0/3 duplicados=0 rechazados=3
[cliente] desconectado 127.0.0.1:51660 (enviados=138 pisados=0)
[latencia ms promedio/max] lectura=8/9 entrada=51/103 marcadores=25/30 cubos=105/139 proceso=131/171 vista=27/38 al_publicar=182/255
[estado] fase=IDLE cuadros=3992 fallos=98 emitidos=11935 clientes=0 pisados=0 fps=10.0 edad=258 ms conservados=1/1 acopio=0/3 duplicados=0 rechazados=3
[latencia ms promedio/max] lectura=8/11 entrada=50/99 marcadores=27/29 cubos=125/149 proceso=153/178 vista=31/40 al_publicar=203/256
[estado] fase=IDLE cuadros=4018 fallos=98 emitidos=12035 clientes=0 pisados=0 fps=10.0 edad=172 ms conservados=1/1 acopio=0/3 duplicados=0 rechazados=3
[latencia ms promedio/max] lectura=8/10 entrada=62/115 marcadores=25/29 cubos=112/135 proceso=138/165 vista=30/41 al_publicar=201/261
[estado] fase=IDLE cuadros=4047 fallos=98 emitidos=12137 clientes=0 pisados=0 fps=10.0 edad=181 ms conservados=1/1 acopio=0/3 duplicados=0 rechazados=3
[latencia ms promedio/max] lectura=8/13 entrada=57/109 marcadores=24/29 cubos=110/135 proceso=135/160 vista=29/41 al_publicar=192/243
[estado] fase=IDLE cuadros=4076 fallos=98 emitidos=12237 clientes=0 pisados=0 fps=10.0 edad=253 ms conservados=1/1 acopio=0/3 duplicados=0 rechazados=3
[latencia ms promedio/max] lectura=8/12 entrada=61/118 marcadores=59/319 cubos=111/136 proceso=172/434 vista=28/40 al_publicar=233/506
[estado] fase=IDLE cuadros=4100 fallos=98 emitidos=12337 clientes=0 pisados=0 fps=10.0 edad=168 ms conservados=1/1 acopio=0/3 duplicados=0 rechazados=3
[latencia ms promedio/max] lectura=8/10 entrada=54/105 marcadores=26/31 cubos=113/155 proceso=141/185 vista=32/44 al_publicar=195/289
[estado] fase=IDLE cuadros=4128 fallos=98 emitidos=12438 clientes=0 pisados=0 fps=10.0 edad=214 ms conservados=1/1 acopio=0/3 duplicados=0 rechazados=3
[latencia ms promedio/max] lectura=8/14 entrada=55/96 marcadores=27/32 cubos=122/151 proceso=151/182 vista=30/40 al_publicar=206/264
[estado] fase=IDLE cuadros=4154 fallos=98 emitidos=12537 clientes=0 pisados=0 fps=10.0 edad=254 ms conservados=1/1 acopio=0/3 duplicados=0 rechazados=3
[latencia ms promedio/max] lectura=8/9 entrada=63/117 marcadores=28/31 cubos=133/144 proceso=162/175 vista=35/44 al_publicar=225/280
[estado] fase=IDLE cuadros=4178 fallos=98 emitidos=12635 clientes=0 pisados=0 fps=10.0 edad=295 ms conservados=1/1 acopio=0/3 duplicados=0 rechazados=3
[latencia ms promedio/max] lectura=8/9 entrada=62/103 marcadores=26/29 cubos=130/153 proceso=158/183 vista=30/44 al_publicar=220/268
[estado] fase=IDLE cuadros=4204 fallos=98 emitidos=12738 clientes=0 pisados=0 fps=10.0 edad=204 ms conservados=1/1 acopio=0/3 duplicados=0 rechazados=3
[latencia ms promedio/max] lectura=5/10 entrada=50/102 marcadores=13/30 cubos=49/145 proceso=63/176 vista=12/33 al_publicar=112/279
[estado] fase=IDLE cuadros=4266 fallos=98 emitidos=12836 clientes=0 pisados=0 fps=10.0 edad=125 ms conservados=1/1 acopio=0/3 duplicados=0 rechazados=3
[latencia ms promedio/max] lectura=8/11 entrada=73/118 marcadores=26/31 cubos=130/146 proceso=158/172 vista=32/40 al_publicar=231/290
[estado] fase=IDLE cuadros=4291 fallos=98 emitidos=12935 clientes=0 pisados=0 fps=10.0 edad=286 ms conservados=1/1 acopio=0/3 duplicados=0 rechazados=3
[latencia ms promedio/max] lectura=8/9 entrada=62/116 marcadores=27/30 cubos=130/152 proceso=159/182 vista=33/41 al_publicar=221/276
[estado] fase=IDLE cuadros=4316 fallos=98 emitidos=13035 clientes=0 pisados=0 fps=10.0 edad=297 ms conservados=1/1 acopio=0/3 duplicados=0 rechazados=3
[latencia ms promedio/max] lectura=8/9 entrada=72/112 marcadores=27/31 cubos=133/155 proceso=161/186 vista=35/43 al_publicar=234/283
[estado] fase=IDLE cuadros=4341 fallos=98 emitidos=13138 clientes=0 pisados=0 fps=10.0 edad=207 ms conservados=1/1 acopio=0/3 duplicados=0 rechazados=3
[latencia ms promedio/max] lectura=8/10 entrada=56/103 marcadores=39/301 cubos=131/145 proceso=172/433 vista=33/44 al_publicar=228/535
[estado] fase=IDLE cuadros=4364 fallos=98 emitidos=13236 clientes=0 pisados=0 fps=10.0 edad=197 ms conservados=1/1 acopio=0/3 duplicados=0 rechazados=3
[latencia ms promedio/max] lectura=8/9 entrada=63/111 marcadores=56/315 cubos=112/156 proceso=170/436 vista=30/38 al_publicar=234/450
[estado] fase=IDLE cuadros=4388 fallos=98 emitidos=13336 clientes=0 pisados=0 fps=10.0 edad=304 ms conservados=1/1 acopio=0/3 duplicados=0 rechazados=3
[latencia ms promedio/max] lectura=8/13 entrada=50/101 marcadores=38/324 cubos=122/147 proceso=161/469 vista=32/39 al_publicar=212/479
[estado] fase=IDLE cuadros=4413 fallos=98 emitidos=13437 clientes=0 pisados=0 fps=10.0 edad=240 ms conservados=1/1 acopio=0/3 duplicados=0 rechazados=3
[latencia ms promedio/max] lectura=8/11 entrada=55/103 marcadores=26/31 cubos=111/142 proceso=138/172 vista=30/40 al_publicar=193/244
[estado] fase=IDLE cuadros=4441 fallos=98 emitidos=13535 clientes=0 pisados=0 fps=10.0 edad=284 ms conservados=1/1 acopio=0/3 duplicados=0 rechazados=3
[latencia ms promedio/max] lectura=8/10 entrada=54/113 marcadores=25/28 cubos=110/133 proceso=137/161 vista=29/40 al_publicar=192/274
[estado] fase=IDLE cuadros=4470 fallos=98 emitidos=13636 clientes=0 pisados=0 fps=10.0 edad=230 ms conservados=1/1 acopio=0/3 duplicados=0 rechazados=3
[latencia ms promedio/max] lectura=8/11 entrada=58/117 marcadores=24/31 cubos=105/138 proceso=130/160 vista=29/39 al_publicar=188/247
[estado] fase=IDLE cuadros=4500 fallos=98 emitidos=13737 clientes=0 pisados=0 fps=10.0 edad=250 ms conservados=1/1 acopio=0/3 duplicados=0 rechazados=3
[latencia ms promedio/max] lectura=8/13 entrada=57/114 marcadores=24/29 cubos=108/149 proceso=133/179 vista=29/39 al_publicar=190/246
[estado] fase=IDLE cuadros=4530 fallos=98 emitidos=13839 clientes=0 pisados=0 fps=10.0 edad=257 ms conservados=1/1 acopio=0/3 duplicados=0 rechazados=3
[latencia ms promedio/max] lectura=8/14 entrada=56/103 marcadores=25/30 cubos=110/136 proceso=136/164 vista=28/40 al_publicar=192/250
[estado] fase=IDLE cuadros=4558 fallos=98 emitidos=13936 clientes=0 pisados=0 fps=10.0 edad=201 ms conservados=1/1 acopio=0/3 duplicados=0 rechazados=3
[latencia ms promedio/max] lectura=8/9 entrada=69/114 marcadores=25/29 cubos=115/146 proceso=141/177 vista=30/39 al_publicar=210/269
[estado] fase=IDLE cuadros=4586 fallos=98 emitidos=14036 clientes=0 pisados=0 fps=10.0 edad=310 ms conservados=1/1 acopio=0/3 duplicados=0 rechazados=3
[latencia ms promedio/max] lectura=8/14 entrada=55/119 marcadores=24/31 cubos=109/142 proceso=135/171 vista=28/36 al_publicar=190/273
[estado] fase=IDLE cuadros=4615 fallos=98 emitidos=14135 clientes=0 pisados=0 fps=10.0 edad=266 ms conservados=1/1 acopio=0/3 duplicados=0 rechazados=3
[latencia ms promedio/max] lectura=8/10 entrada=57/117 marcadores=26/29 cubos=125/141 proceso=152/171 vista=32/43 al_publicar=210/277
[estado] fase=IDLE cuadros=4641 fallos=98 emitidos=14235 clientes=0 pisados=0 fps=10.0 edad=293 ms conservados=1/1 acopio=0/3 duplicados=0 rechazados=3
[latencia ms promedio/max] lectura=8/13 entrada=54/105 marcadores=25/29 cubos=104/132 proceso=130/160 vista=27/34 al_publicar=184/261
[estado] fase=IDLE cuadros=4671 fallos=98 emitidos=14335 clientes=0 pisados=0 fps=10.0 edad=154 ms conservados=1/1 acopio=0/3 duplicados=0 rechazados=3
[latencia ms promedio/max] lectura=9/12 entrada=58/101 marcadores=24/29 cubos=104/132 proceso=130/160 vista=29/37 al_publicar=188/245
[estado] fase=IDLE cuadros=4701 fallos=98 emitidos=14435 clientes=0 pisados=0 fps=10.0 edad=283 ms conservados=1/1 acopio=0/3 duplicados=0 rechazados=3
[latencia ms promedio/max] lectura=9/10 entrada=63/118 marcadores=28/32 cubos=130/150 proceso=160/180 vista=33/43 al_publicar=223/296
[estado] fase=IDLE cuadros=4726 fallos=98 emitidos=14536 clientes=0 pisados=0 fps=10.0 edad=235 ms conservados=1/1 acopio=0/3 duplicados=0 rechazados=3
[latencia ms promedio/max] lectura=9/12 entrada=57/117 marcadores=28/31 cubos=124/145 proceso=154/174 vista=34/41 al_publicar=211/260
[estado] fase=IDLE cuadros=4751 fallos=98 emitidos=14635 clientes=0 pisados=0 fps=10.0 edad=274 ms conservados=1/1 acopio=0/3 duplicados=0 rechazados=3
[latencia ms promedio/max] lectura=9/11 entrada=67/103 marcadores=28/31 cubos=124/145 proceso=153/175 vista=32/39 al_publicar=221/273
[estado] fase=IDLE cuadros=4777 fallos=98 emitidos=14736 clientes=0 pisados=0 fps=10.0 edad=232 ms conservados=1/1 acopio=0/3 duplicados=0 rechazados=3
[latencia ms promedio/max] lectura=8/11 entrada=50/117 marcadores=28/31 cubos=122/143 proceso=151/174 vista=31/39 al_publicar=202/278
[estado] fase=IDLE cuadros=4803 fallos=98 emitidos=14836 clientes=0 pisados=0 fps=10.0 edad=312 ms conservados=1/1 acopio=0/3 duplicados=0 rechazados=3
[latencia ms promedio/max] lectura=9/12 entrada=55/107 marcadores=28/31 cubos=118/132 proceso=148/161 vista=32/38 al_publicar=203/259
[estado] fase=IDLE cuadros=4830 fallos=98 emitidos=14937 clientes=0 pisados=0 fps=10.0 edad=285 ms conservados=1/1 acopio=0/3 duplicados=0 rechazados=3
[latencia ms promedio/max] lectura=9/14 entrada=65/117 marcadores=27/30 cubos=116/125 proceso=145/155 vista=31/40 al_publicar=210/268
[estado] fase=IDLE cuadros=4857 fallos=98 emitidos=15037 clientes=0 pisados=0 fps=10.0 edad=281 ms conservados=1/1 acopio=0/3 duplicados=0 rechazados=3
[latencia ms promedio/max] lectura=9/11 entrada=72/119 marcadores=28/34 cubos=119/140 proceso=149/173 vista=31/38 al_publicar=221/288
[estado] fase=IDLE cuadros=4883 fallos=98 emitidos=15136 clientes=0 pisados=0 fps=10.0 edad=209 ms conservados=1/1 acopio=0/3 duplicados=0 rechazados=3
[latencia ms promedio/max] lectura=9/11 entrada=57/121 marcadores=28/30 cubos=122/148 proceso=151/178 vista=32/39 al_publicar=208/283
[estado] fase=IDLE cuadros=4909 fallos=98 emitidos=15236 clientes=0 pisados=0 fps=10.0 edad=318 ms conservados=1/1 acopio=0/3 duplicados=0 rechazados=3
[cliente] conectado 127.0.0.1:51974
[cliente] desconectado 127.0.0.1:51974 (enviados=2 pisados=0)
[latencia ms promedio/max] lectura=9/11 entrada=54/102 marcadores=28/30 cubos=128/156 proceso=157/187 vista=33/39 al_publicar=211/271
[estado] fase=IDLE cuadros=4934 fallos=98 emitidos=15336 clientes=0 pisados=0 fps=10.0 edad=214 ms conservados=1/1 acopio=0/3 duplicados=0 rechazados=3
[latencia ms promedio/max] lectura=8/10 entrada=51/102 marcadores=28/29 cubos=118/153 proceso=147/183 vista=32/38 al_publicar=199/250
[estado] fase=IDLE cuadros=4961 fallos=98 emitidos=15437 clientes=0 pisados=0 fps=10.0 edad=270 ms conservados=1/1 acopio=0/3 duplicados=0 rechazados=3
[latencia ms promedio/max] lectura=8/9 entrada=59/103 marcadores=28/30 cubos=124/153 proceso=153/183 vista=32/42 al_publicar=213/287
[estado] fase=IDLE cuadros=4987 fallos=98 emitidos=15538 clientes=0 pisados=0 fps=10.0 edad=233 ms conservados=1/1 acopio=0/3 duplicados=0 rechazados=3
[latencia ms promedio/max] lectura=8/10 entrada=64/120 marcadores=27/35 cubos=121/137 proceso=150/168 vista=31/43 al_publicar=214/264
[estado] fase=IDLE cuadros=5013 fallos=98 emitidos=15637 clientes=0 pisados=0 fps=10.0 edad=241 ms conservados=1/1 acopio=0/3 duplicados=0 rechazados=3
[latencia ms promedio/max] lectura=9/11 entrada=52/108 marcadores=28/30 cubos=126/146 proceso=155/175 vista=30/38 al_publicar=207/256
[estado] fase=IDLE cuadros=5039 fallos=98 emitidos=15738 clientes=0 pisados=0 fps=10.0 edad=200 ms conservados=1/1 acopio=0/3 duplicados=0 rechazados=3
[latencia ms promedio/max] lectura=9/10 entrada=64/105 marcadores=28/30 cubos=120/143 proceso=149/172 vista=32/43 al_publicar=214/266
[estado] fase=IDLE cuadros=5065 fallos=98 emitidos=15837 clientes=0 pisados=0 fps=10.0 edad=242 ms conservados=1/1 acopio=0/3 duplicados=0 rechazados=3
[latencia ms promedio/max] lectura=9/12 entrada=58/106 marcadores=27/31 cubos=122/143 proceso=151/170 vista=32/43 al_publicar=209/255
[estado] fase=IDLE cuadros=5091 fallos=98 emitidos=15937 clientes=0 pisados=0 fps=10.0 edad=250 ms conservados=1/1 acopio=0/3 duplicados=0 rechazados=3
[latencia ms promedio/max] lectura=7/13 entrada=62/109 marcadores=23/30 cubos=105/143 proceso=129/174 vista=30/41 al_publicar=191/277
[estado] fase=IDLE cuadros=5121 fallos=98 emitidos=16036 clientes=0 pisados=0 fps=10.0 edad=116 ms conservados=1/1 acopio=0/3 duplicados=0 rechazados=3
[latencia ms promedio/max] lectura=6/10 entrada=60/114 marcadores=20/29 cubos=88/127 proceso=109/157 vista=26/41 al_publicar=169/259
[estado] fase=IDLE cuadros=5157 fallos=98 emitidos=16137 clientes=0 pisados=0 fps=10.0 edad=278 ms conservados=1/1 acopio=0/3 duplicados=0 rechazados=3
[latencia ms promedio/max] lectura=8/11 entrada=67/118 marcadores=27/30 cubos=125/135 proceso=153/166 vista=30/38 al_publicar=221/275
[estado] fase=IDLE cuadros=5183 fallos=98 emitidos=16237 clientes=0 pisados=0 fps=10.0 edad=256 ms conservados=1/1 acopio=0/3 duplicados=0 rechazados=3
[latencia ms promedio/max] lectura=9/10 entrada=68/115 marcadores=28/32 cubos=137/155 proceso=167/188 vista=33/43 al_publicar=235/293
[estado] fase=IDLE cuadros=5207 fallos=98 emitidos=16338 clientes=0 pisados=0 fps=10.0 edad=291 ms conservados=1/1 acopio=0/3 duplicados=0 rechazados=3
[latencia ms promedio/max] lectura=9/10 entrada=57/105 marcadores=28/31 cubos=137/167 proceso=167/196 vista=34/42 al_publicar=224/297
[estado] fase=IDLE cuadros=5231 fallos=98 emitidos=16438 clientes=0 pisados=0 fps=10.0 edad=230 ms conservados=1/1 acopio=0/3 duplicados=0 rechazados=3
[latencia ms promedio/max] lectura=5/9 entrada=56/114 marcadores=16/30 cubos=73/143 proceso=89/173 vista=24/38 al_publicar=146/251
[estado] fase=IDLE cuadros=5272 fallos=98 emitidos=16536 clientes=0 pisados=0 fps=10.0 edad=114 ms conservados=1/1 acopio=0/3 duplicados=0 rechazados=3
[latencia ms promedio/max] lectura=8/9 entrada=62/121 marcadores=27/29 cubos=133/145 proceso=161/176 vista=35/46 al_publicar=223/279
[estado] fase=IDLE cuadros=5297 fallos=98 emitidos=16638 clientes=0 pisados=0 fps=10.0 edad=226 ms conservados=1/1 acopio=0/3 duplicados=0 rechazados=3
[latencia ms promedio/max] lectura=8/10 entrada=48/102 marcadores=28/30 cubos=127/147 proceso=156/177 vista=33/42 al_publicar=205/249
[estado] fase=IDLE cuadros=5322 fallos=98 emitidos=16737 clientes=0 pisados=0 fps=10.0 edad=288 ms conservados=1/1 acopio=0/3 duplicados=0 rechazados=3
[latencia ms promedio/max] lectura=9/11 entrada=55/101 marcadores=125/322 cubos=128/141 proceso=255/448 vista=35/41 al_publicar=310/536
[estado] fase=IDLE cuadros=5339 fallos=98 emitidos=16839 clientes=0 pisados=0 fps=10.0 edad=572 ms conservados=6/1 acopio=0/3 duplicados=0 rechazados=3
[aviso] marcadores vistos que NO son ni esquina ni rover declarado, y por eso se descartan: [17]. Si alguno es un robot de verdad, hay que agregarlo a deteccion_rovers.ids_rover; si no, son detecciones falsas de la cuadrícula.
[latencia ms promedio/max] lectura=8/10 entrada=59/109 marcadores=322/334 cubos=129/181 proceso=453/515 vista=30/35 al_publicar=511/565
[estado] fase=IDLE cuadros=5349 fallos=98 emitidos=16938 clientes=0 pisados=0 fps=10.0 edad=596 ms conservados=16/1 acopio=0/3 duplicados=0 rechazados=4
[aviso] marcadores rechazados por no ser plausibles: 1 por posición. No pueden ser marcadores de esta cancha: el detector los inventa sobre la cuadrícula del tablero. Ejemplo: ID 10 rechazado por posición, midió 87.6 mm donde se esperaban 0.0, en la celda (-16.3, 12.7)
[aviso] falta un marcador de esquina: se ven 3, y se viene conservando la geometría hace 1 cuadros (desvío 0.08 mm). Las coordenadas siguen siendo válidas.
[fase] se recuperaron las coordenadas tras 1297 ms sin ver la cancha
[latencia ms promedio/max] lectura=9/11 entrada=58/97 marcadores=199/352 cubos=134/153 proceso=449/485 vista=28/39 al_publicar=507/554
[estado] fase=IDLE cuadros=5365 fallos=106 emitidos=17035 clientes=0 pisados=0 fps=10.0 edad=555 ms conservados=24/2 acopio=0/3 duplicados=0 rechazados=6
[aviso] marcadores rechazados por no ser plausibles: 2 por tamaño. No pueden ser marcadores de esta cancha: el detector los inventa sobre la cuadrícula del tablero. Ejemplo: ID 10 rechazado por tamaño, midió 83.3 mm donde se esperaban 42.0, en la celda (29.0, 40.8)
[aviso] último problema: solo se ven 2 marcadores de esquina
[latencia ms promedio/max] lectura=9/9 entrada=48/92 marcadores=339/362 cubos=137/147 proceso=478/511 vista=34/41 al_publicar=526/575
[estado] fase=IDLE cuadros=5375 fallos=106 emitidos=17139 clientes=0 pisados=0 fps=10.0 edad=568 ms conservados=34/2 acopio=0/3 duplicados=0 rechazados=6
[latencia ms promedio/max] lectura=9/11 entrada=66/113 marcadores=310/334 cubos=123/151 proceso=434/480 vista=31/36 al_publicar=500/574
[estado] fase=IDLE cuadros=5386 fallos=106 emitidos=17243 clientes=0 pisados=0 fps=10.0 edad=482 ms conservados=45/2 acopio=0/3 duplicados=0 rechazados=6
[latencia ms promedio/max] lectura=8/12 entrada=50/94 marcadores=274/303 cubos=108/126 proceso=384/414 vista=30/36 al_publicar=433/497
[estado] fase=IDLE cuadros=5397 fallos=106 emitidos=17336 clientes=0 pisados=0 fps=10.0 edad=533 ms conservados=56/2 acopio=0/3 duplicados=0 rechazados=6
[latencia ms promedio/max] lectura=8/12 entrada=62/111 marcadores=300/343 cubos=117/144 proceso=418/477 vista=31/40 al_publicar=481/563
[estado] fase=IDLE cuadros=5408 fallos=106 emitidos=17437 clientes=0 pisados=0 fps=10.0 edad=463 ms conservados=67/2 acopio=0/3 duplicados=0 rechazados=6
[latencia ms promedio/max] lectura=8/13 entrada=55/85 marcadores=303/348 cubos=121/153 proceso=425/464 vista=33/38 al_publicar=480/535
[estado] fase=IDLE cuadros=5419 fallos=106 emitidos=17540 clientes=0 pisados=0 fps=10.0 edad=497 ms conservados=78/2 acopio=0/3 duplicados=0 rechazados=6
[latencia ms promedio/max] lectura=9/13 entrada=46/93 marcadores=271/303 cubos=108/130 proceso=379/435 vista=29/43 al_publicar=425/513
[estado] fase=IDLE cuadros=5431 fallos=106 emitidos=17640 clientes=0 pisados=0 fps=10.0 edad=401 ms conservados=90/2 acopio=0/3 duplicados=0 rechazados=6
[latencia ms promedio/max] lectura=10/14 entrada=47/98 marcadores=268/304 cubos=105/134 proceso=374/420 vista=33/36 al_publicar=422/469
[estado] fase=IDLE cuadros=5443 fallos=106 emitidos=17740 clientes=0 pisados=0 fps=10.0 edad=417 ms conservados=102/2 acopio=0/3 duplicados=0 rechazados=6
[latencia ms promedio/max] lectura=9/14 entrada=44/94 marcadores=265/275 cubos=105/112 proceso=371/386 vista=29/37 al_publicar=415/477
[estado] fase=IDLE cuadros=5455 fallos=106 emitidos=17838 clientes=0 pisados=0 fps=10.0 edad=427 ms conservados=114/2 acopio=0/3 duplicados=0 rechazados=6
[latencia ms promedio/max] lectura=8/11 entrada=53/86 marcadores=265/274 cubos=103/108 proceso=369/382 vista=27/35 al_publicar=422/460
[estado] fase=IDLE cuadros=5467 fallos=106 emitidos=17935 clientes=0 pisados=0 fps=10.0 edad=479 ms conservados=126/2 acopio=0/3 duplicados=0 rechazados=6
[aviso] marcadores vistos que NO son ni esquina ni rover declarado, y por eso se descartan: [37, 38]. Si alguno es un robot de verdad, hay que agregarlo a deteccion_rovers.ids_rover; si no, son detecciones falsas de la cuadrícula.
[latencia ms promedio/max] lectura=8/14 entrada=62/117 marcadores=102/290 cubos=101/115 proceso=204/406 vista=29/36 al_publicar=267/494
[estado] fase=IDLE cuadros=5488 fallos=106 emitidos=18036 clientes=0 pisados=0 fps=10.0 edad=229 ms conservados=133/2 acopio=0/3 duplicados=0 rechazados=6
[latencia ms promedio/max] lectura=8/11 entrada=60/110 marcadores=23/29 cubos=110/136 proceso=134/162 vista=27/41 al_publicar=195/270
[estado] fase=IDLE cuadros=5518 fallos=106 emitidos=18138 clientes=0 pisados=0 fps=10.0 edad=227 ms conservados=133/2 acopio=0/3 duplicados=0 rechazados=6
[latencia ms promedio/max] lectura=9/17 entrada=51/93 marcadores=25/32 cubos=122/156 proceso=149/186 vista=32/41 al_publicar=200/238
[estado] fase=IDLE cuadros=5544 fallos=106 emitidos=18237 clientes=0 pisados=0 fps=10.0 edad=261 ms conservados=133/2 acopio=0/3 duplicados=0 rechazados=6
[latencia ms promedio/max] lectura=7/9 entrada=62/113 marcadores=22/33 cubos=110/202 proceso=133/235 vista=30/40 al_publicar=195/310
[estado] fase=IDLE cuadros=5573 fallos=106 emitidos=18335 clientes=0 pisados=0 fps=10.0 edad=98 ms conservados=133/2 acopio=0/3 duplicados=0 rechazados=6
[latencia ms promedio/max] lectura=6/10 entrada=59/115 marcadores=17/27 cubos=85/146 proceso=103/170 vista=24/33 al_publicar=162/248
[estado] fase=IDLE cuadros=5611 fallos=106 emitidos=18437 clientes=0 pisados=0 fps=10.0 edad=251 ms conservados=133/2 acopio=0/3 duplicados=0 rechazados=6
[latencia ms promedio/max] lectura=8/12 entrada=47/98 marcadores=24/28 cubos=107/138 proceso=133/162 vista=28/40 al_publicar=179/241
[estado] fase=IDLE cuadros=5641 fallos=106 emitidos=18538 clientes=0 pisados=0 fps=10.0 edad=239 ms conservados=133/2 acopio=0/3 duplicados=0 rechazados=6
[latencia ms promedio/max] lectura=8/11 entrada=52/116 marcadores=24/28 cubos=106/124 proceso=131/153 vista=28/34 al_publicar=183/246
[estado] fase=IDLE cuadros=5670 fallos=106 emitidos=18635 clientes=0 pisados=0 fps=10.0 edad=179 ms conservados=133/2 acopio=0/3 duplicados=0 rechazados=6
[latencia ms promedio/max] lectura=8/14 entrada=53/101 marcadores=22/24 cubos=105/112 proceso=127/135 vista=26/35 al_publicar=181/236
[estado] fase=IDLE cuadros=5701 fallos=106 emitidos=18736 clientes=0 pisados=0 fps=10.0 edad=198 ms conservados=133/2 acopio=0/3 duplicados=0 rechazados=6
[latencia ms promedio/max] lectura=9/17 entrada=67/112 marcadores=23/28 cubos=111/137 proceso=136/164 vista=28/54 al_publicar=203/261
[estado] fase=IDLE cuadros=5730 fallos=106 emitidos=18835 clientes=0 pisados=0 fps=10.0 edad=183 ms conservados=133/2 acopio=0/3 duplicados=0 rechazados=6
[latencia ms promedio/max] lectura=8/12 entrada=61/111 marcadores=24/29 cubos=106/130 proceso=131/159 vista=27/41 al_publicar=193/253
[estado] fase=IDLE cuadros=5760 fallos=106 emitidos=18935 clientes=0 pisados=0 fps=10.0 edad=193 ms conservados=133/2 acopio=0/3 duplicados=0 rechazados=6
[latencia ms promedio/max] lectura=8/13 entrada=63/117 marcadores=23/25 cubos=106/121 proceso=130/147 vista=27/38 al_publicar=193/246
[estado] fase=IDLE cuadros=5791 fallos=106 emitidos=19038 clientes=0 pisados=0 fps=10.0 edad=208 ms conservados=133/2 acopio=0/3 duplicados=0 rechazados=6
[latencia ms promedio/max] lectura=8/14 entrada=54/116 marcadores=22/31 cubos=102/136 proceso=125/165 vista=25/37 al_publicar=179/251
[estado] fase=IDLE cuadros=5822 fallos=106 emitidos=19136 clientes=0 pisados=0 fps=10.0 edad=236 ms conservados=133/2 acopio=0/3 duplicados=0 rechazados=6
[latencia ms promedio/max] lectura=8/12 entrada=56/110 marcadores=23/28 cubos=107/125 proceso=131/152 vista=28/38 al_publicar=187/236
[estado] fase=IDLE cuadros=5852 fallos=106 emitidos=19237 clientes=0 pisados=0 fps=10.0 edad=259 ms conservados=133/2 acopio=0/3 duplicados=0 rechazados=6
[latencia ms promedio/max] lectura=8/11 entrada=56/117 marcadores=24/29 cubos=106/140 proceso=130/170 vista=28/36 al_publicar=187/259
[estado] fase=IDLE cuadros=5882 fallos=106 emitidos=19337 clientes=0 pisados=0 fps=10.0 edad=172 ms conservados=133/2 acopio=0/3 duplicados=0 rechazados=6
[latencia ms promedio/max] lectura=8/11 entrada=51/117 marcadores=24/27 cubos=110/140 proceso=135/168 vista=28/40 al_publicar=186/247
[estado] fase=IDLE cuadros=5911 fallos=106 emitidos=19436 clientes=0 pisados=0 fps=10.0 edad=219 ms conservados=133/2 acopio=0/3 duplicados=0 rechazados=6
[latencia ms promedio/max] lectura=8/11 entrada=45/97 marcadores=26/34 cubos=124/154 proceso=151/189 vista=33/42 al_publicar=196/228
[estado] fase=IDLE cuadros=5937 fallos=106 emitidos=19537 clientes=0 pisados=0 fps=10.0 edad=247 ms conservados=133/2 acopio=0/3 duplicados=0 rechazados=6
[latencia ms promedio/max] lectura=8/12 entrada=65/119 marcadores=26/29 cubos=116/142 proceso=143/173 vista=30/41 al_publicar=209/275
[estado] fase=IDLE cuadros=5965 fallos=106 emitidos=19638 clientes=0 pisados=0 fps=10.0 edad=235 ms conservados=133/2 acopio=0/3 duplicados=0 rechazados=6
[latencia ms promedio/max] lectura=8/10 entrada=48/104 marcadores=25/28 cubos=127/139 proceso=154/167 vista=32/39 al_publicar=202/261
[estado] fase=IDLE cuadros=5990 fallos=106 emitidos=19736 clientes=0 pisados=0 fps=10.0 edad=187 ms conservados=133/2 acopio=0/3 duplicados=0 rechazados=6
[latencia ms promedio/max] lectura=5/9 entrada=54/111 marcadores=15/32 cubos=60/154 proceso=76/183 vista=15/44 al_publicar=130/263
[estado] fase=IDLE cuadros=6041 fallos=106 emitidos=19835 clientes=0 pisados=0 fps=10.0 edad=260 ms conservados=133/2 acopio=0/3 duplicados=0 rechazados=6
[latencia ms promedio/max] lectura=9/13 entrada=65/119 marcadores=28/30 cubos=135/146 proceso=164/176 vista=34/42 al_publicar=229/282
[estado] fase=IDLE cuadros=6066 fallos=106 emitidos=19938 clientes=0 pisados=0 fps=10.0 edad=235 ms conservados=133/2 acopio=0/3 duplicados=0 rechazados=6
[latencia ms promedio/max] lectura=5/9 entrada=62/110 marcadores=15/29 cubos=60/129 proceso=76/151 vista=15/27 al_publicar=138/232
[estado] fase=IDLE cuadros=6117 fallos=106 emitidos=20036 clientes=0 pisados=0 fps=10.0 edad=130 ms conservados=133/2 acopio=0/3 duplicados=0 rechazados=6
[latencia ms promedio/max] lectura=5/9 entrada=48/115 marcadores=17/28 cubos=82/154 proceso=99/183 vista=18/32 al_publicar=148/263
[estado] fase=IDLE cuadros=6158 fallos=106 emitidos=20137 clientes=0 pisados=0 fps=10.0 edad=159 ms conservados=133/2 acopio=0/3 duplicados=0 rechazados=6
[latencia ms promedio/max] lectura=7/10 entrada=58/102 marcadores=22/30 cubos=99/127 proceso=121/155 vista=20/27 al_publicar=180/254
[estado] fase=IDLE cuadros=6191 fallos=106 emitidos=20234 clientes=0 pisados=0 fps=10.0 edad=253 ms conservados=133/2 acopio=0/3 duplicados=0 rechazados=6
[latencia ms promedio/max] lectura=7/11 entrada=56/101 marcadores=25/30 cubos=118/153 proceso=144/180 vista=23/32 al_publicar=200/248
[estado] fase=IDLE cuadros=6220 fallos=106 emitidos=20335 clientes=0 pisados=0 fps=10.0 edad=199 ms conservados=133/2 acopio=0/3 duplicados=0 rechazados=6
[latencia ms promedio/max] lectura=7/11 entrada=60/112 marcadores=24/29 cubos=109/134 proceso=135/161 vista=21/28 al_publicar=194/251
[estado] fase=IDLE cuadros=6251 fallos=106 emitidos=20436 clientes=0 pisados=0 fps=10.0 edad=231 ms conservados=133/2 acopio=0/3 duplicados=0 rechazados=6
[latencia ms promedio/max] lectura=8/11 entrada=61/116 marcadores=23/25 cubos=103/115 proceso=127/140 vista=20/24 al_publicar=187/241
[estado] fase=IDLE cuadros=6283 fallos=106 emitidos=20535 clientes=0 pisados=0 fps=10.0 edad=185 ms conservados=133/2 acopio=0/3 duplicados=0 rechazados=6
[latencia ms promedio/max] lectura=7/9 entrada=65/117 marcadores=24/28 cubos=109/135 proceso=134/165 vista=21/28 al_publicar=199/257
[estado] fase=IDLE cuadros=6314 fallos=106 emitidos=20636 clientes=0 pisados=0 fps=10.0 edad=224 ms conservados=133/2 acopio=0/3 duplicados=0 rechazados=6
[latencia ms promedio/max] lectura=8/10 entrada=51/116 marcadores=25/28 cubos=122/142 proceso=148/171 vista=25/30 al_publicar=199/284
[estado] fase=IDLE cuadros=6342 fallos=106 emitidos=20737 clientes=0 pisados=0 fps=10.0 edad=199 ms conservados=133/2 acopio=0/3 duplicados=0 rechazados=6
[latencia ms promedio/max] lectura=8/11 entrada=63/101 marcadores=25/28 cubos=118/146 proceso=144/171 vista=24/30 al_publicar=207/256
[estado] fase=IDLE cuadros=6370 fallos=106 emitidos=20836 clientes=0 pisados=0 fps=10.0 edad=233 ms conservados=133/2 acopio=0/3 duplicados=0 rechazados=6
[latencia ms promedio/max] lectura=6/9 entrada=42/96 marcadores=18/29 cubos=87/152 proceso=106/178 vista=18/31 al_publicar=148/255
[estado] fase=IDLE cuadros=6408 fallos=106 emitidos=20936 clientes=0 pisados=0 fps=10.0 edad=105 ms conservados=133/2 acopio=0/3 duplicados=0 rechazados=6
[latencia ms promedio/max] lectura=6/13 entrada=73/109 marcadores=20/26 cubos=90/131 proceso=111/158 vista=18/23 al_publicar=183/246
[estado] fase=IDLE cuadros=6445 fallos=106 emitidos=21035 clientes=0 pisados=0 fps=10.0 edad=176 ms conservados=133/2 acopio=0/3 duplicados=0 rechazados=6
[latencia ms promedio/max] lectura=7/10 entrada=53/104 marcadores=25/28 cubos=111/155 proceso=136/179 vista=22/29 al_publicar=190/254
[estado] fase=IDLE cuadros=6475 fallos=106 emitidos=21135 clientes=0 pisados=0 fps=10.0 edad=173 ms conservados=133/2 acopio=0/3 duplicados=0 rechazados=6
[latencia ms promedio/max] lectura=7/9 entrada=61/116 marcadores=24/30 cubos=101/144 proceso=126/175 vista=21/29 al_publicar=188/256
[estado] fase=IDLE cuadros=6508 fallos=106 emitidos=21237 clientes=0 pisados=0 fps=10.0 edad=280 ms conservados=133/2 acopio=0/3 duplicados=0 rechazados=6
[latencia ms promedio/max] lectura=8/11 entrada=61/101 marcadores=26/29 cubos=112/137 proceso=139/164 vista=24/33 al_publicar=200/250
[estado] fase=IDLE cuadros=6537 fallos=106 emitidos=21337 clientes=0 pisados=0 fps=10.0 edad=256 ms conservados=133/2 acopio=0/3 duplicados=0 rechazados=6
[latencia ms promedio/max] lectura=8/12 entrada=61/106 marcadores=59/263 cubos=105/133 proceso=165/385 vista=21/28 al_publicar=226/472
[estado] fase=IDLE cuadros=6564 fallos=106 emitidos=21442 clientes=0 pisados=0 fps=10.0 edad=502 ms conservados=133/2 acopio=0/3 duplicados=0 rechazados=6
[aviso] falta un marcador de esquina: se ven 3, y se viene conservando la geometría hace 2 cuadros (desvío 0.31 mm). Las coordenadas siguen siendo válidas.
[fase] se recuperaron las coordenadas tras 1266 ms sin ver la cancha
[latencia ms promedio/max] lectura=7/10 entrada=59/102 marcadores=52/268 cubos=105/170 proceso=136/242 vista=18/22 al_publicar=193/256
[estado] fase=IDLE cuadros=6595 fallos=116 emitidos=21534 clientes=0 pisados=0 fps=10.0 edad=250 ms conservados=133/4 acopio=0/3 duplicados=0 rechazados=8
[aviso] marcadores rechazados por no ser plausibles: 2 por posición. No pueden ser marcadores de esta cancha: el detector los inventa sobre la cuadrícula del tablero. Ejemplo: ID 10 rechazado por posición, midió 43.0 mm donde se esperaban 0.0, en la celda (-10.4, 6.8)
[aviso] marcadores vistos que NO son ni esquina ni rover declarado, y por eso se descartan: [37]. Si alguno es un robot de verdad, hay que agregarlo a deteccion_rovers.ids_rover; si no, son detecciones falsas de la cuadrícula.
[aviso] último problema: solo se ven 2 marcadores de esquina
[latencia ms promedio/max] lectura=8/10 entrada=60/100 marcadores=27/30 cubos=130/153 proceso=159/182 vista=27/32 al_publicar=219/269
[estado] fase=IDLE cuadros=6621 fallos=116 emitidos=21636 clientes=0 pisados=0 fps=10.0 edad=210 ms conservados=133/4 acopio=0/3 duplicados=0 rechazados=8
[aviso] identidades de rover demoradas hasta sostenerse 5 cuadros: ID 10 llegó a 4 cuadro(s). Es lo normal al poner un robot en la cancha —se paga una vez, unos 500 ms— y es lo que impide que un fantasma invente un rover que no existe. Ninguna quedó esperando.
[latencia ms promedio/max] lectura=9/12 entrada=56/110 marcadores=27/30 cubos=121/146 proceso=150/174 vista=25/29 al_publicar=206/261
[estado] fase=IDLE cuadros=6648 fallos=116 emitidos=21735 clientes=0 pisados=0 fps=10.0 edad=182 ms conservados=133/4 acopio=0/3 duplicados=0 rechazados=8
[latencia ms promedio/max] lectura=8/10 entrada=61/114 marcadores=27/31 cubos=123/146 proceso=151/175 vista=25/30 al_publicar=213/264
[estado] fase=IDLE cuadros=6675 fallos=116 emitidos=21835 clientes=0 pisados=0 fps=10.0 edad=257 ms conservados=133/4 acopio=0/3 duplicados=0 rechazados=8
[cliente] conectado 127.0.0.1:57245
[cliente] desconectado 127.0.0.1:57245 (enviados=2 pisados=0)
[latencia ms promedio/max] lectura=9/13 entrada=48/100 marcadores=27/30 cubos=127/149 proceso=156/180 vista=26/31 al_publicar=204/248
[estado] fase=IDLE cuadros=6702 fallos=116 emitidos=21938 clientes=0 pisados=0 fps=10.0 edad=211 ms conservados=133/4 acopio=0/3 duplicados=0 rechazados=8
[latencia ms promedio/max] lectura=8/11 entrada=64/112 marcadores=27/29 cubos=117/130 proceso=145/159 vista=24/28 al_publicar=210/263
[estado] fase=IDLE cuadros=6730 fallos=116 emitidos=22038 clientes=0 pisados=0 fps=10.0 edad=207 ms conservados=133/4 acopio=0/3 duplicados=0 rechazados=8
[latencia ms promedio/max] lectura=8/11 entrada=59/104 marcadores=26/30 cubos=124/153 proceso=152/184 vista=25/29 al_publicar=211/262
[estado] fase=IDLE cuadros=6757 fallos=116 emitidos=22138 clientes=0 pisados=0 fps=10.0 edad=203 ms conservados=133/4 acopio=0/3 duplicados=0 rechazados=8
[latencia ms promedio/max] lectura=8/10 entrada=63/117 marcadores=28/30 cubos=125/139 proceso=155/170 vista=26/30 al_publicar=218/276
[estado] fase=IDLE cuadros=6783 fallos=116 emitidos=22236 clientes=0 pisados=0 fps=10.0 edad=217 ms conservados=133/4 acopio=0/3 duplicados=0 rechazados=8
[latencia ms promedio/max] lectura=8/11 entrada=54/113 marcadores=28/30 cubos=127/144 proceso=156/173 vista=26/32 al_publicar=211/267
[estado] fase=IDLE cuadros=6809 fallos=116 emitidos=22335 clientes=0 pisados=0 fps=10.0 edad=194 ms conservados=133/4 acopio=0/3 duplicados=0 rechazados=8
[latencia ms promedio/max] lectura=8/11 entrada=54/104 marcadores=27/30 cubos=123/145 proceso=152/176 vista=26/31 al_publicar=206/272
[estado] fase=IDLE cuadros=6836 fallos=116 emitidos=22436 clientes=0 pisados=0 fps=10.0 edad=226 ms conservados=133/4 acopio=0/3 duplicados=0 rechazados=8
[latencia ms promedio/max] lectura=8/9 entrada=52/98 marcadores=27/30 cubos=133/146 proceso=161/178 vista=27/30 al_publicar=213/258
[estado] fase=IDLE cuadros=6861 fallos=116 emitidos=22535 clientes=0 pisados=0 fps=10.0 edad=248 ms conservados=133/4 acopio=0/3 duplicados=0 rechazados=8
[latencia ms promedio/max] lectura=8/9 entrada=56/114 marcadores=26/28 cubos=130/145 proceso=157/172 vista=26/28 al_publicar=213/270
[estado] fase=IDLE cuadros=6888 fallos=116 emitidos=22638 clientes=0 pisados=0 fps=10.0 edad=217 ms conservados=133/4 acopio=0/3 duplicados=0 rechazados=8
[latencia ms promedio/max] lectura=6/21 entrada=49/108 marcadores=17/36 cubos=66/143 proceso=84/173 vista=16/32 al_publicar=133/239
[estado] fase=IDLE cuadros=6934 fallos=116 emitidos=22736 clientes=0 pisados=0 fps=10.0 edad=92 ms conservados=133/4 acopio=0/3 duplicados=0 rechazados=8
[cliente] conectado 127.0.0.1:57302
[cliente] desconectado 127.0.0.1:57302 (enviados=2 pisados=0)
[cliente] conectado 127.0.0.1:57303
[latencia ms promedio/max] lectura=8/11 entrada=65/106 marcadores=28/37 cubos=134/146 proceso=163/185 vista=38/105 al_publicar=229/280
[estado] fase=IDLE cuadros=6958 fallos=116 emitidos=22836 clientes=1 pisados=0 fps=10.0 edad=230 ms conservados=133/4 acopio=0/3 duplicados=0 rechazados=8
[latencia ms promedio/max] lectura=8/10 entrada=63/115 marcadores=28/30 cubos=125/162 proceso=154/193 vista=30/41 al_publicar=218/268
[estado] fase=IDLE cuadros=6984 fallos=116 emitidos=22937 clientes=1 pisados=0 fps=10.0 edad=275 ms conservados=133/4 acopio=0/3 duplicados=0 rechazados=8
[latencia ms promedio/max] lectura=8/10 entrada=57/95 marcadores=28/30 cubos=126/144 proceso=155/173 vista=33/41 al_publicar=212/254
[estado] fase=IDLE cuadros=7009 fallos=116 emitidos=23035 clientes=1 pisados=0 fps=10.0 edad=277 ms conservados=133/4 acopio=0/3 duplicados=0 rechazados=8
[cliente] desconectado 127.0.0.1:57303 (enviados=213 pisados=0)
[latencia ms promedio/max] lectura=8/11 entrada=44/95 marcadores=27/30 cubos=130/146 proceso=159/176 vista=35/41 al_publicar=204/268
[estado] fase=IDLE cuadros=7034 fallos=116 emitidos=23137 clientes=0 pisados=0 fps=10.0 edad=270 ms conservados=133/4 acopio=0/3 duplicados=0 rechazados=8
[latencia ms promedio/max] lectura=8/9 entrada=73/118 marcadores=27/30 cubos=127/137 proceso=156/168 vista=33/41 al_publicar=228/281
[estado] fase=IDLE cuadros=7059 fallos=116 emitidos=23236 clientes=0 pisados=0 fps=10.0 edad=198 ms conservados=133/4 acopio=0/3 duplicados=0 rechazados=8
[latencia ms promedio/max] lectura=8/11 entrada=48/102 marcadores=27/29 cubos=120/132 proceso=149/161 vista=32/41 al_publicar=197/255
[estado] fase=IDLE cuadros=7086 fallos=116 emitidos=23338 clientes=0 pisados=0 fps=10.0 edad=207 ms conservados=133/4 acopio=0/3 duplicados=0 rechazados=8
[latencia ms promedio/max] lectura=8/10 entrada=71/116 marcadores=27/30 cubos=121/144 proceso=150/174 vista=31/39 al_publicar=221/273
[estado] fase=IDLE cuadros=7112 fallos=116 emitidos=23436 clientes=0 pisados=0 fps=10.0 edad=227 ms conservados=133/4 acopio=0/3 duplicados=0 rechazados=8
[latencia ms promedio/max] lectura=8/12 entrada=41/89 marcadores=27/30 cubos=121/132 proceso=150/162 vista=32/39 al_publicar=191/240
[estado] fase=IDLE cuadros=7138 fallos=116 emitidos=23535 clientes=0 pisados=0 fps=10.0 edad=177 ms conservados=133/4 acopio=0/3 duplicados=0 rechazados=8
[latencia ms promedio/max] lectura=8/10 entrada=63/110 marcadores=28/31 cubos=126/147 proceso=155/177 vista=32/42 al_publicar=219/269
[estado] fase=IDLE cuadros=7164 fallos=116 emitidos=23637 clientes=0 pisados=0 fps=10.0 edad=273 ms conservados=133/4 acopio=0/3 duplicados=0 rechazados=8
[latencia ms promedio/max] lectura=8/12 entrada=58/102 marcadores=28/30 cubos=123/142 proceso=153/173 vista=32/42 al_publicar=211/267
[estado] fase=IDLE cuadros=7190 fallos=116 emitidos=23738 clientes=0 pisados=0 fps=10.0 edad=195 ms conservados=133/4 acopio=0/3 duplicados=0 rechazados=8
[latencia ms promedio/max] lectura=8/12 entrada=53/104 marcadores=27/30 cubos=117/134 proceso=146/163 vista=31/39 al_publicar=199/257
[estado] fase=IDLE cuadros=7217 fallos=116 emitidos=23838 clientes=0 pisados=0 fps=10.0 edad=217 ms conservados=133/4 acopio=0/3 duplicados=0 rechazados=8
[latencia ms promedio/max] lectura=9/11 entrada=60/111 marcadores=28/30 cubos=119/131 proceso=148/161 vista=32/38 al_publicar=208/267
[estado] fase=IDLE cuadros=7243 fallos=116 emitidos=23936 clientes=0 pisados=0 fps=10.0 edad=224 ms conservados=133/4 acopio=0/3 duplicados=0 rechazados=8
[latencia ms promedio/max] lectura=8/14 entrada=59/117 marcadores=27/30 cubos=126/147 proceso=154/179 vista=32/40 al_publicar=214/274
[estado] fase=IDLE cuadros=7269 fallos=116 emitidos=24038 clientes=0 pisados=0 fps=10.0 edad=283 ms conservados=133/4 acopio=0/3 duplicados=0 rechazados=8
[latencia ms promedio/max] lectura=8/11 entrada=55/103 marcadores=27/30 cubos=119/129 proceso=148/157 vista=31/39 al_publicar=203/252
[estado] fase=IDLE cuadros=7295 fallos=116 emitidos=24135 clientes=0 pisados=0 fps=10.0 edad=249 ms conservados=133/4 acopio=0/3 duplicados=0 rechazados=8
[latencia ms promedio/max] lectura=9/11 entrada=50/81 marcadores=28/31 cubos=133/151 proceso=163/182 vista=33/41 al_publicar=213/256
[estado] fase=IDLE cuadros=7320 fallos=116 emitidos=24237 clientes=0 pisados=0 fps=10.0 edad=267 ms conservados=133/4 acopio=0/3 duplicados=0 rechazados=8
[latencia ms promedio/max] lectura=8/10 entrada=57/98 marcadores=28/31 cubos=133/148 proceso=162/178 vista=34/44 al_publicar=219/269
[estado] fase=IDLE cuadros=7344 fallos=116 emitidos=24335 clientes=0 pisados=0 fps=10.0 edad=285 ms conservados=133/4 acopio=0/3 duplicados=0 rechazados=8
[latencia ms promedio/max] lectura=8/10 entrada=53/102 marcadores=28/30 cubos=134/148 proceso=164/179 vista=33/40 al_publicar=218/271
[estado] fase=IDLE cuadros=7369 fallos=116 emitidos=24438 clientes=0 pisados=0 fps=10.0 edad=225 ms conservados=133/4 acopio=0/3 duplicados=0 rechazados=8
[latencia ms promedio/max] lectura=9/11 entrada=65/116 marcadores=28/31 cubos=126/142 proceso=156/172 vista=31/42 al_publicar=221/274
[estado] fase=IDLE cuadros=7394 fallos=116 emitidos=24536 clientes=0 pisados=0 fps=10.0 edad=239 ms conservados=133/4 acopio=0/3 duplicados=0 rechazados=8
[latencia ms promedio/max] lectura=8/13 entrada=54/101 marcadores=28/30 cubos=119/137 proceso=148/167 vista=31/39 al_publicar=202/254
[estado] fase=IDLE cuadros=7421 fallos=116 emitidos=24638 clientes=0 pisados=0 fps=10.0 edad=227 ms conservados=133/4 acopio=0/3 duplicados=0 rechazados=8
[latencia ms promedio/max] lectura=9/15 entrada=48/119 marcadores=28/32 cubos=134/155 proceso=163/187 vista=32/40 al_publicar=211/290
[estado] fase=IDLE cuadros=7445 fallos=116 emitidos=24736 clientes=0 pisados=0 fps=10.0 edad=239 ms conservados=133/4 acopio=0/3 duplicados=0 rechazados=8
[latencia ms promedio/max] lectura=9/14 entrada=60/113 marcadores=28/31 cubos=134/148 proceso=164/179 vista=34/43 al_publicar=224/274
[estado] fase=IDLE cuadros=7469 fallos=116 emitidos=24836 clientes=0 pisados=0 fps=10.0 edad=293 ms conservados=133/4 acopio=0/3 duplicados=0 rechazados=8
[latencia ms promedio/max] lectura=9/11 entrada=63/101 marcadores=28/31 cubos=131/146 proceso=161/177 vista=31/41 al_publicar=224/276
[estado] fase=IDLE cuadros=7494 fallos=116 emitidos=24936 clientes=0 pisados=0 fps=10.0 edad=231 ms conservados=133/4 acopio=0/3 duplicados=0 rechazados=8
[latencia ms promedio/max] lectura=9/11 entrada=60/115 marcadores=28/30 cubos=131/150 proceso=160/179 vista=32/40 al_publicar=220/270
[estado] fase=IDLE cuadros=7519 fallos=116 emitidos=25037 clientes=0 pisados=0 fps=10.0 edad=265 ms conservados=133/4 acopio=0/3 duplicados=0 rechazados=8
[latencia ms promedio/max] lectura=8/11 entrada=59/101 marcadores=26/30 cubos=108/133 proceso=136/163 vista=28/39 al_publicar=195/257
[estado] fase=IDLE cuadros=7548 fallos=116 emitidos=25137 clientes=0 pisados=0 fps=10.0 edad=147 ms conservados=133/4 acopio=0/3 duplicados=0 rechazados=8
[latencia ms promedio/max] lectura=8/13 entrada=54/106 marcadores=25/30 cubos=110/131 proceso=136/158 vista=31/40 al_publicar=191/250
[estado] fase=IDLE cuadros=7576 fallos=116 emitidos=25235 clientes=0 pisados=0 fps=10.0 edad=265 ms conservados=133/4 acopio=0/3 duplicados=0 rechazados=8
[latencia ms promedio/max] lectura=8/13 entrada=56/110 marcadores=25/29 cubos=109/131 proceso=135/159 vista=27/40 al_publicar=191/251
[estado] fase=IDLE cuadros=7606 fallos=116 emitidos=25338 clientes=0 pisados=0 fps=10.0 edad=183 ms conservados=133/4 acopio=0/3 duplicados=0 rechazados=8
[latencia ms promedio/max] lectura=8/12 entrada=60/112 marcadores=24/30 cubos=105/138 proceso=131/165 vista=28/39 al_publicar=192/265
[estado] fase=IDLE cuadros=7635 fallos=116 emitidos=25435 clientes=0 pisados=0 fps=10.0 edad=250 ms conservados=133/4 acopio=0/3 duplicados=0 rechazados=8
[latencia ms promedio/max] lectura=8/12 entrada=53/101 marcadores=25/32 cubos=111/144 proceso=137/174 vista=29/38 al_publicar=191/250
[estado] fase=IDLE cuadros=7664 fallos=116 emitidos=25536 clientes=0 pisados=0 fps=10.0 edad=233 ms conservados=133/4 acopio=0/3 duplicados=0 rechazados=8
[latencia ms promedio/max] lectura=8/9 entrada=64/111 marcadores=26/29 cubos=123/140 proceso=150/168 vista=31/38 al_publicar=215/249
[estado] fase=IDLE cuadros=7690 fallos=116 emitidos=25635 clientes=0 pisados=0 fps=10.0 edad=248 ms conservados=133/4 acopio=0/3 duplicados=0 rechazados=8
[latencia ms promedio/max] lectura=8/12 entrada=53/107 marcadores=23/29 cubos=101/126 proceso=126/155 vista=28/35 al_publicar=180/257
[estado] fase=IDLE cuadros=7721 fallos=116 emitidos=25735 clientes=0 pisados=0 fps=10.0 edad=173 ms conservados=133/4 acopio=0/3 duplicados=0 rechazados=8
[latencia ms promedio/max] lectura=7/12 entrada=53/112 marcadores=22/29 cubos=97/130 proceso=120/157 vista=26/37 al_publicar=174/239
[estado] fase=IDLE cuadros=7754 fallos=116 emitidos=25837 clientes=0 pisados=0 fps=10.0 edad=164 ms conservados=133/4 acopio=0/3 duplicados=0 rechazados=8
[latencia ms promedio/max] lectura=8/12 entrada=57/103 marcadores=25/29 cubos=104/135 proceso=131/163 vista=30/41 al_publicar=188/242
[estado] fase=IDLE cuadros=7783 fallos=116 emitidos=25935 clientes=0 pisados=0 fps=10.0 edad=183 ms conservados=133/4 acopio=0/3 duplicados=0 rechazados=8
[latencia ms promedio/max] lectura=8/13 entrada=62/110 marcadores=27/31 cubos=128/148 proceso=157/181 vista=33/42 al_publicar=219/280
[estado] fase=IDLE cuadros=7809 fallos=116 emitidos=26039 clientes=0 pisados=0 fps=10.0 edad=244 ms conservados=133/4 acopio=0/3 duplicados=0 rechazados=8
[latencia ms promedio/max] lectura=9/10 entrada=58/102 marcadores=28/31 cubos=118/150 proceso=148/180 vista=31/39 al_publicar=206/253
[estado] fase=IDLE cuadros=7835 fallos=116 emitidos=26136 clientes=0 pisados=0 fps=10.0 edad=228 ms conservados=133/4 acopio=0/3 duplicados=0 rechazados=8
[latencia ms promedio/max] lectura=9/11 entrada=59/103 marcadores=29/30 cubos=128/145 proceso=158/176 vista=32/42 al_publicar=217/273
[estado] fase=IDLE cuadros=7860 fallos=116 emitidos=26236 clientes=0 pisados=0 fps=10.0 edad=300 ms conservados=133/4 acopio=0/3 duplicados=0 rechazados=8
[latencia ms promedio/max] lectura=9/13 entrada=50/117 marcadores=28/30 cubos=124/149 proceso=153/181 vista=34/40 al_publicar=203/277
[estado] fase=IDLE cuadros=7886 fallos=116 emitidos=26338 clientes=0 pisados=0 fps=10.0 edad=315 ms conservados=133/4 acopio=0/3 duplicados=0 rechazados=8
[latencia ms promedio/max] lectura=8/14 entrada=68/118 marcadores=25/30 cubos=108/121 proceso=135/149 vista=31/39 al_publicar=203/258
[estado] fase=IDLE cuadros=7914 fallos=116 emitidos=26435 clientes=0 pisados=0 fps=10.0 edad=279 ms conservados=133/4 acopio=0/3 duplicados=0 rechazados=8
[latencia ms promedio/max] lectura=8/11 entrada=53/105 marcadores=24/29 cubos=104/130 proceso=129/157 vista=26/42 al_publicar=182/240
[estado] fase=IDLE cuadros=7945 fallos=116 emitidos=26537 clientes=0 pisados=0 fps=10.0 edad=163 ms conservados=133/4 acopio=0/3 duplicados=0 rechazados=8
[latencia ms promedio/max] lectura=8/13 entrada=56/101 marcadores=24/28 cubos=111/137 proceso=137/166 vista=29/39 al_publicar=193/256
[estado] fase=IDLE cuadros=7973 fallos=116 emitidos=26635 clientes=0 pisados=0 fps=10.0 edad=254 ms conservados=133/4 acopio=0/3 duplicados=0 rechazados=8
[latencia ms promedio/max] lectura=8/10 entrada=58/116 marcadores=25/30 cubos=110/140 proceso=137/169 vista=28/37 al_publicar=195/258
[estado] fase=IDLE cuadros=8002 fallos=116 emitidos=26735 clientes=0 pisados=0 fps=10.0 edad=168 ms conservados=133/4 acopio=0/3 duplicados=0 rechazados=8
[latencia ms promedio/max] lectura=8/14 entrada=57/106 marcadores=23/30 cubos=100/126 proceso=124/151 vista=30/37 al_publicar=181/250
[estado] fase=IDLE cuadros=8033 fallos=116 emitidos=26836 clientes=0 pisados=0 fps=10.0 edad=194 ms conservados=133/4 acopio=0/3 duplicados=0 rechazados=8
[latencia ms promedio/max] lectura=9/13 entrada=52/101 marcadores=24/28 cubos=109/140 proceso=135/163 vista=29/37 al_publicar=187/236
[estado] fase=IDLE cuadros=8062 fallos=116 emitidos=26936 clientes=0 pisados=0 fps=10.0 edad=210 ms conservados=133/4 acopio=0/3 duplicados=0 rechazados=8
[latencia ms promedio/max] lectura=8/13 entrada=56/102 marcadores=23/28 cubos=102/129 proceso=127/156 vista=28/36 al_publicar=183/237
[estado] fase=IDLE cuadros=8093 fallos=116 emitidos=27037 clientes=0 pisados=0 fps=10.0 edad=265 ms conservados=133/4 acopio=0/3 duplicados=0 rechazados=8
[latencia ms promedio/max] lectura=8/13 entrada=54/116 marcadores=23/29 cubos=102/139 proceso=127/156 vista=28/37 al_publicar=181/255
[estado] fase=IDLE cuadros=8123 fallos=116 emitidos=27135 clientes=0 pisados=0 fps=10.0 edad=158 ms conservados=133/4 acopio=0/3 duplicados=0 rechazados=8
[latencia ms promedio/max] lectura=8/13 entrada=56/116 marcadores=23/28 cubos=106/135 proceso=130/164 vista=27/40 al_publicar=186/273
[estado] fase=IDLE cuadros=8154 fallos=116 emitidos=27238 clientes=0 pisados=0 fps=10.0 edad=187 ms conservados=133/4 acopio=0/3 duplicados=0 rechazados=8
[latencia ms promedio/max] lectura=8/11 entrada=56/101 marcadores=26/29 cubos=101/130 proceso=128/158 vista=28/40 al_publicar=184/259
[estado] fase=IDLE cuadros=8184 fallos=116 emitidos=27336 clientes=0 pisados=0 fps=10.0 edad=234 ms conservados=133/4 acopio=0/3 duplicados=0 rechazados=8
[latencia ms promedio/max] lectura=8/11 entrada=59/118 marcadores=25/29 cubos=101/117 proceso=127/146 vista=30/38 al_publicar=186/245
[estado] fase=IDLE cuadros=8214 fallos=116 emitidos=27435 clientes=0 pisados=0 fps=10.0 edad=267 ms conservados=133/4 acopio=0/3 duplicados=0 rechazados=8
[latencia ms promedio/max] lectura=8/13 entrada=59/109 marcadores=25/31 cubos=107/132 proceso=133/155 vista=29/42 al_publicar=192/247
[estado] fase=IDLE cuadros=8244 fallos=116 emitidos=27538 clientes=0 pisados=0 fps=10.0 edad=192 ms conservados=133/4 acopio=0/3 duplicados=0 rechazados=8
[latencia ms promedio/max] lectura=7/11 entrada=49/106 marcadores=23/30 cubos=98/144 proceso=123/171 vista=28/39 al_publicar=173/242
[estado] fase=IDLE cuadros=8275 fallos=116 emitidos=27636 clientes=0 pisados=0 fps=10.0 edad=125 ms conservados=133/4 acopio=0/3 duplicados=0 rechazados=8
[latencia ms promedio/max] lectura=6/12 entrada=66/118 marcadores=16/27 cubos=71/113 proceso=88/140 vista=24/35 al_publicar=154/249
[estado] fase=IDLE cuadros=8317 fallos=116 emitidos=27735 clientes=0 pisados=0 fps=10.0 edad=252 ms conservados=133/4 acopio=0/3 duplicados=0 rechazados=8
[latencia ms promedio/max] lectura=8/11 entrada=56/114 marcadores=24/31 cubos=110/141 proceso=135/169 vista=30/38 al_publicar=192/261
[estado] fase=IDLE cuadros=8346 fallos=116 emitidos=27835 clientes=0 pisados=0 fps=10.0 edad=275 ms conservados=133/4 acopio=0/3 duplicados=0 rechazados=8
[latencia ms promedio/max] lectura=8/14 entrada=71/123 marcadores=25/28 cubos=112/138 proceso=138/167 vista=28/40 al_publicar=209/279
[estado] fase=IDLE cuadros=8375 fallos=116 emitidos=27937 clientes=0 pisados=0 fps=10.0 edad=260 ms conservados=133/4 acopio=0/3 duplicados=0 rechazados=8
[latencia ms promedio/max] lectura=8/13 entrada=59/114 marcadores=26/28 cubos=124/142 proceso=152/170 vista=31/42 al_publicar=211/245
[estado] fase=IDLE cuadros=8401 fallos=116 emitidos=28036 clientes=0 pisados=0 fps=10.0 edad=232 ms conservados=133/4 acopio=0/3 duplicados=0 rechazados=8
[latencia ms promedio/max] lectura=8/13 entrada=62/116 marcadores=23/28 cubos=106/138 proceso=130/167 vista=29/42 al_publicar=192/255
[estado] fase=IDLE cuadros=8431 fallos=116 emitidos=28137 clientes=0 pisados=0 fps=10.0 edad=258 ms conservados=133/4 acopio=0/3 duplicados=0 rechazados=8
[latencia ms promedio/max] lectura=8/12 entrada=63/116 marcadores=21/26 cubos=101/127 proceso=124/144 vista=27/37 al_publicar=187/241
[estado] fase=IDLE cuadros=8463 fallos=116 emitidos=28238 clientes=0 pisados=0 fps=10.0 edad=220 ms conservados=133/4 acopio=0/3 duplicados=0 rechazados=8
[latencia ms promedio/max] lectura=8/13 entrada=50/111 marcadores=22/26 cubos=107/182 proceso=131/208 vista=26/35 al_publicar=181/241
[estado] fase=IDLE cuadros=8493 fallos=116 emitidos=28337 clientes=0 pisados=0 fps=10.0 edad=154 ms conservados=133/4 acopio=0/3 duplicados=0 rechazados=8
[latencia ms promedio/max] lectura=8/12 entrada=53/99 marcadores=53/319 cubos=109/139 proceso=163/459 vista=27/36 al_publicar=216/494
[estado] fase=IDLE cuadros=8519 fallos=116 emitidos=28440 clientes=0 pisados=0 fps=10.0 edad=501 ms conservados=136/4 acopio=0/3 duplicados=0 rechazados=8
[latencia ms promedio/max] lectura=8/13 entrada=59/118 marcadores=58/280 cubos=120/160 proceso=180/394 vista=29/41 al_publicar=239/452
[estado] fase=IDLE cuadros=8541 fallos=116 emitidos=28535 clientes=0 pisados=0 fps=10.0 edad=283 ms conservados=139/4 acopio=0/3 duplicados=0 rechazados=8
[latencia ms promedio/max] lectura=8/12 entrada=55/99 marcadores=25/30 cubos=110/134 proceso=136/161 vista=29/39 al_publicar=191/251
[estado] fase=IDLE cuadros=8570 fallos=116 emitidos=28636 clientes=0 pisados=0 fps=10.0 edad=230 ms conservados=139/4 acopio=0/3 duplicados=0 rechazados=8
[latencia ms promedio/max] lectura=7/13 entrada=54/115 marcadores=23/27 cubos=101/124 proceso=126/149 vista=28/37 al_publicar=180/243
[estado] fase=IDLE cuadros=8601 fallos=116 emitidos=28736 clientes=0 pisados=0 fps=10.0 edad=223 ms conservados=139/4 acopio=0/3 duplicados=0 rechazados=8
[latencia ms promedio/max] lectura=8/13 entrada=52/104 marcadores=24/29 cubos=98/111 proceso=123/140 vista=28/36 al_publicar=176/237
[estado] fase=IDLE cuadros=8632 fallos=116 emitidos=28835 clientes=0 pisados=0 fps=10.0 edad=265 ms conservados=139/4 acopio=0/3 duplicados=0 rechazados=8
[latencia ms promedio/max] lectura=8/13 entrada=64/106 marcadores=25/32 cubos=107/136 proceso=133/170 vista=28/40 al_publicar=197/241
[estado] fase=IDLE cuadros=8662 fallos=116 emitidos=28937 clientes=0 pisados=0 fps=10.0 edad=249 ms conservados=139/4 acopio=0/3 duplicados=0 rechazados=8
[latencia ms promedio/max] lectura=8/14 entrada=56/101 marcadores=24/29 cubos=103/136 proceso=128/160 vista=30/39 al_publicar=184/242
[estado] fase=IDLE cuadros=8692 fallos=116 emitidos=29036 clientes=0 pisados=0 fps=10.0 edad=228 ms conservados=139/4 acopio=0/3 duplicados=0 rechazados=8
[latencia ms promedio/max] lectura=9/12 entrada=57/104 marcadores=25/31 cubos=106/132 proceso=132/159 vista=28/41 al_publicar=189/240
[estado] fase=IDLE cuadros=8722 fallos=116 emitidos=29138 clientes=0 pisados=0 fps=10.0 edad=197 ms conservados=139/4 acopio=0/3 duplicados=0 rechazados=8
[latencia ms promedio/max] lectura=8/17 entrada=55/121 marcadores=25/28 cubos=111/134 proceso=137/163 vista=29/40 al_publicar=192/277
[estado] fase=IDLE cuadros=8750 fallos=116 emitidos=29235 clientes=0 pisados=0 fps=10.0 edad=269 ms conservados=139/4 acopio=0/3 duplicados=0 rechazados=8
[latencia ms promedio/max] lectura=8/12 entrada=63/113 marcadores=24/28 cubos=105/119 proceso=130/146 vista=28/38 al_publicar=193/246
[estado] fase=IDLE cuadros=8781 fallos=116 emitidos=29338 clientes=0 pisados=0 fps=10.0 edad=211 ms conservados=139/4 acopio=0/3 duplicados=0 rechazados=8
[latencia ms promedio/max] lectura=8/13 entrada=59/111 marcadores=23/28 cubos=104/137 proceso=128/163 vista=28/38 al_publicar=188/236
[estado] fase=IDLE cuadros=8811 fallos=116 emitidos=29437 clientes=0 pisados=0 fps=10.0 edad=262 ms conservados=139/4 acopio=0/3 duplicados=0 rechazados=8
[latencia ms promedio/max] lectura=8/11 entrada=63/114 marcadores=27/30 cubos=123/151 proceso=151/181 vista=30/41 al_publicar=214/277
[estado] fase=IDLE cuadros=8837 fallos=116 emitidos=29536 clientes=0 pisados=0 fps=10.0 edad=217 ms conservados=139/4 acopio=0/3 duplicados=0 rechazados=8
[latencia ms promedio/max] lectura=9/13 entrada=68/109 marcadores=28/30 cubos=134/151 proceso=164/182 vista=34/41 al_publicar=232/285
[estado] fase=IDLE cuadros=8861 fallos=116 emitidos=29635 clientes=0 pisados=0 fps=10.0 edad=271 ms conservados=139/4 acopio=0/3 duplicados=0 rechazados=8
[latencia ms promedio/max] lectura=9/11 entrada=76/118 marcadores=28/30 cubos=128/144 proceso=157/175 vista=30/42 al_publicar=234/276
[estado] fase=IDLE cuadros=8887 fallos=116 emitidos=29737 clientes=0 pisados=0 fps=10.0 edad=283 ms conservados=139/4 acopio=0/3 duplicados=0 rechazados=8
[latencia ms promedio/max] lectura=9/11 entrada=62/104 marcadores=29/32 cubos=133/152 proceso=163/184 vista=33/40 al_publicar=225/269
[estado] fase=IDLE cuadros=8911 fallos=116 emitidos=29836 clientes=0 pisados=0 fps=10.0 edad=192 ms conservados=139/4 acopio=0/3 duplicados=0 rechazados=8
[latencia ms promedio/max] lectura=8/10 entrada=62/117 marcadores=27/31 cubos=129/148 proceso=158/178 vista=31/40 al_publicar=220/272
[estado] fase=IDLE cuadros=8937 fallos=116 emitidos=29938 clientes=0 pisados=0 fps=10.0 edad=215 ms conservados=139/4 acopio=0/3 duplicados=0 rechazados=8
[latencia ms promedio/max] lectura=8/10 entrada=49/113 marcadores=28/31 cubos=123/154 proceso=152/184 vista=33/43 al_publicar=201/281
[estado] fase=IDLE cuadros=8962 fallos=116 emitidos=30035 clientes=0 pisados=0 fps=10.0 edad=265 ms conservados=139/4 acopio=0/3 duplicados=0 rechazados=8
[latencia ms promedio/max] lectura=8/9 entrada=55/107 marcadores=27/29 cubos=121/141 proceso=150/170 vista=31/40 al_publicar=205/264
[estado] fase=IDLE cuadros=8989 fallos=116 emitidos=30138 clientes=0 pisados=0 fps=10.0 edad=293 ms conservados=139/4 acopio=0/3 duplicados=0 rechazados=8
[latencia ms promedio/max] lectura=8/12 entrada=53/116 marcadores=28/31 cubos=125/149 proceso=154/179 vista=32/39 al_publicar=207/295
[estado] fase=IDLE cuadros=9015 fallos=116 emitidos=30239 clientes=0 pisados=0 fps=10.0 edad=243 ms conservados=139/4 acopio=0/3 duplicados=0 rechazados=8
[latencia ms promedio/max] lectura=9/13 entrada=66/113 marcadores=29/31 cubos=137/146 proceso=167/178 vista=35/42 al_publicar=233/284
[estado] fase=IDLE cuadros=9038 fallos=116 emitidos=30335 clientes=0 pisados=0 fps=10.0 edad=290 ms conservados=139/4 acopio=0/3 duplicados=0 rechazados=8
[latencia ms promedio/max] lectura=8/9 entrada=68/107 marcadores=28/33 cubos=136/148 proceso=165/178 vista=34/42 al_publicar=233/278
[estado] fase=IDLE cuadros=9062 fallos=116 emitidos=30435 clientes=0 pisados=0 fps=10.0 edad=284 ms conservados=139/4 acopio=0/3 duplicados=0 rechazados=8
[latencia ms promedio/max] lectura=8/9 entrada=55/102 marcadores=26/29 cubos=120/140 proceso=148/171 vista=33/41 al_publicar=203/270
[estado] fase=IDLE cuadros=9089 fallos=116 emitidos=30538 clientes=0 pisados=0 fps=10.0 edad=182 ms conservados=139/4 acopio=0/3 duplicados=0 rechazados=8
[latencia ms promedio/max] lectura=8/13 entrada=51/99 marcadores=24/28 cubos=102/141 proceso=127/168 vista=27/37 al_publicar=178/240
[estado] fase=IDLE cuadros=9119 fallos=116 emitidos=30635 clientes=0 pisados=0 fps=10.0 edad=265 ms conservados=139/4 acopio=0/3 duplicados=0 rechazados=8
[latencia ms promedio/max] lectura=8/12 entrada=59/110 marcadores=24/29 cubos=105/138 proceso=130/165 vista=28/39 al_publicar=189/248
[estado] fase=IDLE cuadros=9150 fallos=116 emitidos=30738 clientes=0 pisados=0 fps=10.0 edad=218 ms conservados=139/4 acopio=0/3 duplicados=0 rechazados=8
[latencia ms promedio/max] lectura=8/11 entrada=50/114 marcadores=24/28 cubos=106/145 proceso=131/174 vista=29/41 al_publicar=182/248
[estado] fase=IDLE cuadros=9179 fallos=116 emitidos=30836 clientes=0 pisados=0 fps=10.0 edad=221 ms conservados=139/4 acopio=0/3 duplicados=0 rechazados=8
[latencia ms promedio/max] lectura=8/14 entrada=54/110 marcadores=23/28 cubos=100/141 proceso=125/170 vista=27/36 al_publicar=179/241
[estado] fase=IDLE cuadros=9210 fallos=116 emitidos=30935 clientes=0 pisados=0 fps=10.0 edad=189 ms conservados=139/4 acopio=0/3 duplicados=0 rechazados=8
[latencia ms promedio/max] lectura=8/12 entrada=63/99 marcadores=24/29 cubos=106/136 proceso=131/162 vista=28/37 al_publicar=194/261
[estado] fase=IDLE cuadros=9240 fallos=116 emitidos=31036 clientes=0 pisados=0 fps=10.0 edad=196 ms conservados=139/4 acopio=0/3 duplicados=0 rechazados=8
[latencia ms promedio/max] lectura=8/12 entrada=60/110 marcadores=26/28 cubos=113/136 proceso=140/164 vista=29/38 al_publicar=200/257
[estado] fase=IDLE cuadros=9268 fallos=116 emitidos=31135 clientes=0 pisados=0 fps=10.0 edad=284 ms conservados=139/4 acopio=0/3 duplicados=0 rechazados=8
[latencia ms promedio/max] lectura=8/14 entrada=60/101 marcadores=25/28 cubos=108/133 proceso=135/160 vista=30/39 al_publicar=195/241
[estado] fase=IDLE cuadros=9297 fallos=116 emitidos=31236 clientes=0 pisados=0 fps=10.0 edad=193 ms conservados=139/4 acopio=0/3 duplicados=0 rechazados=8
[latencia ms promedio/max] lectura=8/11 entrada=51/95 marcadores=25/29 cubos=107/146 proceso=133/176 vista=30/39 al_publicar=184/238
[estado] fase=IDLE cuadros=9327 fallos=116 emitidos=31339 clientes=0 pisados=0 fps=10.0 edad=242 ms conservados=139/4 acopio=0/3 duplicados=0 rechazados=8
[latencia ms promedio/max] lectura=8/12 entrada=51/87 marcadores=26/30 cubos=119/149 proceso=147/177 vista=31/40 al_publicar=198/250
[estado] fase=IDLE cuadros=9353 fallos=116 emitidos=31435 clientes=0 pisados=0 fps=10.0 edad=281 ms conservados=139/4 acopio=0/3 duplicados=0 rechazados=8
[latencia ms promedio/max] lectura=8/12 entrada=58/105 marcadores=26/30 cubos=113/152 proceso=140/183 vista=29/43 al_publicar=198/264
[estado] fase=IDLE cuadros=9381 fallos=116 emitidos=31535 clientes=0 pisados=0 fps=10.0 edad=188 ms conservados=139/4 acopio=0/3 duplicados=0 rechazados=8
[latencia ms promedio/max] lectura=8/12 entrada=54/111 marcadores=24/28 cubos=101/130 proceso=126/158 vista=29/39 al_publicar=181/231
[estado] fase=IDLE cuadros=9412 fallos=116 emitidos=31637 clientes=0 pisados=0 fps=10.0 edad=254 ms conservados=139/4 acopio=0/3 duplicados=0 rechazados=8
[latencia ms promedio/max] lectura=8/10 entrada=54/114 marcadores=26/31 cubos=123/144 proceso=151/174 vista=33/41 al_publicar=205/255
[estado] fase=IDLE cuadros=9438 fallos=116 emitidos=31737 clientes=0 pisados=0 fps=10.0 edad=263 ms conservados=139/4 acopio=0/3 duplicados=0 rechazados=8
[latencia ms promedio/max] lectura=7/10 entrada=58/109 marcadores=25/29 cubos=112/138 proceso=139/169 vista=30/39 al_publicar=198/263
[estado] fase=IDLE cuadros=9466 fallos=116 emitidos=31836 clientes=0 pisados=0 fps=10.0 edad=216 ms conservados=139/4 acopio=0/3 duplicados=0 rechazados=8
[latencia ms promedio/max] lectura=8/13 entrada=60/97 marcadores=23/28 cubos=100/127 proceso=125/152 vista=29/42 al_publicar=185/250
[estado] fase=IDLE cuadros=9497 fallos=116 emitidos=31937 clientes=0 pisados=0 fps=10.0 edad=246 ms conservados=139/4 acopio=0/3 duplicados=0 rechazados=8
[latencia ms promedio/max] lectura=8/14 entrada=51/98 marcadores=24/29 cubos=104/135 proceso=129/165 vista=27/40 al_publicar=181/226
[estado] fase=IDLE cuadros=9527 fallos=116 emitidos=32036 clientes=0 pisados=0 fps=10.0 edad=198 ms conservados=139/4 acopio=0/3 duplicados=0 rechazados=8
[latencia ms promedio/max] lectura=8/13 entrada=55/115 marcadores=23/28 cubos=104/135 proceso=128/165 vista=28/37 al_publicar=183/252
[estado] fase=IDLE cuadros=9558 fallos=116 emitidos=32137 clientes=0 pisados=0 fps=10.0 edad=161 ms conservados=139/4 acopio=0/3 duplicados=0 rechazados=8
[latencia ms promedio/max] lectura=8/11 entrada=56/100 marcadores=24/30 cubos=106/145 proceso=131/177 vista=29/40 al_publicar=188/268
[estado] fase=IDLE cuadros=9587 fallos=116 emitidos=32235 clientes=0 pisados=0 fps=10.0 edad=161 ms conservados=139/4 acopio=0/3 duplicados=0 rechazados=8
[latencia ms promedio/max] lectura=8/12 entrada=59/118 marcadores=25/29 cubos=104/141 proceso=130/157 vista=29/39 al_publicar=189/252
[estado] fase=IDLE cuadros=9617 fallos=116 emitidos=32335 clientes=0 pisados=0 fps=10.0 edad=270 ms conservados=139/4 acopio=0/3 duplicados=0 rechazados=8
[latencia ms promedio/max] lectura=8/12 entrada=54/113 marcadores=26/29 cubos=108/134 proceso=135/161 vista=27/40 al_publicar=189/237
[estado] fase=IDLE cuadros=9647 fallos=116 emitidos=32437 clientes=0 pisados=0 fps=10.0 edad=176 ms conservados=139/4 acopio=0/3 duplicados=0 rechazados=8
[latencia ms promedio/max] lectura=8/11 entrada=50/115 marcadores=24/31 cubos=105/154 proceso=130/185 vista=27/43 al_publicar=180/268
[estado] fase=IDLE cuadros=9677 fallos=116 emitidos=32536 clientes=0 pisados=0 fps=10.0 edad=120 ms conservados=139/4 acopio=0/3 duplicados=0 rechazados=8
[latencia ms promedio/max] lectura=6/13 entrada=53/102 marcadores=18/31 cubos=80/167 proceso=99/194 vista=20/40 al_publicar=152/278
[estado] fase=IDLE cuadros=9717 fallos=116 emitidos=32637 clientes=0 pisados=0 fps=10.0 edad=269 ms conservados=139/4 acopio=0/3 duplicados=0 rechazados=8
[latencia ms promedio/max] lectura=8/12 entrada=57/116 marcadores=27/30 cubos=127/147 proceso=155/178 vista=32/40 al_publicar=212/294
[estado] fase=IDLE cuadros=9742 fallos=116 emitidos=32735 clientes=0 pisados=0 fps=10.0 edad=276 ms conservados=139/4 acopio=0/3 duplicados=0 rechazados=8
[latencia ms promedio/max] lectura=8/10 entrada=49/95 marcadores=26/30 cubos=121/141 proceso=148/168 vista=31/39 al_publicar=197/241
[estado] fase=IDLE cuadros=9769 fallos=116 emitidos=32836 clientes=0 pisados=0 fps=10.0 edad=216 ms conservados=139/4 acopio=0/3 duplicados=0 rechazados=8
[latencia ms promedio/max] lectura=7/13 entrada=49/103 marcadores=21/26 cubos=96/120 proceso=119/146 vista=26/39 al_publicar=168/225
[estado] fase=IDLE cuadros=9802 fallos=116 emitidos=32937 clientes=0 pisados=0 fps=10.0 edad=155 ms conservados=139/4 acopio=0/3 duplicados=0 rechazados=8
[latencia ms promedio/max] lectura=9/14 entrada=52/113 marcadores=23/29 cubos=107/139 proceso=132/161 vista=28/40 al_publicar=184/262
[estado] fase=IDLE cuadros=9831 fallos=116 emitidos=33035 clientes=0 pisados=0 fps=10.0 edad=177 ms conservados=139/4 acopio=0/3 duplicados=0 rechazados=8
[latencia ms promedio/max] lectura=8/13 entrada=50/99 marcadores=25/28 cubos=113/132 proceso=139/159 vista=29/41 al_publicar=189/237
[estado] fase=IDLE cuadros=9860 fallos=116 emitidos=33138 clientes=0 pisados=0 fps=10.0 edad=195 ms conservados=139/4 acopio=0/3 duplicados=0 rechazados=8
[cliente] conectado 127.0.0.1:59698
[cliente] desconectado 127.0.0.1:59698 (enviados=2 pisados=0)
[cliente] conectado 127.0.0.1:59699
[latencia ms promedio/max] lectura=8/13 entrada=50/117 marcadores=25/30 cubos=113/142 proceso=140/172 vista=30/40 al_publicar=190/268
[estado] fase=IDLE cuadros=9888 fallos=116 emitidos=33238 clientes=1 pisados=0 fps=10.0 edad=203 ms conservados=139/4 acopio=0/3 duplicados=0 rechazados=8
[cliente] desconectado 127.0.0.1:59699 (enviados=121 pisados=0)
[latencia ms promedio/max] lectura=8/10 entrada=55/114 marcadores=26/29 cubos=124/136 proceso=152/166 vista=32/41 al_publicar=208/261
[estado] fase=IDLE cuadros=9914 fallos=116 emitidos=33338 clientes=0 pisados=0 fps=10.0 edad=283 ms conservados=139/4 acopio=0/3 duplicados=0 rechazados=8
[latencia ms promedio/max] lectura=8/10 entrada=55/107 marcadores=27/30 cubos=118/150 proceso=146/180 vista=30/41 al_publicar=202/268
[estado] fase=IDLE cuadros=9941 fallos=116 emitidos=33437 clientes=0 pisados=0 fps=10.0 edad=176 ms conservados=139/4 acopio=0/3 duplicados=0 rechazados=8
[latencia ms promedio/max] lectura=8/9 entrada=43/82 marcadores=26/29 cubos=122/141 proceso=149/169 vista=32/39 al_publicar=193/251
[estado] fase=IDLE cuadros=9967 fallos=116 emitidos=33536 clientes=0 pisados=0 fps=10.0 edad=208 ms conservados=139/4 acopio=0/3 duplicados=0 rechazados=8
[latencia ms promedio/max] lectura=8/14 entrada=52/111 marcadores=23/27 cubos=105/137 proceso=130/165 vista=29/37 al_publicar=182/245
[estado] fase=IDLE cuadros=9997 fallos=116 emitidos=33636 clientes=0 pisados=0 fps=10.0 edad=212 ms conservados=139/4 acopio=0/3 duplicados=0 rechazados=8
[latencia ms promedio/max] lectura=7/12 entrada=54/101 marcadores=70/269 cubos=108/160 proceso=180/410 vista=27/38 al_publicar=234/476
[estado] fase=IDLE cuadros=10021 fallos=116 emitidos=33739 clientes=0 pisados=0 fps=10.0 edad=454 ms conservados=144/5 acopio=0/3 duplicados=0 rechazados=8
[aviso] marcadores vistos que NO son ni esquina ni rover declarado, y por eso se descartan: [37]. Si alguno es un robot de verdad, hay que agregarlo a deteccion_rovers.ids_rover; si no, son detecciones falsas de la cuadrícula.
[fase] se recuperaron las coordenadas tras 875 ms sin ver la cancha
[latencia ms promedio/max] lectura=8/12 entrada=65/101 marcadores=159/324 cubos=117/165 proceso=381/446 vista=27/41 al_publicar=454/502
[estado] fase=IDLE cuadros=10041 fallos=128 emitidos=33835 clientes=0 pisados=0 fps=10.0 edad=1385 ms conservados=152/7 acopio=0/3 duplicados=0 rechazados=8
[aviso] falta un marcador de esquina: se ven 2, y se viene conservando la geometría hace 1 cuadros (desvío 0.16 mm). Las coordenadas siguen siendo válidas.
[aviso] último problema: solo se ven 2 marcadores de esquina
[fase] se recuperaron las coordenadas tras 1562 ms sin ver la cancha
[latencia ms promedio/max] lectura=8/10 entrada=79/113 marcadores=242/265 cubos=108/147 proceso=358/390 vista=27/34 al_publicar=437/480
[estado] fase=IDLE cuadros=10055 fallos=130 emitidos=33939 clientes=0 pisados=0 fps=10.0 edad=484 ms conservados=164/7 acopio=0/3 duplicados=0 rechazados=8
[aviso] marcadores vistos que NO son ni esquina ni rover declarado, y por eso se descartan: [17, 37]. Si alguno es un robot de verdad, hay que agregarlo a deteccion_rovers.ids_rover; si no, son detecciones falsas de la cuadrícula.
[aviso] último problema: solo se ven 2 marcadores de esquina
[latencia ms promedio/max] lectura=8/12 entrada=66/98 marcadores=293/321 cubos=111/131 proceso=405/440 vista=30/37 al_publicar=470/529
[estado] fase=IDLE cuadros=10066 fallos=130 emitidos=34037 clientes=0 pisados=0 fps=10.0 edad=453 ms conservados=175/7 acopio=0/3 duplicados=0 rechazados=8
[aviso] marcadores vistos que NO son ni esquina ni rover declarado, y por eso se descartan: [37]. Si alguno es un robot de verdad, hay que agregarlo a deteccion_rovers.ids_rover; si no, son detecciones falsas de la cuadrícula.
[latencia ms promedio/max] lectura=8/12 entrada=52/101 marcadores=268/283 cubos=101/126 proceso=371/393 vista=29/37 al_publicar=423/493
[estado] fase=IDLE cuadros=10078 fallos=130 emitidos=34135 clientes=0 pisados=0 fps=10.0 edad=443 ms conservados=187/7 acopio=0/3 duplicados=0 rechazados=8
[aviso] marcadores vistos que NO son ni esquina ni rover declarado, y por eso se descartan: [37]. Si alguno es un robot de verdad, hay que agregarlo a deteccion_rovers.ids_rover; si no, son detecciones falsas de la cuadrícula.
[latencia ms promedio/max] lectura=9/13 entrada=76/116 marcadores=273/312 cubos=113/124 proceso=388/430 vista=30/39 al_publicar=464/545
[estado] fase=IDLE cuadros=10090 fallos=130 emitidos=34237 clientes=0 pisados=0 fps=10.0 edad=569 ms conservados=199/7 acopio=0/3 duplicados=0 rechazados=8
[aviso] marcadores vistos que NO son ni esquina ni rover declarado, y por eso se descartan: [37]. Si alguno es un robot de verdad, hay que agregarlo a deteccion_rovers.ids_rover; si no, son detecciones falsas de la cuadrícula.
[latencia ms promedio/max] lectura=8/13 entrada=38/120 marcadores=260/288 cubos=99/113 proceso=360/389 vista=29/34 al_publicar=398/509
[estado] fase=IDLE cuadros=10103 fallos=130 emitidos=34340 clientes=0 pisados=0 fps=10.0 edad=429 ms conservados=212/7 acopio=0/3 duplicados=0 rechazados=8
[aviso] marcadores vistos que NO son ni esquina ni rover declarado, y por eso se descartan: [37]. Si alguno es un robot de verdad, hay que agregarlo a deteccion_rovers.ids_rover; si no, son detecciones falsas de la cuadrícula.
[latencia ms promedio/max] lectura=8/12 entrada=48/69 marcadores=297/336 cubos=117/140 proceso=416/473 vista=30/40 al_publicar=464/534
[estado] fase=IDLE cuadros=10114 fallos=130 emitidos=34440 clientes=0 pisados=0 fps=10.0 edad=533 ms conservados=223/7 acopio=0/3 duplicados=0 rechazados=8
[aviso] marcadores vistos que NO son ni esquina ni rover declarado, y por eso se descartan: [37]. Si alguno es un robot de verdad, hay que agregarlo a deteccion_rovers.ids_rover; si no, son detecciones falsas de la cuadrícula.
[latencia ms promedio/max] lectura=8/13 entrada=49/77 marcadores=213/339 cubos=139/235 proceso=353/468 vista=31/38 al_publicar=402/514
[estado] fase=IDLE cuadros=10127 fallos=130 emitidos=34543 clientes=0 pisados=0 fps=10.0 edad=535 ms conservados=236/9 acopio=0/3 duplicados=0 rechazados=9
[aviso] marcadores rechazados por no ser plausibles: 1 por posición. No pueden ser marcadores de esta cancha: el detector los inventa sobre la cuadrícula del tablero. Ejemplo: ID 10 rechazado por posición, midió 93.2 mm donde se esperaban 0.0, en la celda (20.2, 45.0)
[aviso] falta un marcador de esquina: se ven 3, y se viene conservando la geometría hace 1 cuadros (desvío 0.18 mm). Las coordenadas siguen siendo válidas.
[latencia ms promedio/max] lectura=8/12 entrada=46/93 marcadores=291/360 cubos=106/122 proceso=398/483 vista=30/36 al_publicar=445/563
[estado] fase=IDLE cuadros=10138 fallos=130 emitidos=34638 clientes=0 pisados=0 fps=10.0 edad=438 ms conservados=247/9 acopio=0/3 duplicados=0 rechazados=9
[aviso] marcadores vistos que NO son ni esquina ni rover declarado, y por eso se descartan: [37]. Si alguno es un robot de verdad, hay que agregarlo a deteccion_rovers.ids_rover; si no, son detecciones falsas de la cuadrícula.
[latencia ms promedio/max] lectura=8/13 entrada=65/102 marcadores=269/284 cubos=102/115 proceso=373/386 vista=31/39 al_publicar=438/488
[estado] fase=IDLE cuadros=10150 fallos=130 emitidos=34738 clientes=0 pisados=0 fps=10.0 edad=488 ms conservados=259/9 acopio=0/3 duplicados=0 rechazados=9
[aviso] marcadores vistos que NO son ni esquina ni rover declarado, y por eso se descartan: [37]. Si alguno es un robot de verdad, hay que agregarlo a deteccion_rovers.ids_rover; si no, son detecciones falsas de la cuadrícula.
[latencia ms promedio/max] lectura=7/11 entrada=59/99 marcadores=206/273 cubos=108/174 proceso=315/411 vista=29/36 al_publicar=374/478
[estado] fase=IDLE cuadros=10164 fallos=130 emitidos=34836 clientes=0 pisados=0 fps=10.0 edad=213 ms conservados=267/9 acopio=0/3 duplicados=0 rechazados=9
[cliente] conectado 127.0.0.1:50973
[cliente] desconectado 127.0.0.1:50973 (enviados=2 pisados=0)
[cliente] conectado 127.0.0.1:50974
[latencia ms promedio/max] lectura=8/13 entrada=62/115 marcadores=23/30 cubos=106/146 proceso=131/176 vista=28/37 al_publicar=193/266
[estado] fase=IDLE cuadros=10194 fallos=130 emitidos=34936 clientes=1 pisados=0 fps=10.0 edad=208 ms conservados=267/9 acopio=0/3 duplicados=0 rechazados=9
[cliente] desconectado 127.0.0.1:50974 (enviados=148 pisados=0)
[latencia ms promedio/max] lectura=8/12 entrada=59/116 marcadores=23/28 cubos=106/129 proceso=131/158 vista=28/40 al_publicar=190/239
[estado] fase=IDLE cuadros=10224 fallos=130 emitidos=35036 clientes=0 pisados=0 fps=10.0 edad=232 ms conservados=267/9 acopio=0/3 duplicados=0 rechazados=9
[latencia ms promedio/max] lectura=8/12 entrada=67/109 marcadores=25/28 cubos=106/131 proceso=132/159 vista=30/40 al_publicar=200/263
[estado] fase=IDLE cuadros=10253 fallos=130 emitidos=35135 clientes=0 pisados=0 fps=10.0 edad=276 ms conservados=267/9 acopio=0/3 duplicados=0 rechazados=9
[latencia ms promedio/max] lectura=8/14 entrada=66/101 marcadores=25/29 cubos=111/137 proceso=137/164 vista=29/37 al_publicar=203/263
[estado] fase=IDLE cuadros=10282 fallos=130 emitidos=35236 clientes=0 pisados=0 fps=10.0 edad=217 ms conservados=267/9 acopio=0/3 duplicados=0 rechazados=9
[latencia ms promedio/max] lectura=8/9 entrada=43/109 marcadores=26/29 cubos=120/137 proceso=147/166 vista=31/40 al_publicar=190/274
[estado] fase=IDLE cuadros=10309 fallos=130 emitidos=35337 clientes=0 pisados=0 fps=10.0 edad=234 ms conservados=267/9 acopio=0/3 duplicados=0 rechazados=9
[latencia ms promedio/max] lectura=8/12 entrada=55/106 marcadores=25/29 cubos=108/136 proceso=135/164 vista=29/40 al_publicar=190/258
[estado] fase=IDLE cuadros=10338 fallos=130 emitidos=35437 clientes=0 pisados=0 fps=10.0 edad=244 ms conservados=267/9 acopio=0/3 duplicados=0 rechazados=9
[cliente] conectado 127.0.0.1:50990
[cliente] desconectado 127.0.0.1:50990 (enviados=2 pisados=0)
[cliente] conectado 127.0.0.1:50993
[latencia ms promedio/max] lectura=8/11 entrada=60/111 marcadores=25/30 cubos=108/151 proceso=134/179 vista=28/37 al_publicar=193/255
[estado] fase=IDLE cuadros=10367 fallos=130 emitidos=35535 clientes=1 pisados=0 fps=10.0 edad=264 ms conservados=267/9 acopio=0/3 duplicados=0 rechazados=9
[cliente] desconectado 127.0.0.1:50993 (enviados=121 pisados=0)
[latencia ms promedio/max] lectura=8/14 entrada=59/110 marcadores=25/30 cubos=109/149 proceso=135/177 vista=30/40 al_publicar=195/262
[estado] fase=IDLE cuadros=10396 fallos=130 emitidos=35635 clientes=0 pisados=0 fps=10.0 edad=277 ms conservados=267/9 acopio=0/3 duplicados=0 rechazados=9
[latencia ms promedio/max] lectura=8/10 entrada=59/105 marcadores=144/311 cubos=113/202 proceso=259/489 vista=32/41 al_publicar=318/565
[estado] fase=IDLE cuadros=10413 fallos=130 emitidos=35737 clientes=0 pisados=0 fps=10.0 edad=473 ms conservados=273/9 acopio=0/3 duplicados=0 rechazados=9
[latencia ms promedio/max] lectura=7/10 entrada=54/102 marcadores=271/309 cubos=93/107 proceso=366/405 vista=27/34 al_publicar=420/489
[estado] fase=IDLE cuadros=10426 fallos=130 emitidos=35841 clientes=0 pisados=0 fps=10.0 edad=386 ms conservados=286/9 acopio=0/3 duplicados=0 rechazados=9
[fase] se recuperaron las coordenadas tras 1453 ms sin ver la cancha
[latencia ms promedio/max] lectura=9/12 entrada=63/112 marcadores=149/356 cubos=122/144 proceso=413/481 vista=23/37 al_publicar=488/554
[estado] fase=IDLE cuadros=10448 fallos=144 emitidos=35941 clientes=0 pisados=0 fps=10.0 edad=550 ms conservados=294/9 acopio=0/3 duplicados=0 rechazados=11
[aviso] marcadores rechazados por no ser plausibles: 1 por posición, 1 por tamaño. No pueden ser marcadores de esta cancha: el detector los inventa sobre la cuadrícula del tablero. Ejemplo: ID 10 rechazado por tamaño, midió 153.6 mm donde se esperaban 42.0, en la celda (5.1, 31.8)
[aviso] marcadores vistos que NO son ni esquina ni rover declarado, y por eso se descartan: [37]. Si alguno es un robot de verdad, hay que agregarlo a deteccion_rovers.ids_rover; si no, son detecciones falsas de la cuadrícula.
[aviso] falta un marcador de esquina: se ven 3, y se viene conservando la geometría hace 3 cuadros (desvío 0.13 mm). Las coordenadas siguen siendo válidas.
[aviso] último problema: solo se ven 2 marcadores de esquina
[latencia ms promedio/max] lectura=9/13 entrada=26/45 marcadores=266/297 cubos=104/116 proceso=371/415 vista=28/34 al_publicar=397/459
[estado] fase=IDLE cuadros=10460 fallos=144 emitidos=36039 clientes=0 pisados=0 fps=10.0 edad=436 ms conservados=306/9 acopio=0/3 duplicados=0 rechazados=11
[aviso] marcadores vistos que NO son ni esquina ni rover declarado, y por eso se descartan: [37]. Si alguno es un robot de verdad, hay que agregarlo a deteccion_rovers.ids_rover; si no, son detecciones falsas de la cuadrícula.
[aviso] falta un marcador de esquina: se ven 3, y se viene conservando la geometría hace 15 cuadros (desvío 0.27 mm). Las coordenadas siguen siendo válidas.
[latencia ms promedio/max] lectura=8/11 entrada=39/64 marcadores=255/281 cubos=122/159 proceso=379/420 vista=31/37 al_publicar=418/472
[estado] fase=IDLE cuadros=10472 fallos=144 emitidos=36139 clientes=0 pisados=0 fps=10.0 edad=466 ms conservados=318/9 acopio=0/3 duplicados=0 rechazados=11
[aviso] marcadores vistos que NO son ni esquina ni rover declarado, y por eso se descartan: [37]. Si alguno es un robot de verdad, hay que agregarlo a deteccion_rovers.ids_rover; si no, son detecciones falsas de la cuadrícula.
[aviso] falta un marcador de esquina: se ven 3, y se viene conservando la geometría hace 27 cuadros (desvío 0.24 mm). Las coordenadas siguen siendo válidas.
[latencia ms promedio/max] lectura=8/12 entrada=60/101 marcadores=271/319 cubos=137/185 proceso=409/505 vista=30/44 al_publicar=469/561
[estado] fase=IDLE cuadros=10483 fallos=144 emitidos=36238 clientes=0 pisados=0 fps=10.0 edad=489 ms conservados=329/9 acopio=0/3 duplicados=0 rechazados=11
[aviso] marcadores vistos que NO son ni esquina ni rover declarado, y por eso se descartan: [37]. Si alguno es un robot de verdad, hay que agregarlo a deteccion_rovers.ids_rover; si no, son detecciones falsas de la cuadrícula.
[aviso] falta un marcador de esquina: se ven 3, y se viene conservando la geometría hace 38 cuadros (desvío 0.11 mm). Las coordenadas siguen siendo válidas.
[latencia ms promedio/max] lectura=8/12 entrada=58/102 marcadores=263/325 cubos=108/147 proceso=373/473 vista=30/38 al_publicar=430/574
[estado] fase=IDLE cuadros=10495 fallos=144 emitidos=36337 clientes=0 pisados=0 fps=10.0 edad=435 ms conservados=341/10 acopio=0/3 duplicados=0 rechazados=11
[aviso] marcadores vistos que NO son ni esquina ni rover declarado, y por eso se descartan: [37]. Si alguno es un robot de verdad, hay que agregarlo a deteccion_rovers.ids_rover; si no, son detecciones falsas de la cuadrícula.
[aviso] falta un marcador de esquina: se ven 3, y se viene conservando la geometría hace 50 cuadros (desvío 0.13 mm). Las coordenadas siguen siendo válidas.
[latencia ms promedio/max] lectura=8/17 entrada=63/104 marcadores=262/308 cubos=114/137 proceso=377/446 vista=30/39 al_publicar=440/544
[estado] fase=IDLE cuadros=10507 fallos=144 emitidos=36436 clientes=0 pisados=0 fps=10.0 edad=415 ms conservados=353/10 acopio=0/3 duplicados=0 rechazados=11
[aviso] marcadores vistos que NO son ni esquina ni rover declarado, y por eso se descartan: [37]. Si alguno es un robot de verdad, hay que agregarlo a deteccion_rovers.ids_rover; si no, son detecciones falsas de la cuadrícula.
[aviso] falta un marcador de esquina: se ven 3, y se viene conservando la geometría hace 62 cuadros (desvío 0.14 mm). Las coordenadas siguen siendo válidas.
[latencia ms promedio/max] lectura=7/14 entrada=28/53 marcadores=233/253 cubos=114/133 proceso=348/374 vista=30/38 al_publicar=376/402
[estado] fase=IDLE cuadros=10520 fallos=144 emitidos=36536 clientes=0 pisados=0 fps=10.0 edad=430 ms conservados=366/10 acopio=0/3 duplicados=0 rechazados=11
[aviso] falta un marcador de esquina: se ven 3, y se viene conservando la geometría hace 75 cuadros (desvío 0.13 mm). Las coordenadas siguen siendo válidas.
[latencia ms promedio/max] lectura=8/9 entrada=63/101 marcadores=274/303 cubos=123/141 proceso=398/439 vista=29/35 al_publicar=461/523
[estado] fase=IDLE cuadros=10532 fallos=144 emitidos=36641 clientes=0 pisados=0 fps=10.0 edad=458 ms conservados=378/10 acopio=0/3 duplicados=0 rechazados=11
[aviso] marcadores vistos que NO son ni esquina ni rover declarado, y por eso se descartan: [37]. Si alguno es un robot de verdad, hay que agregarlo a deteccion_rovers.ids_rover; si no, son detecciones falsas de la cuadrícula.
[aviso] falta un marcador de esquina: se ven 3, y se viene conservando la geometría hace 87 cuadros (desvío 0.12 mm). Las coordenadas siguen siendo válidas.
[latencia ms promedio/max] lectura=8/12 entrada=61/93 marcadores=278/306 cubos=113/141 proceso=393/432 vista=29/40 al_publicar=454/508
[estado] fase=IDLE cuadros=10543 fallos=144 emitidos=36736 clientes=0 pisados=0 fps=10.0 edad=397 ms conservados=389/10 acopio=0/3 duplicados=0 rechazados=11
[aviso] marcadores vistos que NO son ni esquina ni rover declarado, y por eso se descartan: [17]. Si alguno es un robot de verdad, hay que agregarlo a deteccion_rovers.ids_rover; si no, son detecciones falsas de la cuadrícula.
[aviso] falta un marcador de esquina: se ven 3, y se viene conservando la geometría hace 98 cuadros (desvío 0.30 mm). Las coordenadas siguen siendo válidas.
[latencia ms promedio/max] lectura=8/10 entrada=67/101 marcadores=266/315 cubos=118/145 proceso=385/462 vista=32/41 al_publicar=452/552
[estado] fase=IDLE cuadros=10555 fallos=144 emitidos=36838 clientes=0 pisados=0 fps=10.0 edad=592 ms conservados=401/10 acopio=0/3 duplicados=0 rechazados=11
[aviso] marcadores vistos que NO son ni esquina ni rover declarado, y por eso se descartan: [37]. Si alguno es un robot de verdad, hay que agregarlo a deteccion_rovers.ids_rover; si no, son detecciones falsas de la cuadrícula.
[aviso] falta un marcador de esquina: se ven 3, y se viene conservando la geometría hace 110 cuadros (desvío 0.18 mm). Las coordenadas siguen siendo válidas.
[latencia ms promedio/max] lectura=9/13 entrada=64/94 marcadores=266/287 cubos=130/167 proceso=397/426 vista=30/37 al_publicar=461/516
[estado] fase=IDLE cuadros=10567 fallos=144 emitidos=36942 clientes=0 pisados=0 fps=10.0 edad=505 ms conservados=407/10 acopio=0/3 duplicados=0 rechazados=11
[aviso] falta un marcador de esquina: se ven 3, y se viene conservando la geometría hace 122 cuadros (desvío 0.36 mm). Las coordenadas siguen siendo válidas.
[latencia ms promedio/max] lectura=8/12 entrada=52/101 marcadores=274/310 cubos=112/136 proceso=387/444 vista=32/44 al_publicar=439/511
[estado] fase=IDLE cuadros=10578 fallos=144 emitidos=37036 clientes=0 pisados=0 fps=10.0 edad=521 ms conservados=407/10 acopio=0/3 duplicados=0 rechazados=11
[aviso] marcadores vistos que NO son ni esquina ni rover declarado, y por eso se descartan: [37]. Si alguno es un robot de verdad, hay que agregarlo a deteccion_rovers.ids_rover; si no, son detecciones falsas de la cuadrícula.
[aviso] falta un marcador de esquina: se ven 3, y se viene conservando la geometría hace 133 cuadros (desvío 0.33 mm). Las coordenadas siguen siendo válidas.
[latencia ms promedio/max] lectura=8/12 entrada=54/102 marcadores=219/262 cubos=109/174 proceso=330/377 vista=26/32 al_publicar=384/469
[estado] fase=IDLE cuadros=10592 fallos=144 emitidos=37138 clientes=0 pisados=0 fps=10.0 edad=221 ms conservados=407/10 acopio=0/3 duplicados=0 rechazados=11
[aviso] marcadores vistos que NO son ni esquina ni rover declarado, y por eso se descartan: [34, 37]. Si alguno es un robot de verdad, hay que agregarlo a deteccion_rovers.ids_rover; si no, son detecciones falsas de la cuadrícula.
[latencia ms promedio/max] lectura=8/13 entrada=55/97 marcadores=32/296 cubos=104/116 proceso=137/413 vista=27/36 al_publicar=193/421
[estado] fase=IDLE cuadros=10620 fallos=144 emitidos=37235 clientes=0 pisados=0 fps=10.0 edad=250 ms conservados=407/10 acopio=0/3 duplicados=0 rechazados=11
[latencia ms promedio/max] lectura=8/10 entrada=54/102 marcadores=25/31 cubos=119/153 proceso=146/185 vista=30/45 al_publicar=200/279
[estado] fase=IDLE cuadros=10648 fallos=144 emitidos=37338 clientes=0 pisados=0 fps=10.0 edad=195 ms conservados=407/10 acopio=0/3 duplicados=0 rechazados=11
[latencia ms promedio/max] lectura=8/11 entrada=59/114 marcadores=27/30 cubos=124/148 proceso=152/179 vista=30/39 al_publicar=212/266
[estado] fase=IDLE cuadros=10674 fallos=144 emitidos=37437 clientes=0 pisados=0 fps=10.0 edad=267 ms conservados=407/10 acopio=0/3 duplicados=0 rechazados=11
[latencia ms promedio/max] lectura=9/12 entrada=57/104 marcadores=27/29 cubos=123/143 proceso=152/174 vista=30/39 al_publicar=209/271
[estado] fase=IDLE cuadros=10700 fallos=144 emitidos=37536 clientes=0 pisados=0 fps=10.0 edad=224 ms conservados=407/10 acopio=0/3 duplicados=0 rechazados=11
[latencia ms promedio/max] lectura=9/13 entrada=70/112 marcadores=28/30 cubos=123/147 proceso=152/177 vista=31/38 al_publicar=222/288
[estado] fase=IDLE cuadros=10726 fallos=144 emitidos=37636 clientes=0 pisados=0 fps=10.0 edad=224 ms conservados=407/10 acopio=0/3 duplicados=0 rechazados=11
[latencia ms promedio/max] lectura=8/10 entrada=60/104 marcadores=27/30 cubos=134/145 proceso=163/176 vista=33/42 al_publicar=223/268
[estado] fase=IDLE cuadros=10751 fallos=144 emitidos=37739 clientes=0 pisados=0 fps=10.0 edad=236 ms conservados=407/10 acopio=0/3 duplicados=0 rechazados=11
[latencia ms promedio/max] lectura=9/10 entrada=64/115 marcadores=29/31 cubos=135/147 proceso=165/178 vista=32/40 al_publicar=229/277
[estado] fase=IDLE cuadros=10775 fallos=144 emitidos=37838 clientes=0 pisados=0 fps=10.0 edad=294 ms conservados=407/10 acopio=0/3 duplicados=0 rechazados=11
[latencia ms promedio/max] lectura=9/11 entrada=67/97 marcadores=28/30 cubos=131/158 proceso=161/190 vista=32/41 al_publicar=228/258
[estado] fase=IDLE cuadros=10800 fallos=144 emitidos=37939 clientes=0 pisados=0 fps=10.0 edad=252 ms conservados=407/10 acopio=0/3 duplicados=0 rechazados=11
[latencia ms promedio/max] lectura=9/12 entrada=60/118 marcadores=27/30 cubos=129/148 proceso=158/177 vista=32/40 al_publicar=218/279
[estado] fase=IDLE cuadros=10825 fallos=144 emitidos=38039 clientes=0 pisados=0 fps=10.0 edad=246 ms conservados=407/10 acopio=0/3 duplicados=0 rechazados=11
[latencia ms promedio/max] lectura=9/11 entrada=52/101 marcadores=27/30 cubos=119/143 proceso=148/173 vista=31/39 al_publicar=200/254
[estado] fase=IDLE cuadros=10851 fallos=144 emitidos=38136 clientes=0 pisados=0 fps=10.0 edad=211 ms conservados=407/10 acopio=0/3 duplicados=0 rechazados=11
[latencia ms promedio/max] lectura=8/12 entrada=62/121 marcadores=27/31 cubos=125/155 proceso=154/186 vista=33/43 al_publicar=215/276
[estado] fase=IDLE cuadros=10877 fallos=144 emitidos=38238 clientes=0 pisados=0 fps=10.0 edad=208 ms conservados=407/10 acopio=0/3 duplicados=0 rechazados=11
[latencia ms promedio/max] lectura=8/10 entrada=64/119 marcadores=26/29 cubos=124/139 proceso=152/168 vista=30/39 al_publicar=216/271
[estado] fase=IDLE cuadros=10903 fallos=144 emitidos=38337 clientes=0 pisados=0 fps=10.0 edad=248 ms conservados=407/10 acopio=0/3 duplicados=0 rechazados=11
[latencia ms promedio/max] lectura=8/9 entrada=53/105 marcadores=27/28 cubos=118/140 proceso=147/170 vista=30/38 al_publicar=200/239
[estado] fase=IDLE cuadros=10930 fallos=144 emitidos=38437 clientes=0 pisados=0 fps=10.0 edad=243 ms conservados=407/10 acopio=0/3 duplicados=0 rechazados=11
[latencia ms promedio/max] lectura=8/11 entrada=54/119 marcadores=27/30 cubos=116/125 proceso=144/152 vista=31/37 al_publicar=198/254
[estado] fase=IDLE cuadros=10957 fallos=144 emitidos=38535 clientes=0 pisados=0 fps=10.0 edad=287 ms conservados=407/10 acopio=0/3 duplicados=0 rechazados=11
[latencia ms promedio/max] lectura=8/11 entrada=62/109 marcadores=27/30 cubos=120/141 proceso=149/171 vista=31/43 al_publicar=210/263
[estado] fase=IDLE cuadros=10984 fallos=144 emitidos=38637 clientes=0 pisados=0 fps=10.0 edad=260 ms conservados=407/10 acopio=0/3 duplicados=0 rechazados=11
[latencia ms promedio/max] lectura=8/10 entrada=48/107 marcadores=28/31 cubos=125/150 proceso=154/180 vista=31/41 al_publicar=202/272
[estado] fase=IDLE cuadros=11010 fallos=144 emitidos=38738 clientes=0 pisados=0 fps=10.0 edad=204 ms conservados=407/10 acopio=0/3 duplicados=0 rechazados=11
[latencia ms promedio/max] lectura=8/10 entrada=55/108 marcadores=27/30 cubos=121/145 proceso=150/176 vista=31/40 al_publicar=205/277
[estado] fase=IDLE cuadros=11036 fallos=144 emitidos=38836 clientes=0 pisados=0 fps=10.0 edad=233 ms conservados=407/10 acopio=0/3 duplicados=0 rechazados=11
[latencia ms promedio/max] lectura=8/14 entrada=56/104 marcadores=26/29 cubos=114/122 proceso=141/150 vista=30/38 al_publicar=198/249
[estado] fase=IDLE cuadros=11064 fallos=144 emitidos=38937 clientes=0 pisados=0 fps=10.0 edad=246 ms conservados=407/11 acopio=0/3 duplicados=0 rechazados=11
[latencia ms promedio/max] lectura=8/10 entrada=60/115 marcadores=26/29 cubos=114/125 proceso=141/154 vista=30/37 al_publicar=202/250
[estado] fase=IDLE cuadros=11092 fallos=144 emitidos=39037 clientes=0 pisados=0 fps=10.0 edad=184 ms conservados=407/11 acopio=0/3 duplicados=0 rechazados=11
[latencia ms promedio/max] lectura=8/10 entrada=62/117 marcadores=27/29 cubos=112/122 proceso=140/152 vista=31/38 al_publicar=202/260
[estado] fase=IDLE cuadros=11120 fallos=144 emitidos=39138 clientes=0 pisados=0 fps=10.0 edad=285 ms conservados=407/11 acopio=0/3 duplicados=0 rechazados=11
[latencia ms promedio/max] lectura=9/12 entrada=57/103 marcadores=27/30 cubos=113/138 proceso=142/169 vista=31/41 al_publicar=199/268
[estado] fase=IDLE cuadros=11147 fallos=144 emitidos=39236 clientes=0 pisados=0 fps=10.0 edad=212 ms conservados=407/11 acopio=0/3 duplicados=0 rechazados=11
[latencia ms promedio/max] lectura=9/11 entrada=52/115 marcadores=28/30 cubos=128/150 proceso=158/180 vista=33/38 al_publicar=210/267
[estado] fase=IDLE cuadros=11172 fallos=144 emitidos=39336 clientes=0 pisados=0 fps=10.0 edad=298 ms conservados=407/11 acopio=0/3 duplicados=0 rechazados=11
[latencia ms promedio/max] lectura=9/12 entrada=61/105 marcadores=28/30 cubos=127/141 proceso=157/171 vista=32/41 al_publicar=217/254
[estado] fase=IDLE cuadros=11197 fallos=144 emitidos=39435 clientes=0 pisados=0 fps=10.0 edad=244 ms conservados=407/11 acopio=0/3 duplicados=0 rechazados=11
[latencia ms promedio/max] lectura=9/11 entrada=49/105 marcadores=28/34 cubos=126/142 proceso=155/170 vista=31/40 al_publicar=204/261
[estado] fase=IDLE cuadros=11223 fallos=144 emitidos=39536 clientes=0 pisados=0 fps=10.0 edad=219 ms conservados=407/11 acopio=0/3 duplicados=0 rechazados=11
[latencia ms promedio/max] lectura=8/11 entrada=58/107 marcadores=28/29 cubos=122/142 proceso=151/170 vista=31/38 al_publicar=210/258
[estado] fase=IDLE cuadros=11249 fallos=144 emitidos=39635 clientes=0 pisados=0 fps=10.0 edad=273 ms conservados=407/11 acopio=0/3 duplicados=0 rechazados=11
[latencia ms promedio/max] lectura=9/10 entrada=68/120 marcadores=28/31 cubos=131/156 proceso=161/188 vista=32/39 al_publicar=228/286
[estado] fase=IDLE cuadros=11274 fallos=144 emitidos=39736 clientes=0 pisados=0 fps=10.0 edad=306 ms conservados=407/11 acopio=0/3 duplicados=0 rechazados=11
[latencia ms promedio/max] lectura=9/9 entrada=63/118 marcadores=28/30 cubos=124/148 proceso=153/175 vista=33/40 al_publicar=216/263
[estado] fase=IDLE cuadros=11300 fallos=144 emitidos=39837 clientes=0 pisados=0 fps=10.0 edad=268 ms conservados=407/11 acopio=0/3 duplicados=0 rechazados=11
[latencia ms promedio/max] lectura=9/11 entrada=68/100 marcadores=28/30 cubos=122/141 proceso=152/171 vista=30/38 al_publicar=220/263
[estado] fase=IDLE cuadros=11326 fallos=144 emitidos=39936 clientes=0 pisados=0 fps=10.0 edad=223 ms conservados=407/11 acopio=0/3 duplicados=0 rechazados=11
[latencia ms promedio/max] lectura=8/10 entrada=66/119 marcadores=27/30 cubos=135/155 proceso=164/186 vista=32/40 al_publicar=231/289
[estado] fase=IDLE cuadros=11351 fallos=144 emitidos=40039 clientes=0 pisados=0 fps=10.0 edad=258 ms conservados=407/11 acopio=0/3 duplicados=0 rechazados=11
[latencia ms promedio/max] lectura=9/10 entrada=57/117 marcadores=28/36 cubos=141/163 proceso=171/201 vista=35/44 al_publicar=227/282
[estado] fase=IDLE cuadros=11374 fallos=144 emitidos=40138 clientes=0 pisados=0 fps=10.0 edad=294 ms conservados=407/11 acopio=0/3 duplicados=0 rechazados=11
[latencia ms promedio/max] lectura=9/11 entrada=57/104 marcadores=28/30 cubos=137/151 proceso=167/181 vista=35/43 al_publicar=224/280
[estado] fase=IDLE cuadros=11397 fallos=144 emitidos=40235 clientes=0 pisados=0 fps=10.0 edad=251 ms conservados=407/11 acopio=0/3 duplicados=0 rechazados=11
[latencia ms promedio/max] lectura=8/11 entrada=57/103 marcadores=27/30 cubos=133/155 proceso=161/187 vista=32/40 al_publicar=218/275
[estado] fase=IDLE cuadros=11422 fallos=144 emitidos=40336 clientes=0 pisados=0 fps=10.0 edad=191 ms conservados=407/11 acopio=0/3 duplicados=0 rechazados=11
[latencia ms promedio/max] lectura=9/13 entrada=51/111 marcadores=28/30 cubos=131/147 proceso=161/177 vista=32/39 al_publicar=212/285
[estado] fase=IDLE cuadros=11447 fallos=144 emitidos=40437 clientes=0 pisados=0 fps=10.0 edad=241 ms conservados=407/11 acopio=0/3 duplicados=0 rechazados=11
[latencia ms promedio/max] lectura=9/10 entrada=55/114 marcadores=28/31 cubos=136/152 proceso=166/181 vista=33/41 al_publicar=221/288
[estado] fase=IDLE cuadros=11471 fallos=144 emitidos=40536 clientes=0 pisados=0 fps=10.0 edad=325 ms conservados=407/11 acopio=0/3 duplicados=0 rechazados=11
[latencia ms promedio/max] lectura=9/14 entrada=53/120 marcadores=29/34 cubos=136/152 proceso=166/185 vista=34/43 al_publicar=219/283
[estado] fase=IDLE cuadros=11495 fallos=144 emitidos=40636 clientes=0 pisados=0 fps=10.0 edad=230 ms conservados=407/11 acopio=0/3 duplicados=0 rechazados=11
[latencia ms promedio/max] lectura=9/13 entrada=59/104 marcadores=28/30 cubos=134/155 proceso=164/185 vista=32/44 al_publicar=223/286
[estado] fase=IDLE cuadros=11520 fallos=144 emitidos=40739 clientes=0 pisados=0 fps=10.0 edad=239 ms conservados=407/11 acopio=0/3 duplicados=0 rechazados=11
[latencia ms promedio/max] lectura=8/10 entrada=56/113 marcadores=28/34 cubos=132/147 proceso=161/176 vista=33/40 al_publicar=217/274
[estado] fase=IDLE cuadros=11544 fallos=144 emitidos=40836 clientes=0 pisados=0 fps=10.0 edad=223 ms conservados=407/11 acopio=0/3 duplicados=0 rechazados=11
[latencia ms promedio/max] lectura=9/15 entrada=58/107 marcadores=27/29 cubos=126/146 proceso=154/176 vista=33/41 al_publicar=213/269
[estado] fase=IDLE cuadros=11570 fallos=144 emitidos=40938 clientes=0 pisados=0 fps=10.0 edad=212 ms conservados=407/11 acopio=0/3 duplicados=0 rechazados=11
[latencia ms promedio/max] lectura=9/11 entrada=51/102 marcadores=28/30 cubos=137/156 proceso=166/186 vista=33/40 al_publicar=217/271
[estado] fase=IDLE cuadros=11594 fallos=144 emitidos=41038 clientes=0 pisados=0 fps=10.0 edad=226 ms conservados=407/11 acopio=0/3 duplicados=0 rechazados=11
[latencia ms promedio/max] lectura=8/9 entrada=58/118 marcadores=27/30 cubos=132/152 proceso=161/182 vista=33/43 al_publicar=219/271
[estado] fase=IDLE cuadros=11618 fallos=144 emitidos=41135 clientes=0 pisados=0 fps=10.0 edad=286 ms conservados=407/11 acopio=0/3 duplicados=0 rechazados=11
[latencia ms promedio/max] lectura=8/10 entrada=60/111 marcadores=28/30 cubos=121/147 proceso=150/178 vista=30/38 al_publicar=210/268
[estado] fase=IDLE cuadros=11645 fallos=144 emitidos=41237 clientes=0 pisados=0 fps=10.0 edad=278 ms conservados=407/11 acopio=0/3 duplicados=0 rechazados=11
[latencia ms promedio/max] lectura=9/14 entrada=53/117 marcadores=27/29 cubos=118/149 proceso=147/179 vista=31/40 al_publicar=200/278
[estado] fase=IDLE cuadros=11672 fallos=144 emitidos=41339 clientes=0 pisados=0 fps=10.0 edad=227 ms conservados=407/11 acopio=0/3 duplicados=0 rechazados=11
[latencia ms promedio/max] lectura=9/11 entrada=61/120 marcadores=28/30 cubos=128/162 proceso=157/192 vista=32/40 al_publicar=219/300
[estado] fase=IDLE cuadros=11697 fallos=144 emitidos=41438 clientes=0 pisados=0 fps=10.0 edad=200 ms conservados=407/11 acopio=0/3 duplicados=0 rechazados=11
[latencia ms promedio/max] lectura=9/10 entrada=47/120 marcadores=27/29 cubos=134/153 proceso=162/183 vista=31/41 al_publicar=209/280
[estado] fase=IDLE cuadros=11721 fallos=144 emitidos=41535 clientes=0 pisados=0 fps=10.0 edad=252 ms conservados=407/11 acopio=0/3 duplicados=0 rechazados=11
[latencia ms promedio/max] lectura=8/11 entrada=58/102 marcadores=27/29 cubos=121/138 proceso=150/169 vista=31/40 al_publicar=208/261
[estado] fase=IDLE cuadros=11748 fallos=144 emitidos=41637 clientes=0 pisados=0 fps=10.0 edad=273 ms conservados=407/11 acopio=0/3 duplicados=0 rechazados=11
[latencia ms promedio/max] lectura=8/10 entrada=66/118 marcadores=27/29 cubos=127/142 proceso=156/172 vista=33/41 al_publicar=222/274
[estado] fase=IDLE cuadros=11773 fallos=144 emitidos=41736 clientes=0 pisados=0 fps=10.0 edad=303 ms conservados=407/11 acopio=0/3 duplicados=0 rechazados=11
[latencia ms promedio/max] lectura=9/10 entrada=66/99 marcadores=28/30 cubos=128/147 proceso=158/175 vista=30/37 al_publicar=224/264
[estado] fase=IDLE cuadros=11799 fallos=144 emitidos=41838 clientes=0 pisados=0 fps=10.0 edad=213 ms conservados=407/11 acopio=0/3 duplicados=0 rechazados=11
[latencia ms promedio/max] lectura=9/11 entrada=71/120 marcadores=28/32 cubos=127/150 proceso=157/179 vista=32/45 al_publicar=228/277
[estado] fase=IDLE cuadros=11824 fallos=144 emitidos=41937 clientes=0 pisados=0 fps=10.0 edad=248 ms conservados=407/11 acopio=0/3 duplicados=0 rechazados=11
[latencia ms promedio/max] lectura=9/10 entrada=57/112 marcadores=28/30 cubos=138/152 proceso=167/181 vista=33/42 al_publicar=224/280
[estado] fase=IDLE cuadros=11848 fallos=144 emitidos=42037 clientes=0 pisados=0 fps=10.0 edad=268 ms conservados=407/11 acopio=0/3 duplicados=0 rechazados=11
[latencia ms promedio/max] lectura=8/13 entrada=62/111 marcadores=25/30 cubos=116/150 proceso=143/180 vista=29/39 al_publicar=205/270
[estado] fase=IDLE cuadros=11876 fallos=144 emitidos=42138 clientes=0 pisados=0 fps=10.0 edad=191 ms conservados=407/11 acopio=0/3 duplicados=0 rechazados=11
[latencia ms promedio/max] lectura=8/11 entrada=62/103 marcadores=27/30 cubos=118/143 proceso=146/172 vista=30/41 al_publicar=208/262
[estado] fase=IDLE cuadros=11903 fallos=144 emitidos=42237 clientes=0 pisados=0 fps=10.0 edad=246 ms conservados=407/11 acopio=0/3 duplicados=0 rechazados=11
[latencia ms promedio/max] lectura=8/10 entrada=63/105 marcadores=26/29 cubos=118/144 proceso=146/173 vista=30/43 al_publicar=209/278
[estado] fase=IDLE cuadros=11930 fallos=144 emitidos=42336 clientes=0 pisados=0 fps=10.0 edad=185 ms conservados=407/11 acopio=0/3 duplicados=0 rechazados=11
[latencia ms promedio/max] lectura=8/13 entrada=58/112 marcadores=25/30 cubos=111/136 proceso=138/164 vista=30/40 al_publicar=196/273
[estado] fase=IDLE cuadros=11959 fallos=144 emitidos=42438 clientes=0 pisados=0 fps=10.0 edad=195 ms conservados=407/11 acopio=0/3 duplicados=0 rechazados=11
[latencia ms promedio/max] lectura=8/14 entrada=50/112 marcadores=26/29 cubos=120/138 proceso=147/169 vista=31/42 al_publicar=197/255
[estado] fase=IDLE cuadros=11985 fallos=144 emitidos=42535 clientes=0 pisados=0 fps=10.0 edad=262 ms conservados=407/11 acopio=0/3 duplicados=0 rechazados=11
[latencia ms promedio/max] lectura=8/9 entrada=58/105 marcadores=25/28 cubos=116/144 proceso=143/172 vista=30/39 al_publicar=201/250
[estado] fase=IDLE cuadros=12013 fallos=144 emitidos=42636 clientes=0 pisados=0 fps=10.0 edad=207 ms conservados=407/11 acopio=0/3 duplicados=0 rechazados=11
[latencia ms promedio/max] lectura=6/12 entrada=55/106 marcadores=16/27 cubos=75/123 proceso=91/151 vista=24/37 al_publicar=147/233
[estado] fase=IDLE cuadros=12054 fallos=144 emitidos=42735 clientes=0 pisados=0 fps=10.0 edad=253 ms conservados=407/11 acopio=0/3 duplicados=0 rechazados=11
[latencia ms promedio/max] lectura=8/13 entrada=60/116 marcadores=23/29 cubos=103/130 proceso=128/157 vista=27/39 al_publicar=188/247
[estado] fase=IDLE cuadros=12085 fallos=144 emitidos=42836 clientes=0 pisados=0 fps=10.0 edad=193 ms conservados=407/11 acopio=0/3 duplicados=0 rechazados=11
[latencia ms promedio/max] lectura=7/13 entrada=66/117 marcadores=24/28 cubos=107/142 proceso=133/171 vista=27/40 al_publicar=198/286
[estado] fase=IDLE cuadros=12115 fallos=144 emitidos=42936 clientes=0 pisados=0 fps=10.0 edad=204 ms conservados=407/11 acopio=0/3 duplicados=0 rechazados=11
[latencia ms promedio/max] lectura=7/12 entrada=56/101 marcadores=23/27 cubos=100/120 proceso=124/145 vista=26/36 al_publicar=180/245
[estado] fase=IDLE cuadros=12147 fallos=144 emitidos=43037 clientes=0 pisados=0 fps=10.0 edad=161 ms conservados=407/11 acopio=0/3 duplicados=0 rechazados=11
[latencia ms promedio/max] lectura=7/9 entrada=42/105 marcadores=23/31 cubos=114/140 proceso=138/172 vista=30/45 al_publicar=181/258
[estado] fase=IDLE cuadros=12175 fallos=144 emitidos=43135 clientes=0 pisados=0 fps=10.0 edad=288 ms conservados=407/11 acopio=0/3 duplicados=0 rechazados=11
[latencia ms promedio/max] lectura=8/10 entrada=73/109 marcadores=27/31 cubos=127/152 proceso=155/182 vista=32/42 al_publicar=228/278
[estado] fase=IDLE cuadros=12201 fallos=144 emitidos=43238 clientes=0 pisados=0 fps=10.0 edad=200 ms conservados=407/11 acopio=0/3 duplicados=0 rechazados=11
[latencia ms promedio/max] lectura=7/12 entrada=49/101 marcadores=23/29 cubos=102/131 proceso=126/161 vista=29/39 al_publicar=175/255
[estado] fase=IDLE cuadros=12231 fallos=144 emitidos=43335 clientes=0 pisados=0 fps=10.0 edad=146 ms conservados=407/11 acopio=0/3 duplicados=0 rechazados=11
[latencia ms promedio/max] lectura=8/12 entrada=51/109 marcadores=23/30 cubos=109/130 proceso=133/160 vista=28/42 al_publicar=184/242
[estado] fase=IDLE cuadros=12261 fallos=144 emitidos=43436 clientes=0 pisados=0 fps=10.0 edad=230 ms conservados=407/11 acopio=0/3 duplicados=0 rechazados=11
[latencia ms promedio/max] lectura=8/14 entrada=60/111 marcadores=25/30 cubos=106/129 proceso=132/158 vista=30/36 al_publicar=192/258
[estado] fase=IDLE cuadros=12290 fallos=144 emitidos=43535 clientes=0 pisados=0 fps=10.0 edad=266 ms conservados=407/11 acopio=0/3 duplicados=0 rechazados=11
[latencia ms promedio/max] lectura=8/12 entrada=58/102 marcadores=24/29 cubos=107/136 proceso=132/161 vista=29/40 al_publicar=190/246
[estado] fase=IDLE cuadros=12320 fallos=144 emitidos=43637 clientes=0 pisados=0 fps=10.0 edad=234 ms conservados=407/11 acopio=0/3 duplicados=0 rechazados=11
[latencia ms promedio/max] lectura=8/10 entrada=72/113 marcadores=26/28 cubos=127/139 proceso=154/167 vista=32/39 al_publicar=226/270
[estado] fase=IDLE cuadros=12346 fallos=144 emitidos=43737 clientes=0 pisados=0 fps=10.0 edad=166 ms conservados=407/11 acopio=0/3 duplicados=0 rechazados=11
[latencia ms promedio/max] lectura=8/12 entrada=74/104 marcadores=25/29 cubos=123/145 proceso=149/172 vista=31/40 al_publicar=223/256
[estado] fase=IDLE cuadros=12372 fallos=144 emitidos=43835 clientes=0 pisados=0 fps=10.0 edad=176 ms conservados=407/11 acopio=0/3 duplicados=0 rechazados=11
[latencia ms promedio/max] lectura=8/12 entrada=56/111 marcadores=23/28 cubos=104/129 proceso=129/152 vista=27/39 al_publicar=185/244
[estado] fase=IDLE cuadros=12403 fallos=144 emitidos=43937 clientes=0 pisados=0 fps=10.0 edad=241 ms conservados=407/11 acopio=0/3 duplicados=0 rechazados=11
[latencia ms promedio/max] lectura=8/12 entrada=45/106 marcadores=24/29 cubos=114/155 proceso=140/182 vista=30/44 al_publicar=185/275
[estado] fase=IDLE cuadros=12431 fallos=144 emitidos=44037 clientes=0 pisados=0 fps=10.0 edad=250 ms conservados=407/11 acopio=0/3 duplicados=0 rechazados=11
[latencia ms promedio/max] lectura=8/12 entrada=64/119 marcadores=25/29 cubos=111/147 proceso=138/177 vista=29/39 al_publicar=202/267
[estado] fase=IDLE cuadros=12459 fallos=144 emitidos=44135 clientes=0 pisados=0 fps=10.0 edad=248 ms conservados=407/11 acopio=0/3 duplicados=0 rechazados=11
[latencia ms promedio/max] lectura=8/13 entrada=49/101 marcadores=24/28 cubos=105/136 proceso=131/160 vista=28/39 al_publicar=180/241
[estado] fase=IDLE cuadros=12489 fallos=144 emitidos=44235 clientes=0 pisados=0 fps=10.0 edad=159 ms conservados=407/11 acopio=0/3 duplicados=0 rechazados=11
[latencia ms promedio/max] lectura=8/14 entrada=53/102 marcadores=24/29 cubos=110/143 proceso=135/168 vista=30/39 al_publicar=189/236
[estado] fase=IDLE cuadros=12518 fallos=144 emitidos=44335 clientes=0 pisados=0 fps=10.0 edad=180 ms conservados=407/11 acopio=0/3 duplicados=0 rechazados=11
[latencia ms promedio/max] lectura=8/13 entrada=59/119 marcadores=25/28 cubos=104/135 proceso=130/163 vista=27/36 al_publicar=189/281
[estado] fase=IDLE cuadros=12549 fallos=144 emitidos=44438 clientes=0 pisados=0 fps=10.0 edad=204 ms conservados=407/11 acopio=0/3 duplicados=0 rechazados=11
[latencia ms promedio/max] lectura=8/12 entrada=58/105 marcadores=24/29 cubos=97/138 proceso=123/167 vista=27/36 al_publicar=181/236
[estado] fase=IDLE cuadros=12580 fallos=144 emitidos=44536 clientes=0 pisados=0 fps=10.0 edad=212 ms conservados=407/11 acopio=0/3 duplicados=0 rechazados=11
[latencia ms promedio/max] lectura=9/14 entrada=54/107 marcadores=24/29 cubos=104/142 proceso=130/169 vista=29/43 al_publicar=184/234
[estado] fase=IDLE cuadros=12610 fallos=144 emitidos=44637 clientes=0 pisados=0 fps=10.0 edad=254 ms conservados=407/11 acopio=0/3 duplicados=0 rechazados=11
[latencia ms promedio/max] lectura=8/12 entrada=59/120 marcadores=25/29 cubos=110/131 proceso=137/160 vista=30/39 al_publicar=196/249
[estado] fase=IDLE cuadros=12638 fallos=144 emitidos=44735 clientes=0 pisados=0 fps=10.0 edad=262 ms conservados=407/11 acopio=0/3 duplicados=0 rechazados=11
[latencia ms promedio/max] lectura=8/12 entrada=60/104 marcadores=24/29 cubos=109/145 proceso=134/174 vista=28/38 al_publicar=195/251
[estado] fase=IDLE cuadros=12668 fallos=144 emitidos=44838 clientes=0 pisados=0 fps=10.0 edad=186 ms conservados=407/11 acopio=0/3 duplicados=0 rechazados=11
[latencia ms promedio/max] lectura=8/9 entrada=57/103 marcadores=25/28 cubos=115/141 proceso=141/171 vista=30/38 al_publicar=199/258
[estado] fase=IDLE cuadros=12696 fallos=144 emitidos=44938 clientes=0 pisados=0 fps=10.0 edad=215 ms conservados=407/11 acopio=0/3 duplicados=0 rechazados=11
[latencia ms promedio/max] lectura=8/13 entrada=58/100 marcadores=25/29 cubos=112/138 proceso=138/166 vista=29/38 al_publicar=196/253
[estado] fase=IDLE cuadros=12724 fallos=144 emitidos=45036 clientes=0 pisados=0 fps=10.0 edad=224 ms conservados=407/11 acopio=0/3 duplicados=0 rechazados=11
[latencia ms promedio/max] lectura=8/14 entrada=52/107 marcadores=24/29 cubos=103/138 proceso=128/162 vista=28/38 al_publicar=180/240
[estado] fase=IDLE cuadros=12754 fallos=144 emitidos=45135 clientes=0 pisados=0 fps=10.0 edad=251 ms conservados=407/11 acopio=0/3 duplicados=0 rechazados=11
[latencia ms promedio/max] lectura=9/14 entrada=60/116 marcadores=25/30 cubos=109/142 proceso=135/173 vista=28/41 al_publicar=195/280
[estado] fase=IDLE cuadros=12784 fallos=144 emitidos=45238 clientes=0 pisados=0 fps=10.0 edad=213 ms conservados=407/11 acopio=0/3 duplicados=0 rechazados=11
[latencia ms promedio/max] lectura=8/11 entrada=56/117 marcadores=24/29 cubos=106/133 proceso=131/161 vista=29/40 al_publicar=186/250
[estado] fase=IDLE cuadros=12813 fallos=144 emitidos=45335 clientes=0 pisados=0 fps=10.0 edad=175 ms conservados=407/11 acopio=0/3 duplicados=0 rechazados=11
[latencia ms promedio/max] lectura=9/14 entrada=59/104 marcadores=23/29 cubos=102/129 proceso=126/152 vista=27/35 al_publicar=185/235
[estado] fase=IDLE cuadros=12844 fallos=144 emitidos=45436 clientes=0 pisados=0 fps=10.0 edad=197 ms conservados=407/11 acopio=0/3 duplicados=0 rechazados=11
[latencia ms promedio/max] lectura=8/14 entrada=59/112 marcadores=25/29 cubos=105/143 proceso=131/171 vista=28/42 al_publicar=190/262
[estado] fase=IDLE cuadros=12874 fallos=144 emitidos=45536 clientes=0 pisados=0 fps=10.0 edad=219 ms conservados=407/11 acopio=0/3 duplicados=0 rechazados=11
[latencia ms promedio/max] lectura=8/15 entrada=61/113 marcadores=25/28 cubos=119/136 proceso=145/165 vista=30/41 al_publicar=206/266
[estado] fase=IDLE cuadros=12901 fallos=144 emitidos=45635 clientes=0 pisados=0 fps=10.0 edad=175 ms conservados=407/11 acopio=0/3 duplicados=0 rechazados=11
[latencia ms promedio/max] lectura=8/11 entrada=59/111 marcadores=24/28 cubos=108/148 proceso=133/177 vista=30/39 al_publicar=192/236
[estado] fase=IDLE cuadros=12930 fallos=144 emitidos=45735 clientes=0 pisados=0 fps=10.0 edad=251 ms conservados=407/11 acopio=0/3 duplicados=0 rechazados=11
[latencia ms promedio/max] lectura=9/12 entrada=49/112 marcadores=27/30 cubos=119/152 proceso=147/182 vista=33/42 al_publicar=196/266
[estado] fase=IDLE cuadros=12957 fallos=144 emitidos=45837 clientes=0 pisados=0 fps=10.0 edad=255 ms conservados=407/11 acopio=0/3 duplicados=0 rechazados=11
[latencia ms promedio/max] lectura=8/11 entrada=62/113 marcadores=28/29 cubos=129/145 proceso=158/176 vista=32/41 al_publicar=221/281
[estado] fase=IDLE cuadros=12982 fallos=144 emitidos=45937 clientes=0 pisados=0 fps=10.0 edad=227 ms conservados=407/11 acopio=0/3 duplicados=0 rechazados=11
[latencia ms promedio/max] lectura=9/14 entrada=62/104 marcadores=27/29 cubos=127/155 proceso=156/184 vista=33/42 al_publicar=218/273
[estado] fase=IDLE cuadros=13007 fallos=144 emitidos=46035 clientes=0 pisados=0 fps=10.0 edad=282 ms conservados=407/11 acopio=0/3 duplicados=0 rechazados=11
[latencia ms promedio/max] lectura=9/13 entrada=65/112 marcadores=27/30 cubos=117/135 proceso=146/163 vista=29/37 al_publicar=211/256
[estado] fase=IDLE cuadros=13034 fallos=144 emitidos=46135 clientes=0 pisados=0 fps=10.0 edad=245 ms conservados=407/11 acopio=0/3 duplicados=0 rechazados=11
[latencia ms promedio/max] lectura=8/11 entrada=56/104 marcadores=27/29 cubos=117/135 proceso=145/162 vista=31/39 al_publicar=201/246
[estado] fase=IDLE cuadros=13062 fallos=144 emitidos=46238 clientes=0 pisados=0 fps=10.0 edad=217 ms conservados=407/11 acopio=0/3 duplicados=0 rechazados=11
[latencia ms promedio/max] lectura=9/14 entrada=56/117 marcadores=27/30 cubos=116/129 proceso=145/158 vista=32/41 al_publicar=201/261
[estado] fase=IDLE cuadros=13088 fallos=144 emitidos=46335 clientes=0 pisados=0 fps=10.0 edad=249 ms conservados=407/11 acopio=0/3 duplicados=0 rechazados=11
[latencia ms promedio/max] lectura=9/13 entrada=62/117 marcadores=27/29 cubos=121/151 proceso=149/179 vista=30/41 al_publicar=211/255
[estado] fase=IDLE cuadros=13115 fallos=144 emitidos=46437 clientes=0 pisados=0 fps=10.0 edad=245 ms conservados=407/11 acopio=0/3 duplicados=0 rechazados=11
[latencia ms promedio/max] lectura=8/10 entrada=59/117 marcadores=26/28 cubos=124/139 proceso=151/166 vista=30/41 al_publicar=210/261
[estado] fase=IDLE cuadros=13141 fallos=144 emitidos=46535 clientes=0 pisados=0 fps=10.0 edad=258 ms conservados=407/11 acopio=0/3 duplicados=0 rechazados=11
[latencia ms promedio/max] lectura=8/10 entrada=51/109 marcadores=27/31 cubos=118/131 proceso=146/158 vista=31/40 al_publicar=197/259
[estado] fase=IDLE cuadros=13168 fallos=144 emitidos=46636 clientes=0 pisados=0 fps=10.0 edad=188 ms conservados=407/11 acopio=0/3 duplicados=0 rechazados=11
[latencia ms promedio/max] lectura=8/11 entrada=54/109 marcadores=27/29 cubos=121/136 proceso=150/163 vista=30/39 al_publicar=204/271
[estado] fase=IDLE cuadros=13195 fallos=144 emitidos=46737 clientes=0 pisados=0 fps=10.0 edad=268 ms conservados=407/11 acopio=0/3 duplicados=0 rechazados=11
[latencia ms promedio/max] lectura=8/10 entrada=68/112 marcadores=27/29 cubos=123/134 proceso=152/165 vista=29/37 al_publicar=219/269
[estado] fase=IDLE cuadros=13221 fallos=144 emitidos=46836 clientes=0 pisados=0 fps=10.0 edad=195 ms conservados=407/11 acopio=0/3 duplicados=0 rechazados=11
[latencia ms promedio/max] lectura=9/10 entrada=64/113 marcadores=28/31 cubos=135/159 proceso=164/187 vista=31/41 al_publicar=228/283
[estado] fase=IDLE cuadros=13246 fallos=144 emitidos=46938 clientes=0 pisados=0 fps=10.0 edad=197 ms conservados=407/11 acopio=0/3 duplicados=0 rechazados=11
[latencia ms promedio/max] lectura=8/10 entrada=72/110 marcadores=27/30 cubos=122/139 proceso=151/167 vista=31/39 al_publicar=223/262
[estado] fase=IDLE cuadros=13272 fallos=144 emitidos=47037 clientes=0 pisados=0 fps=10.0 edad=256 ms conservados=407/11 acopio=0/3 duplicados=0 rechazados=11
[latencia ms promedio/max] lectura=8/9 entrada=63/115 marcadores=27/30 cubos=126/141 proceso=154/172 vista=30/38 al_publicar=217/269
[estado] fase=IDLE cuadros=13298 fallos=144 emitidos=47137 clientes=0 pisados=0 fps=10.0 edad=252 ms conservados=407/11 acopio=0/3 duplicados=0 rechazados=11
[latencia ms promedio/max] lectura=8/10 entrada=58/109 marcadores=27/32 cubos=123/140 proceso=152/169 vista=31/38 al_publicar=210/266
[estado] fase=IDLE cuadros=13324 fallos=144 emitidos=47237 clientes=0 pisados=0 fps=10.0 edad=253 ms conservados=407/11 acopio=0/3 duplicados=0 rechazados=11
[latencia ms promedio/max] lectura=9/13 entrada=83/117 marcadores=27/30 cubos=132/152 proceso=161/184 vista=32/40 al_publicar=244/271
[estado] fase=IDLE cuadros=13349 fallos=144 emitidos=47338 clientes=0 pisados=0 fps=10.0 edad=302 ms conservados=407/11 acopio=0/3 duplicados=0 rechazados=11
[latencia ms promedio/max] lectura=8/10 entrada=73/120 marcadores=27/30 cubos=136/151 proceso=164/180 vista=34/42 al_publicar=237/279
[estado] fase=IDLE cuadros=13373 fallos=144 emitidos=47437 clientes=0 pisados=0 fps=10.0 edad=274 ms conservados=407/11 acopio=0/3 duplicados=0 rechazados=11
[latencia ms promedio/max] lectura=8/10 entrada=64/105 marcadores=28/30 cubos=122/132 proceso=151/162 vista=30/42 al_publicar=215/258
[estado] fase=IDLE cuadros=13399 fallos=144 emitidos=47536 clientes=0 pisados=0 fps=10.0 edad=213 ms conservados=407/11 acopio=0/3 duplicados=0 rechazados=11
[latencia ms promedio/max] lectura=9/13 entrada=62/100 marcadores=27/35 cubos=122/145 proceso=151/182 vista=32/41 al_publicar=213/272
[estado] fase=IDLE cuadros=13425 fallos=144 emitidos=47636 clientes=0 pisados=0 fps=10.0 edad=298 ms conservados=407/11 acopio=0/3 duplicados=0 rechazados=11
[latencia ms promedio/max] lectura=8/10 entrada=53/115 marcadores=27/30 cubos=134/148 proceso=163/176 vista=34/43 al_publicar=216/284
[estado] fase=IDLE cuadros=13450 fallos=144 emitidos=47738 clientes=0 pisados=0 fps=10.0 edad=233 ms conservados=407/11 acopio=0/3 duplicados=0 rechazados=11
[latencia ms promedio/max] lectura=8/11 entrada=51/104 marcadores=27/29 cubos=122/142 proceso=151/170 vista=31/41 al_publicar=202/255
[estado] fase=IDLE cuadros=13476 fallos=144 emitidos=47838 clientes=0 pisados=0 fps=10.0 edad=195 ms conservados=407/11 acopio=0/3 duplicados=0 rechazados=11
[latencia ms promedio/max] lectura=8/13 entrada=55/98 marcadores=27/29 cubos=124/155 proceso=152/182 vista=31/38 al_publicar=207/257
[estado] fase=IDLE cuadros=13502 fallos=144 emitidos=47938 clientes=0 pisados=0 fps=10.0 edad=275 ms conservados=407/11 acopio=0/3 duplicados=0 rechazados=11
[latencia ms promedio/max] lectura=9/13 entrada=56/97 marcadores=27/30 cubos=118/134 proceso=147/164 vista=31/41 al_publicar=202/261
[estado] fase=IDLE cuadros=13528 fallos=144 emitidos=48035 clientes=0 pisados=0 fps=10.0 edad=244 ms conservados=407/11 acopio=0/3 duplicados=0 rechazados=11
[latencia ms promedio/max] lectura=9/14 entrada=55/109 marcadores=28/30 cubos=126/144 proceso=155/174 vista=32/39 al_publicar=210/275
[estado] fase=IDLE cuadros=13554 fallos=144 emitidos=48137 clientes=0 pisados=0 fps=10.0 edad=233 ms conservados=407/11 acopio=0/3 duplicados=0 rechazados=11
[latencia ms promedio/max] lectura=9/12 entrada=56/116 marcadores=28/31 cubos=131/145 proceso=161/176 vista=35/43 al_publicar=217/287
[estado] fase=IDLE cuadros=13578 fallos=144 emitidos=48235 clientes=0 pisados=0 fps=10.0 edad=251 ms conservados=407/11 acopio=0/3 duplicados=0 rechazados=11
[latencia ms promedio/max] lectura=9/10 entrada=73/105 marcadores=27/30 cubos=131/151 proceso=160/181 vista=33/41 al_publicar=233/279
[estado] fase=IDLE cuadros=13603 fallos=144 emitidos=48336 clientes=0 pisados=0 fps=10.0 edad=297 ms conservados=407/11 acopio=0/3 duplicados=0 rechazados=11
[latencia ms promedio/max] lectura=8/13 entrada=65/112 marcadores=27/29 cubos=121/133 proceso=149/160 vista=30/39 al_publicar=213/258
[estado] fase=IDLE cuadros=13630 fallos=144 emitidos=48437 clientes=0 pisados=0 fps=10.0 edad=279 ms conservados=407/11 acopio=0/3 duplicados=0 rechazados=11
[latencia ms promedio/max] lectura=8/12 entrada=51/107 marcadores=27/30 cubos=120/129 proceso=148/158 vista=31/38 al_publicar=199/259
[estado] fase=IDLE cuadros=13656 fallos=144 emitidos=48535 clientes=0 pisados=0 fps=10.0 edad=233 ms conservados=407/11 acopio=0/3 duplicados=0 rechazados=11
[latencia ms promedio/max] lectura=9/10 entrada=66/116 marcadores=28/31 cubos=131/151 proceso=160/183 vista=32/41 al_publicar=226/284
[estado] fase=IDLE cuadros=13681 fallos=144 emitidos=48635 clientes=0 pisados=0 fps=10.0 edad=272 ms conservados=407/11 acopio=0/3 duplicados=0 rechazados=11
[latencia ms promedio/max] lectura=9/11 entrada=60/108 marcadores=27/29 cubos=121/149 proceso=149/179 vista=31/38 al_publicar=209/263
[estado] fase=IDLE cuadros=13708 fallos=144 emitidos=48737 clientes=0 pisados=0 fps=10.0 edad=258 ms conservados=407/11 acopio=0/3 duplicados=0 rechazados=11
[latencia ms promedio/max] lectura=9/14 entrada=54/104 marcadores=27/30 cubos=121/143 proceso=150/172 vista=32/40 al_publicar=204/270
[estado] fase=IDLE cuadros=13734 fallos=144 emitidos=48837 clientes=0 pisados=0 fps=10.0 edad=238 ms conservados=407/11 acopio=0/3 duplicados=0 rechazados=11
[latencia ms promedio/max] lectura=8/10 entrada=48/106 marcadores=27/29 cubos=121/145 proceso=150/173 vista=30/39 al_publicar=198/238
[estado] fase=IDLE cuadros=13761 fallos=144 emitidos=48938 clientes=0 pisados=0 fps=10.0 edad=206 ms conservados=407/11 acopio=0/3 duplicados=0 rechazados=11
[latencia ms promedio/max] lectura=8/11 entrada=46/101 marcadores=27/29 cubos=125/143 proceso=154/173 vista=31/41 al_publicar=200/254
[estado] fase=IDLE cuadros=13787 fallos=144 emitidos=49039 clientes=0 pisados=0 fps=10.0 edad=230 ms conservados=407/11 acopio=0/3 duplicados=0 rechazados=11
[latencia ms promedio/max] lectura=8/11 entrada=53/109 marcadores=27/29 cubos=120/134 proceso=149/164 vista=30/36 al_publicar=202/257
[estado] fase=IDLE cuadros=13813 fallos=144 emitidos=49136 clientes=0 pisados=0 fps=10.0 edad=209 ms conservados=407/11 acopio=0/3 duplicados=0 rechazados=11
[latencia ms promedio/max] lectura=9/12 entrada=66/117 marcadores=27/29 cubos=122/136 proceso=151/164 vista=31/40 al_publicar=217/272
[estado] fase=IDLE cuadros=13839 fallos=144 emitidos=49235 clientes=0 pisados=0 fps=10.0 edad=266 ms conservados=407/11 acopio=0/3 duplicados=0 rechazados=11
[latencia ms promedio/max] lectura=8/12 entrada=55/100 marcadores=26/31 cubos=120/133 proceso=148/162 vista=30/38 al_publicar=203/255
[estado] fase=IDLE cuadros=13866 fallos=144 emitidos=49336 clientes=0 pisados=0 fps=10.0 edad=194 ms conservados=407/11 acopio=0/3 duplicados=0 rechazados=11
[latencia ms promedio/max] lectura=9/11 entrada=52/115 marcadores=27/30 cubos=121/147 proceso=150/176 vista=32/39 al_publicar=202/278
[estado] fase=IDLE cuadros=13893 fallos=144 emitidos=49439 clientes=0 pisados=0 fps=10.0 edad=229 ms conservados=407/11 acopio=0/3 duplicados=0 rechazados=11
[latencia ms promedio/max] lectura=8/9 entrada=56/105 marcadores=27/30 cubos=130/151 proceso=159/182 vista=32/42 al_publicar=215/285
[estado] fase=IDLE cuadros=13918 fallos=144 emitidos=49538 clientes=0 pisados=0 fps=10.0 edad=221 ms conservados=407/11 acopio=0/3 duplicados=0 rechazados=11
[latencia ms promedio/max] lectura=9/11 entrada=57/116 marcadores=27/30 cubos=127/156 proceso=156/188 vista=32/42 al_publicar=213/271
[estado] fase=IDLE cuadros=13943 fallos=144 emitidos=49637 clientes=0 pisados=0 fps=10.0 edad=236 ms conservados=407/11 acopio=0/3 duplicados=0 rechazados=11
[latencia ms promedio/max] lectura=8/11 entrada=45/100 marcadores=27/30 cubos=124/157 proceso=153/189 vista=32/40 al_publicar=198/263
[estado] fase=IDLE cuadros=13969 fallos=144 emitidos=49737 clientes=0 pisados=0 fps=10.0 edad=250 ms conservados=407/11 acopio=0/3 duplicados=0 rechazados=11
[latencia ms promedio/max] lectura=8/9 entrada=69/121 marcadores=27/31 cubos=135/146 proceso=163/174 vista=34/41 al_publicar=233/274
[estado] fase=IDLE cuadros=13993 fallos=144 emitidos=49836 clientes=0 pisados=0 fps=10.0 edad=296 ms conservados=407/11 acopio=0/3 duplicados=0 rechazados=11
[latencia ms promedio/max] lectura=9/12 entrada=64/104 marcadores=28/30 cubos=124/139 proceso=153/168 vista=31/38 al_publicar=217/261
[estado] fase=IDLE cuadros=14019 fallos=144 emitidos=49936 clientes=0 pisados=0 fps=10.0 edad=195 ms conservados=407/11 acopio=0/3 duplicados=0 rechazados=11
[latencia ms promedio/max] lectura=9/12 entrada=57/99 marcadores=27/30 cubos=121/145 proceso=150/175 vista=31/42 al_publicar=207/263
[estado] fase=IDLE cuadros=14046 fallos=144 emitidos=50038 clientes=0 pisados=0 fps=10.0 edad=223 ms conservados=407/11 acopio=0/3 duplicados=0 rechazados=11
[latencia ms promedio/max] lectura=8/13 entrada=66/115 marcadores=27/29 cubos=119/138 proceso=148/166 vista=30/39 al_publicar=214/261
[estado] fase=IDLE cuadros=14072 fallos=144 emitidos=50136 clientes=0 pisados=0 fps=10.0 edad=284 ms conservados=407/11 acopio=0/3 duplicados=0 rechazados=11
[latencia ms promedio/max] lectura=8/12 entrada=62/120 marcadores=26/29 cubos=122/136 proceso=150/162 vista=32/39 al_publicar=212/269
[estado] fase=IDLE cuadros=14099 fallos=144 emitidos=50238 clientes=0 pisados=0 fps=10.0 edad=216 ms conservados=407/11 acopio=0/3 duplicados=0 rechazados=11
[latencia ms promedio/max] lectura=9/11 entrada=61/113 marcadores=27/31 cubos=121/149 proceso=150/181 vista=31/38 al_publicar=211/269
[estado] fase=IDLE cuadros=14125 fallos=144 emitidos=50337 clientes=0 pisados=0 fps=10.0 edad=249 ms conservados=407/11 acopio=0/3 duplicados=0 rechazados=11
[latencia ms promedio/max] lectura=9/12 entrada=57/103 marcadores=27/30 cubos=119/143 proceso=148/172 vista=31/40 al_publicar=205/256
[estado] fase=IDLE cuadros=14152 fallos=144 emitidos=50438 clientes=0 pisados=0 fps=10.0 edad=217 ms conservados=407/11 acopio=0/3 duplicados=0 rechazados=11
[latencia ms promedio/max] lectura=8/11 entrada=64/105 marcadores=27/30 cubos=116/128 proceso=144/159 vista=30/39 al_publicar=208/257
[estado] fase=IDLE cuadros=14179 fallos=144 emitidos=50537 clientes=0 pisados=0 fps=10.0 edad=251 ms conservados=407/11 acopio=0/3 duplicados=0 rechazados=11
[latencia ms promedio/max] lectura=8/12 entrada=61/116 marcadores=27/30 cubos=120/137 proceso=148/168 vista=30/36 al_publicar=210/263
[estado] fase=IDLE cuadros=14206 fallos=144 emitidos=50638 clientes=0 pisados=0 fps=10.0 edad=292 ms conservados=407/11 acopio=0/3 duplicados=0 rechazados=11
[latencia ms promedio/max] lectura=9/11 entrada=76/120 marcadores=28/31 cubos=123/142 proceso=152/171 vista=32/39 al_publicar=229/280
[estado] fase=IDLE cuadros=14232 fallos=144 emitidos=50738 clientes=0 pisados=0 fps=10.0 edad=292 ms conservados=407/11 acopio=0/3 duplicados=0 rechazados=11
[latencia ms promedio/max] lectura=8/11 entrada=57/117 marcadores=27/30 cubos=123/146 proceso=152/177 vista=31/40 al_publicar=209/282
[estado] fase=IDLE cuadros=14258 fallos=144 emitidos=50837 clientes=0 pisados=0 fps=10.0 edad=279 ms conservados=407/11 acopio=0/3 duplicados=0 rechazados=11
[latencia ms promedio/max] lectura=9/13 entrada=66/116 marcadores=28/34 cubos=120/137 proceso=149/167 vista=32/41 al_publicar=215/268
[estado] fase=IDLE cuadros=14284 fallos=144 emitidos=50936 clientes=0 pisados=0 fps=10.0 edad=212 ms conservados=407/11 acopio=0/3 duplicados=0 rechazados=11
[latencia ms promedio/max] lectura=8/13 entrada=55/107 marcadores=27/29 cubos=120/133 proceso=148/163 vista=31/38 al_publicar=203/259
[estado] fase=IDLE cuadros=14311 fallos=144 emitidos=51038 clientes=0 pisados=0 fps=10.0 edad=286 ms conservados=407/11 acopio=0/3 duplicados=0 rechazados=11
[latencia ms promedio/max] lectura=8/13 entrada=57/112 marcadores=26/29 cubos=123/133 proceso=151/160 vista=29/35 al_publicar=208/263
[estado] fase=IDLE cuadros=14337 fallos=144 emitidos=51136 clientes=0 pisados=0 fps=10.0 edad=183 ms conservados=407/11 acopio=0/3 duplicados=0 rechazados=11
[latencia ms promedio/max] lectura=8/10 entrada=62/116 marcadores=27/29 cubos=122/139 proceso=151/168 vista=32/39 al_publicar=213/265
[estado] fase=IDLE cuadros=14364 fallos=144 emitidos=51239 clientes=0 pisados=0 fps=10.0 edad=232 ms conservados=407/11 acopio=0/3 duplicados=0 rechazados=11
[latencia ms promedio/max] lectura=8/12 entrada=46/116 marcadores=27/29 cubos=120/138 proceso=148/168 vista=29/40 al_publicar=195/264
[estado] fase=IDLE cuadros=14390 fallos=144 emitidos=51335 clientes=0 pisados=0 fps=10.0 edad=272 ms conservados=407/11 acopio=0/3 duplicados=0 rechazados=11
[latencia ms promedio/max] lectura=8/10 entrada=58/120 marcadores=27/30 cubos=118/132 proceso=146/161 vista=29/38 al_publicar=204/251
[estado] fase=IDLE cuadros=14417 fallos=144 emitidos=51435 clientes=0 pisados=0 fps=10.0 edad=255 ms conservados=407/11 acopio=0/3 duplicados=0 rechazados=11
[latencia ms promedio/max] lectura=8/11 entrada=56/105 marcadores=27/29 cubos=122/151 proceso=150/180 vista=31/40 al_publicar=206/252
[estado] fase=IDLE cuadros=14444 fallos=144 emitidos=51537 clientes=0 pisados=0 fps=10.0 edad=270 ms conservados=407/11 acopio=0/3 duplicados=0 rechazados=11
[latencia ms promedio/max] lectura=8/10 entrada=56/100 marcadores=27/29 cubos=120/133 proceso=149/161 vista=31/39 al_publicar=204/251
[estado] fase=IDLE cuadros=14470 fallos=144 emitidos=51635 clientes=0 pisados=0 fps=10.0 edad=264 ms conservados=407/11 acopio=0/3 duplicados=0 rechazados=11
[latencia ms promedio/max] lectura=8/10 entrada=53/111 marcadores=27/29 cubos=118/126 proceso=146/156 vista=29/36 al_publicar=199/254
[estado] fase=IDLE cuadros=14498 fallos=144 emitidos=51738 clientes=0 pisados=0 fps=10.0 edad=204 ms conservados=407/11 acopio=0/3 duplicados=0 rechazados=11
[latencia ms promedio/max] lectura=8/13 entrada=57/114 marcadores=27/31 cubos=120/139 proceso=149/171 vista=31/39 al_publicar=206/265
[estado] fase=IDLE cuadros=14524 fallos=144 emitidos=51836 clientes=0 pisados=0 fps=10.0 edad=219 ms conservados=407/11 acopio=0/3 duplicados=0 rechazados=11
[latencia ms promedio/max] lectura=9/12 entrada=47/102 marcadores=27/29 cubos=122/138 proceso=151/166 vista=31/38 al_publicar=198/247
[estado] fase=IDLE cuadros=14550 fallos=144 emitidos=51935 clientes=0 pisados=0 fps=10.0 edad=266 ms conservados=407/11 acopio=0/3 duplicados=0 rechazados=11
[latencia ms promedio/max] lectura=9/10 entrada=57/104 marcadores=27/29 cubos=119/137 proceso=147/166 vista=31/38 al_publicar=204/253
[estado] fase=IDLE cuadros=14577 fallos=144 emitidos=52037 clientes=0 pisados=0 fps=10.0 edad=239 ms conservados=407/11 acopio=0/3 duplicados=0 rechazados=11
[latencia ms promedio/max] lectura=8/14 entrada=54/103 marcadores=26/29 cubos=121/133 proceso=149/160 vista=31/38 al_publicar=203/264
[estado] fase=IDLE cuadros=14604 fallos=144 emitidos=52138 clientes=0 pisados=0 fps=10.0 edad=205 ms conservados=407/11 acopio=0/3 duplicados=0 rechazados=11
[latencia ms promedio/max] lectura=8/10 entrada=58/121 marcadores=27/29 cubos=135/146 proceso=163/176 vista=33/42 al_publicar=221/293
[estado] fase=IDLE cuadros=14628 fallos=144 emitidos=52236 clientes=0 pisados=0 fps=10.0 edad=231 ms conservados=407/11 acopio=0/3 duplicados=0 rechazados=11
[latencia ms promedio/max] lectura=8/10 entrada=46/97 marcadores=27/29 cubos=120/138 proceso=148/164 vista=31/42 al_publicar=194/234
[estado] fase=IDLE cuadros=14655 fallos=144 emitidos=52338 clientes=0 pisados=0 fps=10.0 edad=204 ms conservados=407/11 acopio=0/3 duplicados=0 rechazados=11
[latencia ms promedio/max] lectura=8/11 entrada=54/119 marcadores=28/31 cubos=120/142 proceso=149/169 vista=31/38 al_publicar=203/267
[estado] fase=IDLE cuadros=14681 fallos=144 emitidos=52436 clientes=0 pisados=0 fps=10.0 edad=218 ms conservados=407/11 acopio=0/3 duplicados=0 rechazados=11
[latencia ms promedio/max] lectura=8/10 entrada=61/89 marcadores=28/30 cubos=131/149 proceso=161/179 vista=32/39 al_publicar=222/250
[estado] fase=IDLE cuadros=14706 fallos=144 emitidos=52537 clientes=0 pisados=0 fps=10.0 edad=246 ms conservados=407/11 acopio=0/3 duplicados=0 rechazados=11
[latencia ms promedio/max] lectura=9/12 entrada=51/108 marcadores=27/29 cubos=119/144 proceso=148/173 vista=30/42 al_publicar=199/260
[estado] fase=IDLE cuadros=14733 fallos=144 emitidos=52638 clientes=0 pisados=0 fps=10.0 edad=195 ms conservados=407/11 acopio=0/3 duplicados=0 rechazados=11
[latencia ms promedio/max] lectura=9/14 entrada=56/113 marcadores=27/30 cubos=119/140 proceso=148/170 vista=31/41 al_publicar=204/261
[estado] fase=IDLE cuadros=14759 fallos=144 emitidos=52735 clientes=0 pisados=0 fps=10.0 edad=272 ms conservados=407/11 acopio=0/3 duplicados=0 rechazados=11
[latencia ms promedio/max] lectura=8/13 entrada=64/105 marcadores=27/29 cubos=122/143 proceso=150/172 vista=32/41 al_publicar=214/256
[estado] fase=IDLE cuadros=14786 fallos=144 emitidos=52838 clientes=0 pisados=0 fps=10.0 edad=224 ms conservados=407/11 acopio=0/3 duplicados=0 rechazados=11
[latencia ms promedio/max] lectura=9/12 entrada=71/117 marcadores=27/29 cubos=121/139 proceso=149/170 vista=32/38 al_publicar=220/272
[estado] fase=IDLE cuadros=14812 fallos=144 emitidos=52937 clientes=0 pisados=0 fps=10.0 edad=273 ms conservados=407/11 acopio=0/3 duplicados=0 rechazados=11
[latencia ms promedio/max] lectura=8/10 entrada=50/100 marcadores=26/30 cubos=123/145 proceso=151/174 vista=31/39 al_publicar=201/270
[estado] fase=IDLE cuadros=14838 fallos=144 emitidos=53036 clientes=0 pisados=0 fps=10.0 edad=207 ms conservados=407/11 acopio=0/3 duplicados=0 rechazados=11
[latencia ms promedio/max] lectura=8/12 entrada=56/107 marcadores=27/30 cubos=122/138 proceso=150/166 vista=30/39 al_publicar=206/267
[estado] fase=IDLE cuadros=14865 fallos=144 emitidos=53138 clientes=0 pisados=0 fps=10.0 edad=211 ms conservados=407/11 acopio=0/3 duplicados=0 rechazados=11
[latencia ms promedio/max] lectura=9/12 entrada=58/118 marcadores=26/30 cubos=121/140 proceso=149/168 vista=33/41 al_publicar=207/269
[estado] fase=IDLE cuadros=14891 fallos=144 emitidos=53237 clientes=0 pisados=0 fps=10.0 edad=274 ms conservados=407/11 acopio=0/3 duplicados=0 rechazados=11
[latencia ms promedio/max] lectura=8/12 entrada=59/99 marcadores=27/29 cubos=119/143 proceso=147/173 vista=31/39 al_publicar=206/273
[estado] fase=IDLE cuadros=14918 fallos=144 emitidos=53338 clientes=0 pisados=0 fps=10.0 edad=200 ms conservados=407/11 acopio=0/3 duplicados=0 rechazados=11
[latencia ms promedio/max] lectura=9/13 entrada=64/114 marcadores=26/30 cubos=116/130 proceso=144/157 vista=30/41 al_publicar=208/252
[estado] fase=IDLE cuadros=14945 fallos=144 emitidos=53436 clientes=0 pisados=0 fps=10.0 edad=229 ms conservados=407/11 acopio=0/3 duplicados=0 rechazados=11
[latencia ms promedio/max] lectura=8/11 entrada=51/108 marcadores=27/31 cubos=116/129 proceso=145/159 vista=31/39 al_publicar=196/255
[estado] fase=IDLE cuadros=14972 fallos=144 emitidos=53536 clientes=0 pisados=0 fps=10.0 edad=203 ms conservados=407/11 acopio=0/3 duplicados=0 rechazados=11
[latencia ms promedio/max] lectura=8/11 entrada=66/118 marcadores=27/30 cubos=121/139 proceso=149/166 vista=29/36 al_publicar=216/267
[estado] fase=IDLE cuadros=14999 fallos=144 emitidos=53637 clientes=0 pisados=0 fps=10.0 edad=252 ms conservados=407/11 acopio=0/3 duplicados=0 rechazados=11
[latencia ms promedio/max] lectura=8/10 entrada=62/113 marcadores=27/28 cubos=123/147 proceso=151/177 vista=32/40 al_publicar=213/268
[estado] fase=IDLE cuadros=15025 fallos=144 emitidos=53736 clientes=0 pisados=0 fps=10.0 edad=224 ms conservados=407/11 acopio=0/3 duplicados=0 rechazados=11
[latencia ms promedio/max] lectura=9/11 entrada=60/104 marcadores=27/29 cubos=116/131 proceso=144/160 vista=30/39 al_publicar=204/253
[estado] fase=IDLE cuadros=15052 fallos=144 emitidos=53835 clientes=0 pisados=0 fps=10.0 edad=272 ms conservados=407/11 acopio=0/3 duplicados=0 rechazados=11
[latencia ms promedio/max] lectura=8/15 entrada=56/98 marcadores=26/30 cubos=119/132 proceso=146/158 vista=29/36 al_publicar=201/255
[estado] fase=IDLE cuadros=15080 fallos=144 emitidos=53938 clientes=0 pisados=0 fps=10.0 edad=205 ms conservados=407/11 acopio=0/3 duplicados=0 rechazados=11
[latencia ms promedio/max] lectura=8/10 entrada=63/119 marcadores=26/29 cubos=117/133 proceso=145/162 vista=31/37 al_publicar=209/266
[estado] fase=IDLE cuadros=15107 fallos=144 emitidos=54038 clientes=0 pisados=0 fps=10.0 edad=297 ms conservados=407/11 acopio=0/3 duplicados=0 rechazados=11
[latencia ms promedio/max] lectura=8/10 entrada=63/97 marcadores=28/31 cubos=129/145 proceso=158/172 vista=31/41 al_publicar=221/253
[estado] fase=IDLE cuadros=15132 fallos=144 emitidos=54137 clientes=0 pisados=0 fps=10.0 edad=238 ms conservados=407/11 acopio=0/3 duplicados=0 rechazados=11
[latencia ms promedio/max] lectura=9/14 entrada=60/112 marcadores=25/28 cubos=113/152 proceso=139/182 vista=32/42 al_publicar=199/247
[estado] fase=IDLE cuadros=15160 fallos=144 emitidos=54237 clientes=0 pisados=0 fps=10.0 edad=267 ms conservados=407/11 acopio=0/3 duplicados=0 rechazados=11
[latencia ms promedio/max] lectura=8/13 entrada=61/115 marcadores=25/28 cubos=115/137 proceso=142/166 vista=28/39 al_publicar=203/259
[estado] fase=IDLE cuadros=15188 fallos=144 emitidos=54337 clientes=0 pisados=0 fps=10.0 edad=250 ms conservados=407/11 acopio=0/3 duplicados=0 rechazados=11
[latencia ms promedio/max] lectura=8/13 entrada=49/100 marcadores=22/27 cubos=100/108 proceso=123/131 vista=27/35 al_publicar=172/230
[estado] fase=IDLE cuadros=15219 fallos=144 emitidos=54435 clientes=0 pisados=0 fps=10.0 edad=169 ms conservados=407/11 acopio=0/3 duplicados=0 rechazados=11
[latencia ms promedio/max] lectura=8/12 entrada=56/100 marcadores=21/24 cubos=101/110 proceso=124/132 vista=25/34 al_publicar=180/227
[estado] fase=IDLE cuadros=15251 fallos=144 emitidos=54536 clientes=0 pisados=0 fps=10.0 edad=197 ms conservados=407/11 acopio=0/3 duplicados=0 rechazados=11
[latencia ms promedio/max] lectura=8/11 entrada=57/118 marcadores=24/28 cubos=118/144 proceso=143/173 vista=30/40 al_publicar=200/273
[estado] fase=IDLE cuadros=15279 fallos=144 emitidos=54637 clientes=0 pisados=0 fps=10.0 edad=278 ms conservados=407/11 acopio=0/3 duplicados=0 rechazados=11
[latencia ms promedio/max] lectura=8/12 entrada=55/118 marcadores=25/28 cubos=116/145 proceso=142/175 vista=30/38 al_publicar=197/257
[estado] fase=IDLE cuadros=15306 fallos=144 emitidos=54735 clientes=0 pisados=0 fps=10.0 edad=133 ms conservados=407/11 acopio=0/3 duplicados=0 rechazados=11
[latencia ms promedio/max] lectura=8/14 entrada=70/104 marcadores=23/27 cubos=104/133 proceso=128/162 vista=27/34 al_publicar=198/262
[estado] fase=IDLE cuadros=15337 fallos=144 emitidos=54836 clientes=0 pisados=0 fps=10.0 edad=298 ms conservados=407/11 acopio=0/3 duplicados=0 rechazados=11
[latencia ms promedio/max] lectura=8/11 entrada=55/106 marcadores=26/29 cubos=122/148 proceso=149/171 vista=31/40 al_publicar=204/257
[estado] fase=IDLE cuadros=15364 fallos=144 emitidos=54938 clientes=0 pisados=0 fps=10.0 edad=288 ms conservados=407/11 acopio=0/3 duplicados=0 rechazados=11
[latencia ms promedio/max] lectura=8/10 entrada=60/117 marcadores=27/29 cubos=142/151 proceso=170/179 vista=34/42 al_publicar=230/288
[estado] fase=IDLE cuadros=15387 fallos=144 emitidos=55035 clientes=0 pisados=0 fps=10.0 edad=276 ms conservados=407/11 acopio=0/3 duplicados=0 rechazados=11
[latencia ms promedio/max] lectura=9/9 entrada=64/121 marcadores=26/27 cubos=140/146 proceso=167/175 vista=36/44 al_publicar=231/289
[estado] fase=IDLE cuadros=15411 fallos=144 emitidos=55137 clientes=0 pisados=0 fps=10.0 edad=269 ms conservados=407/11 acopio=0/3 duplicados=0 rechazados=11
[latencia ms promedio/max] lectura=9/9 entrada=58/121 marcadores=26/27 cubos=138/147 proceso=166/175 vista=33/42 al_publicar=224/292
[estado] fase=IDLE cuadros=15435 fallos=144 emitidos=55237 clientes=0 pisados=0 fps=10.0 edad=253 ms conservados=407/11 acopio=0/3 duplicados=0 rechazados=11
[latencia ms promedio/max] lectura=9/10 entrada=64/104 marcadores=27/31 cubos=144/154 proceso=172/182 vista=38/44 al_publicar=236/286
[estado] fase=IDLE cuadros=15458 fallos=144 emitidos=55338 clientes=0 pisados=0 fps=10.0 edad=287 ms conservados=407/11 acopio=0/3 duplicados=0 rechazados=11
[latencia ms promedio/max] lectura=8/9 entrada=56/103 marcadores=26/28 cubos=137/147 proceso=164/175 vista=34/41 al_publicar=221/272
[estado] fase=IDLE cuadros=15482 fallos=144 emitidos=55437 clientes=0 pisados=0 fps=10.0 edad=249 ms conservados=407/11 acopio=0/3 duplicados=0 rechazados=11
[latencia ms promedio/max] lectura=8/9 entrada=74/115 marcadores=25/28 cubos=133/144 proceso=160/170 vista=33/41 al_publicar=235/267
[estado] fase=IDLE cuadros=15507 fallos=144 emitidos=55538 clientes=0 pisados=0 fps=10.0 edad=277 ms conservados=407/11 acopio=0/3 duplicados=0 rechazados=11
[latencia ms promedio/max] lectura=8/9 entrada=80/116 marcadores=26/32 cubos=135/147 proceso=162/176 vista=33/40 al_publicar=242/282
[estado] fase=IDLE cuadros=15531 fallos=144 emitidos=55635 clientes=0 pisados=0 fps=10.0 edad=257 ms conservados=407/11 acopio=0/3 duplicados=0 rechazados=11
[latencia ms promedio/max] lectura=9/9 entrada=59/115 marcadores=26/28 cubos=147/156 proceso=175/185 vista=37/43 al_publicar=233/290
[estado] fase=IDLE cuadros=15554 fallos=144 emitidos=55737 clientes=0 pisados=0 fps=10.0 edad=230 ms conservados=407/11 acopio=0/3 duplicados=0 rechazados=11
[latencia ms promedio/max] lectura=8/10 entrada=75/118 marcadores=25/27 cubos=138/151 proceso=164/178 vista=34/42 al_publicar=239/282
[estado] fase=IDLE cuadros=15578 fallos=144 emitidos=55836 clientes=0 pisados=0 fps=10.0 edad=294 ms conservados=407/11 acopio=0/3 duplicados=0 rechazados=11
[latencia ms promedio/max] lectura=8/9 entrada=51/110 marcadores=26/28 cubos=140/155 proceso=168/184 vista=33/41 al_publicar=219/277
[estado] fase=IDLE cuadros=15602 fallos=144 emitidos=55936 clientes=0 pisados=0 fps=10.0 edad=312 ms conservados=407/11 acopio=0/3 duplicados=0 rechazados=11
[latencia ms promedio/max] lectura=8/9 entrada=48/80 marcadores=26/27 cubos=137/150 proceso=165/179 vista=33/41 al_publicar=213/249
[estado] fase=IDLE cuadros=15626 fallos=144 emitidos=56035 clientes=0 pisados=0 fps=10.0 edad=269 ms conservados=407/11 acopio=0/3 duplicados=0 rechazados=11
[latencia ms promedio/max] lectura=8/9 entrada=62/108 marcadores=26/29 cubos=139/146 proceso=166/177 vista=35/42 al_publicar=228/270
[estado] fase=IDLE cuadros=15650 fallos=144 emitidos=56136 clientes=0 pisados=0 fps=10.0 edad=286 ms conservados=407/11 acopio=0/3 duplicados=0 rechazados=11
[latencia ms promedio/max] lectura=8/9 entrada=66/115 marcadores=26/27 cubos=135/145 proceso=163/173 vista=33/41 al_publicar=228/279
[estado] fase=IDLE cuadros=15675 fallos=144 emitidos=56238 clientes=0 pisados=0 fps=10.0 edad=270 ms conservados=407/11 acopio=0/3 duplicados=0 rechazados=11
[latencia ms promedio/max] lectura=8/9 entrada=55/98 marcadores=25/27 cubos=123/149 proceso=149/176 vista=30/42 al_publicar=204/268
[estado] fase=IDLE cuadros=15701 fallos=144 emitidos=56335 clientes=0 pisados=0 fps=10.0 edad=252 ms conservados=407/11 acopio=0/3 duplicados=0 rechazados=11
[latencia ms promedio/max] lectura=8/9 entrada=55/118 marcadores=25/27 cubos=133/147 proceso=159/176 vista=32/42 al_publicar=214/281
[estado] fase=IDLE cuadros=15726 fallos=144 emitidos=56435 clientes=0 pisados=0 fps=10.0 edad=259 ms conservados=407/11 acopio=0/3 duplicados=0 rechazados=11
[latencia ms promedio/max] lectura=8/9 entrada=69/108 marcadores=26/27 cubos=137/147 proceso=164/175 vista=34/41 al_publicar=233/283
[estado] fase=IDLE cuadros=15751 fallos=144 emitidos=56538 clientes=0 pisados=0 fps=10.0 edad=221 ms conservados=407/11 acopio=0/3 duplicados=0 rechazados=11
[latencia ms promedio/max] lectura=8/10 entrada=63/105 marcadores=25/27 cubos=136/142 proceso=162/170 vista=34/43 al_publicar=226/272
[estado] fase=IDLE cuadros=15775 fallos=144 emitidos=56637 clientes=0 pisados=0 fps=10.0 edad=218 ms conservados=407/11 acopio=0/3 duplicados=0 rechazados=11
[latencia ms promedio/max] lectura=8/9 entrada=59/92 marcadores=25/28 cubos=134/143 proceso=161/170 vista=33/40 al_publicar=220/247
[estado] fase=IDLE cuadros=15800 fallos=144 emitidos=56737 clientes=0 pisados=0 fps=10.0 edad=267 ms conservados=407/11 acopio=0/3 duplicados=0 rechazados=11
[latencia ms promedio/max] lectura=8/9 entrada=39/96 marcadores=25/28 cubos=138/158 proceso=164/187 vista=34/43 al_publicar=203/268
[estado] fase=IDLE cuadros=15824 fallos=144 emitidos=56836 clientes=0 pisados=0 fps=10.0 edad=212 ms conservados=407/11 acopio=0/3 duplicados=0 rechazados=11
[latencia ms promedio/max] lectura=8/10 entrada=51/103 marcadores=25/27 cubos=138/147 proceso=165/175 vista=36/44 al_publicar=216/274
[estado] fase=IDLE cuadros=15848 fallos=144 emitidos=56937 clientes=0 pisados=0 fps=10.0 edad=233 ms conservados=407/11 acopio=0/3 duplicados=0 rechazados=11
[latencia ms promedio/max] lectura=8/9 entrada=60/110 marcadores=25/26 cubos=138/145 proceso=164/172 vista=35/41 al_publicar=225/271
[estado] fase=IDLE cuadros=15872 fallos=144 emitidos=57036 clientes=0 pisados=0 fps=10.0 edad=216 ms conservados=407/11 acopio=0/3 duplicados=0 rechazados=11
[latencia ms promedio/max] lectura=9/9 entrada=59/104 marcadores=25/28 cubos=137/148 proceso=164/176 vista=35/41 al_publicar=222/268
[estado] fase=IDLE cuadros=15896 fallos=144 emitidos=57136 clientes=0 pisados=0 fps=10.0 edad=298 ms conservados=407/11 acopio=0/3 duplicados=0 rechazados=11
[latencia ms promedio/max] lectura=8/9 entrada=62/118 marcadores=25/28 cubos=140/150 proceso=166/176 vista=34/44 al_publicar=228/281
[estado] fase=IDLE cuadros=15920 fallos=144 emitidos=57236 clientes=0 pisados=0 fps=10.0 edad=317 ms conservados=407/11 acopio=0/3 duplicados=0 rechazados=11
[latencia ms promedio/max] lectura=8/9 entrada=47/101 marcadores=25/27 cubos=137/143 proceso=163/172 vista=33/42 al_publicar=210/269
[estado] fase=IDLE cuadros=15944 fallos=144 emitidos=57335 clientes=0 pisados=0 fps=10.0 edad=228 ms conservados=407/11 acopio=0/3 duplicados=0 rechazados=11
[latencia ms promedio/max] lectura=8/10 entrada=47/116 marcadores=26/28 cubos=135/144 proceso=162/172 vista=32/42 al_publicar=209/277
[estado] fase=IDLE cuadros=15969 fallos=144 emitidos=57436 clientes=0 pisados=0 fps=10.0 edad=315 ms conservados=407/11 acopio=0/3 duplicados=0 rechazados=11
[latencia ms promedio/max] lectura=8/10 entrada=42/99 marcadores=26/30 cubos=123/142 proceso=150/169 vista=32/40 al_publicar=192/247
[estado] fase=IDLE cuadros=15995 fallos=144 emitidos=57536 clientes=0 pisados=0 fps=10.0 edad=184 ms conservados=407/11 acopio=0/3 duplicados=0 rechazados=11
[latencia ms promedio/max] lectura=7/9 entrada=54/99 marcadores=25/28 cubos=114/135 proceso=141/165 vista=30/40 al_publicar=195/246
[estado] fase=IDLE cuadros=16023 fallos=144 emitidos=57635 clientes=0 pisados=0 fps=10.0 edad=283 ms conservados=407/11 acopio=0/3 duplicados=0 rechazados=11
[latencia ms promedio/max] lectura=8/13 entrada=58/98 marcadores=25/30 cubos=109/133 proceso=136/163 vista=29/41 al_publicar=194/259
[estado] fase=IDLE cuadros=16052 fallos=144 emitidos=57736 clientes=0 pisados=0 fps=10.0 edad=199 ms conservados=407/11 acopio=0/3 duplicados=0 rechazados=11
[latencia ms promedio/max] lectura=8/12 entrada=59/110 marcadores=23/28 cubos=108/142 proceso=132/169 vista=26/43 al_publicar=191/280
[estado] fase=IDLE cuadros=16082 fallos=144 emitidos=57835 clientes=0 pisados=0 fps=10.0 edad=280 ms conservados=407/11 acopio=0/3 duplicados=0 rechazados=11
[latencia ms promedio/max] lectura=8/11 entrada=69/118 marcadores=24/29 cubos=109/136 proceso=135/165 vista=28/40 al_publicar=204/270
[estado] fase=IDLE cuadros=16111 fallos=144 emitidos=57935 clientes=0 pisados=0 fps=10.0 edad=236 ms conservados=407/11 acopio=0/3 duplicados=0 rechazados=11
[latencia ms promedio/max] lectura=8/14 entrada=52/98 marcadores=22/27 cubos=102/133 proceso=126/158 vista=26/40 al_publicar=178/224
[estado] fase=IDLE cuadros=16143 fallos=144 emitidos=58037 clientes=0 pisados=0 fps=10.0 edad=132 ms conservados=407/11 acopio=0/3 duplicados=0 rechazados=11
[latencia ms promedio/max] lectura=8/13 entrada=57/105 marcadores=22/25 cubos=101/126 proceso=124/151 vista=29/37 al_publicar=181/239
[estado] fase=IDLE cuadros=16174 fallos=144 emitidos=58136 clientes=0 pisados=0 fps=10.0 edad=228 ms conservados=407/11 acopio=0/3 duplicados=0 rechazados=11
[latencia ms promedio/max] lectura=8/10 entrada=56/109 marcadores=23/29 cubos=103/132 proceso=127/162 vista=27/36 al_publicar=183/231
[estado] fase=IDLE cuadros=16205 fallos=144 emitidos=58237 clientes=0 pisados=0 fps=10.0 edad=229 ms conservados=407/11 acopio=0/3 duplicados=0 rechazados=11
[latencia ms promedio/max] lectura=7/10 entrada=61/108 marcadores=24/29 cubos=108/135 proceso=133/163 vista=29/36 al_publicar=194/256
[estado] fase=IDLE cuadros=16234 fallos=144 emitidos=58335 clientes=0 pisados=0 fps=10.0 edad=258 ms conservados=407/11 acopio=0/3 duplicados=0 rechazados=11
[latencia ms promedio/max] lectura=8/10 entrada=53/100 marcadores=24/29 cubos=108/140 proceso=133/171 vista=28/39 al_publicar=186/239
[estado] fase=IDLE cuadros=16264 fallos=144 emitidos=58437 clientes=0 pisados=0 fps=10.0 edad=240 ms conservados=407/11 acopio=0/3 duplicados=0 rechazados=11
[latencia ms promedio/max] lectura=8/12 entrada=46/105 marcadores=27/29 cubos=132/154 proceso=160/184 vista=32/41 al_publicar=207/284
[estado] fase=IDLE cuadros=16289 fallos=144 emitidos=58538 clientes=0 pisados=0 fps=10.0 edad=285 ms conservados=407/11 acopio=0/3 duplicados=0 rechazados=11
[latencia ms promedio/max] lectura=8/10 entrada=51/115 marcadores=27/29 cubos=134/145 proceso=162/175 vista=35/43 al_publicar=213/281
[estado] fase=IDLE cuadros=16313 fallos=144 emitidos=58637 clientes=0 pisados=0 fps=10.0 edad=228 ms conservados=407/11 acopio=0/3 duplicados=0 rechazados=11
[latencia ms promedio/max] lectura=8/9 entrada=64/98 marcadores=26/29 cubos=130/154 proceso=158/182 vista=32/41 al_publicar=222/256
[estado] fase=IDLE cuadros=16338 fallos=144 emitidos=58736 clientes=0 pisados=0 fps=10.0 edad=280 ms conservados=407/11 acopio=0/3 duplicados=0 rechazados=11
[latencia ms promedio/max] lectura=8/11 entrada=70/101 marcadores=27/33 cubos=124/138 proceso=153/169 vista=30/39 al_publicar=223/256
[estado] fase=IDLE cuadros=16364 fallos=144 emitidos=58835 clientes=0 pisados=0 fps=10.0 edad=284 ms conservados=407/11 acopio=0/3 duplicados=0 rechazados=11
[latencia ms promedio/max] lectura=9/10 entrada=63/110 marcadores=27/29 cubos=122/135 proceso=151/166 vista=31/38 al_publicar=214/266
[estado] fase=IDLE cuadros=16390 fallos=144 emitidos=58935 clientes=0 pisados=0 fps=10.0 edad=248 ms conservados=407/11 acopio=0/3 duplicados=0 rechazados=11
[latencia ms promedio/max] lectura=9/11 entrada=55/106 marcadores=27/30 cubos=125/148 proceso=154/180 vista=30/40 al_publicar=209/249
[estado] fase=IDLE cuadros=16417 fallos=144 emitidos=59039 clientes=0 pisados=0 fps=10.0 edad=250 ms conservados=407/11 acopio=0/3 duplicados=0 rechazados=11
[latencia ms promedio/max] lectura=9/11 entrada=64/117 marcadores=28/29 cubos=124/144 proceso=153/175 vista=32/42 al_publicar=217/281
[estado] fase=IDLE cuadros=16442 fallos=144 emitidos=59136 clientes=0 pisados=0 fps=10.0 edad=198 ms conservados=407/11 acopio=0/3 duplicados=0 rechazados=11
[latencia ms promedio/max] lectura=8/10 entrada=64/115 marcadores=27/30 cubos=117/127 proceso=145/154 vista=31/38 al_publicar=209/260
[estado] fase=IDLE cuadros=16469 fallos=144 emitidos=59236 clientes=0 pisados=0 fps=10.0 edad=291 ms conservados=407/11 acopio=0/3 duplicados=0 rechazados=11
[latencia ms promedio/max] lectura=8/12 entrada=60/103 marcadores=28/30 cubos=123/151 proceso=153/181 vista=31/41 al_publicar=213/278
[estado] fase=IDLE cuadros=16495 fallos=144 emitidos=59336 clientes=0 pisados=0 fps=10.0 edad=194 ms conservados=407/11 acopio=0/3 duplicados=0 rechazados=11
[latencia ms promedio/max] lectura=9/14 entrada=60/112 marcadores=27/30 cubos=119/135 proceso=148/163 vista=32/39 al_publicar=209/261
[estado] fase=IDLE cuadros=16522 fallos=144 emitidos=59438 clientes=0 pisados=0 fps=10.0 edad=280 ms conservados=407/11 acopio=0/3 duplicados=0 rechazados=11
[latencia ms promedio/max] lectura=8/10 entrada=60/114 marcadores=27/30 cubos=131/142 proceso=159/171 vista=35/41 al_publicar=220/276
[estado] fase=IDLE cuadros=16546 fallos=144 emitidos=59535 clientes=0 pisados=0 fps=10.0 edad=241 ms conservados=407/11 acopio=0/3 duplicados=0 rechazados=11
[latencia ms promedio/max] lectura=9/11 entrada=67/117 marcadores=27/30 cubos=129/143 proceso=157/173 vista=32/42 al_publicar=224/282
[estado] fase=IDLE cuadros=16572 fallos=144 emitidos=59638 clientes=0 pisados=0 fps=10.0 edad=282 ms conservados=407/11 acopio=0/3 duplicados=0 rechazados=11
[latencia ms promedio/max] lectura=8/12 entrada=61/117 marcadores=27/29 cubos=126/145 proceso=154/175 vista=31/40 al_publicar=215/273
[estado] fase=IDLE cuadros=16597 fallos=144 emitidos=59735 clientes=0 pisados=0 fps=10.0 edad=234 ms conservados=407/11 acopio=0/3 duplicados=0 rechazados=11
[latencia ms promedio/max] lectura=8/10 entrada=53/114 marcadores=27/30 cubos=122/147 proceso=151/176 vista=31/38 al_publicar=204/259
[estado] fase=IDLE cuadros=16624 fallos=144 emitidos=59838 clientes=0 pisados=0 fps=10.0 edad=266 ms conservados=407/11 acopio=0/3 duplicados=0 rechazados=11
[latencia ms promedio/max] lectura=8/10 entrada=49/95 marcadores=27/30 cubos=118/129 proceso=147/161 vista=31/39 al_publicar=196/245
[estado] fase=IDLE cuadros=16651 fallos=144 emitidos=59938 clientes=0 pisados=0 fps=10.0 edad=203 ms conservados=407/11 acopio=0/3 duplicados=0 rechazados=11
[latencia ms promedio/max] lectura=8/10 entrada=58/118 marcadores=27/29 cubos=120/151 proceso=149/181 vista=30/39 al_publicar=207/270
[estado] fase=IDLE cuadros=16677 fallos=144 emitidos=60035 clientes=0 pisados=0 fps=10.0 edad=266 ms conservados=407/11 acopio=0/3 duplicados=0 rechazados=11
[latencia ms promedio/max] lectura=9/10 entrada=75/93 marcadores=28/30 cubos=130/139 proceso=160/170 vista=31/42 al_publicar=235/255
[estado] fase=IDLE cuadros=16702 fallos=144 emitidos=60135 clientes=0 pisados=0 fps=10.0 edad=268 ms conservados=407/11 acopio=0/3 duplicados=0 rechazados=11
[latencia ms promedio/max] lectura=9/11 entrada=70/103 marcadores=29/31 cubos=134/147 proceso=164/178 vista=33/42 al_publicar=235/272
[estado] fase=IDLE cuadros=16726 fallos=144 emitidos=60235 clientes=0 pisados=0 fps=10.0 edad=239 ms conservados=407/11 acopio=0/3 duplicados=0 rechazados=11
[latencia ms promedio/max] lectura=9/11 entrada=64/95 marcadores=28/30 cubos=135/154 proceso=164/184 vista=33/42 al_publicar=228/272
[estado] fase=IDLE cuadros=16751 fallos=144 emitidos=60337 clientes=0 pisados=0 fps=10.0 edad=268 ms conservados=407/11 acopio=0/3 duplicados=0 rechazados=11
[latencia ms promedio/max] lectura=8/12 entrada=55/114 marcadores=28/32 cubos=120/134 proceso=149/161 vista=30/40 al_publicar=204/257
[estado] fase=IDLE cuadros=16777 fallos=144 emitidos=60435 clientes=0 pisados=0 fps=10.0 edad=243 ms conservados=407/11 acopio=0/3 duplicados=0 rechazados=11
[latencia ms promedio/max] lectura=8/11 entrada=57/114 marcadores=27/29 cubos=119/140 proceso=148/171 vista=30/42 al_publicar=205/260
[estado] fase=IDLE cuadros=16804 fallos=144 emitidos=60535 clientes=0 pisados=0 fps=10.0 edad=262 ms conservados=407/11 acopio=0/3 duplicados=0 rechazados=11
[latencia ms promedio/max] lectura=9/14 entrada=64/95 marcadores=28/30 cubos=133/154 proceso=162/185 vista=33/41 al_publicar=226/280
[estado] fase=IDLE cuadros=16829 fallos=144 emitidos=60638 clientes=0 pisados=0 fps=10.0 edad=265 ms conservados=407/11 acopio=0/3 duplicados=0 rechazados=11
[latencia ms promedio/max] lectura=8/11 entrada=63/106 marcadores=28/30 cubos=130/151 proceso=159/178 vista=31/39 al_publicar=222/281
[estado] fase=IDLE cuadros=16854 fallos=144 emitidos=60737 clientes=0 pisados=0 fps=10.0 edad=245 ms conservados=407/11 acopio=0/3 duplicados=0 rechazados=11
[latencia ms promedio/max] lectura=9/10 entrada=54/116 marcadores=28/30 cubos=122/143 proceso=151/172 vista=33/43 al_publicar=206/284
[estado] fase=IDLE cuadros=16880 fallos=144 emitidos=60837 clientes=0 pisados=0 fps=10.0 edad=265 ms conservados=407/11 acopio=0/3 duplicados=0 rechazados=11
[latencia ms promedio/max] lectura=9/10 entrada=60/114 marcadores=28/30 cubos=128/147 proceso=158/178 vista=33/44 al_publicar=218/276
[estado] fase=IDLE cuadros=16905 fallos=144 emitidos=60937 clientes=0 pisados=0 fps=10.0 edad=247 ms conservados=407/11 acopio=0/3 duplicados=0 rechazados=11
[latencia ms promedio/max] lectura=8/11 entrada=50/92 marcadores=27/30 cubos=120/135 proceso=148/162 vista=30/40 al_publicar=198/237
[estado] fase=IDLE cuadros=16932 fallos=144 emitidos=61038 clientes=0 pisados=0 fps=10.0 edad=276 ms conservados=407/11 acopio=0/3 duplicados=0 rechazados=11
[latencia ms promedio/max] lectura=9/12 entrada=65/111 marcadores=28/31 cubos=118/131 proceso=147/159 vista=31/38 al_publicar=212/263
[estado] fase=IDLE cuadros=16958 fallos=144 emitidos=61135 clientes=0 pisados=0 fps=10.0 edad=247 ms conservados=407/11 acopio=0/3 duplicados=0 rechazados=11
[latencia ms promedio/max] lectura=9/14 entrada=55/111 marcadores=28/30 cubos=121/140 proceso=150/168 vista=30/39 al_publicar=205/276
[estado] fase=IDLE cuadros=16985 fallos=144 emitidos=61237 clientes=0 pisados=0 fps=10.0 edad=230 ms conservados=407/11 acopio=0/3 duplicados=0 rechazados=11
[latencia ms promedio/max] lectura=8/12 entrada=60/113 marcadores=27/29 cubos=121/131 proceso=150/159 vista=30/40 al_publicar=210/271
[estado] fase=IDLE cuadros=17011 fallos=144 emitidos=61335 clientes=0 pisados=0 fps=10.0 edad=237 ms conservados=407/11 acopio=0/3 duplicados=0 rechazados=11
[latencia ms promedio/max] lectura=9/10 entrada=55/117 marcadores=28/31 cubos=131/148 proceso=160/180 vista=33/45 al_publicar=216/285
[estado] fase=IDLE cuadros=17036 fallos=144 emitidos=61436 clientes=0 pisados=0 fps=10.0 edad=302 ms conservados=407/11 acopio=0/3 duplicados=0 rechazados=11
[latencia ms promedio/max] lectura=9/11 entrada=62/118 marcadores=28/31 cubos=124/158 proceso=153/189 vista=32/39 al_publicar=216/286
[estado] fase=IDLE cuadros=17062 fallos=144 emitidos=61537 clientes=0 pisados=0 fps=10.0 edad=255 ms conservados=407/11 acopio=0/3 duplicados=0 rechazados=11
[latencia ms promedio/max] lectura=8/10 entrada=48/92 marcadores=27/29 cubos=118/145 proceso=147/172 vista=32/39 al_publicar=195/237
[estado] fase=IDLE cuadros=17089 fallos=144 emitidos=61638 clientes=0 pisados=0 fps=10.0 edad=201 ms conservados=407/11 acopio=0/3 duplicados=0 rechazados=11
[latencia ms promedio/max] lectura=8/11 entrada=60/108 marcadores=27/29 cubos=120/138 proceso=149/168 vista=32/39 al_publicar=209/265
[estado] fase=IDLE cuadros=17115 fallos=144 emitidos=61737 clientes=0 pisados=0 fps=10.0 edad=240 ms conservados=407/11 acopio=0/3 duplicados=0 rechazados=11
[latencia ms promedio/max] lectura=8/11 entrada=60/116 marcadores=27/31 cubos=117/131 proceso=146/159 vista=32/39 al_publicar=206/261
[estado] fase=IDLE cuadros=17142 fallos=144 emitidos=61837 clientes=0 pisados=0 fps=10.0 edad=263 ms conservados=407/11 acopio=0/3 duplicados=0 rechazados=11
[latencia ms promedio/max] lectura=9/10 entrada=51/97 marcadores=27/29 cubos=133/145 proceso=162/174 vista=34/41 al_publicar=213/269
[estado] fase=IDLE cuadros=17166 fallos=144 emitidos=61935 clientes=0 pisados=0 fps=10.0 edad=271 ms conservados=407/11 acopio=0/3 duplicados=0 rechazados=11
[latencia ms promedio/max] lectura=9/11 entrada=76/104 marcadores=28/30 cubos=129/151 proceso=158/181 vista=32/43 al_publicar=234/286
[estado] fase=IDLE cuadros=17192 fallos=144 emitidos=62038 clientes=0 pisados=0 fps=10.0 edad=316 ms conservados=407/11 acopio=0/3 duplicados=0 rechazados=11
[latencia ms promedio/max] lectura=8/9 entrada=63/112 marcadores=27/30 cubos=132/151 proceso=161/181 vista=31/40 al_publicar=224/282
[estado] fase=IDLE cuadros=17216 fallos=144 emitidos=62135 clientes=0 pisados=0 fps=10.0 edad=234 ms conservados=407/11 acopio=0/3 duplicados=0 rechazados=11
[latencia ms promedio/max] lectura=9/13 entrada=63/103 marcadores=27/30 cubos=128/146 proceso=157/178 vista=31/42 al_publicar=220/266
[estado] fase=IDLE cuadros=17242 fallos=144 emitidos=62237 clientes=0 pisados=0 fps=10.0 edad=248 ms conservados=407/11 acopio=0/3 duplicados=0 rechazados=11
[latencia ms promedio/max] lectura=9/13 entrada=57/110 marcadores=27/30 cubos=116/133 proceso=145/160 vista=30/39 al_publicar=202/260
[estado] fase=IDLE cuadros=17269 fallos=144 emitidos=62336 clientes=0 pisados=0 fps=10.0 edad=221 ms conservados=407/11 acopio=0/3 duplicados=0 rechazados=11
[latencia ms promedio/max] lectura=9/11 entrada=56/102 marcadores=27/29 cubos=122/143 proceso=150/170 vista=31/40 al_publicar=206/256
[estado] fase=IDLE cuadros=17295 fallos=144 emitidos=62435 clientes=0 pisados=0 fps=10.0 edad=251 ms conservados=407/11 acopio=0/3 duplicados=0 rechazados=11
[latencia ms promedio/max] lectura=8/11 entrada=51/112 marcadores=27/30 cubos=119/134 proceso=147/163 vista=31/41 al_publicar=199/275
[estado] fase=IDLE cuadros=17322 fallos=144 emitidos=62536 clientes=0 pisados=0 fps=10.0 edad=281 ms conservados=407/11 acopio=0/3 duplicados=0 rechazados=11
[latencia ms promedio/max] lectura=8/10 entrada=61/111 marcadores=28/31 cubos=120/147 proceso=150/178 vista=31/40 al_publicar=211/257
[estado] fase=IDLE cuadros=17349 fallos=144 emitidos=62638 clientes=0 pisados=0 fps=10.0 edad=268 ms conservados=407/11 acopio=0/3 duplicados=0 rechazados=11
[latencia ms promedio/max] lectura=9/11 entrada=59/102 marcadores=27/30 cubos=128/153 proceso=157/183 vista=33/43 al_publicar=215/272
[estado] fase=IDLE cuadros=17374 fallos=144 emitidos=62737 clientes=0 pisados=0 fps=10.0 edad=242 ms conservados=407/11 acopio=0/3 duplicados=0 rechazados=11
[latencia ms promedio/max] lectura=8/13 entrada=62/110 marcadores=27/29 cubos=117/131 proceso=146/162 vista=31/38 al_publicar=208/257
[estado] fase=IDLE cuadros=17401 fallos=144 emitidos=62837 clientes=0 pisados=0 fps=10.0 edad=242 ms conservados=407/11 acopio=0/3 duplicados=0 rechazados=11
[latencia ms promedio/max] lectura=9/11 entrada=59/115 marcadores=27/30 cubos=118/132 proceso=147/162 vista=31/37 al_publicar=206/265
[estado] fase=IDLE cuadros=17428 fallos=144 emitidos=62938 clientes=0 pisados=0 fps=10.0 edad=279 ms conservados=407/11 acopio=0/3 duplicados=0 rechazados=11
[latencia ms promedio/max] lectura=9/13 entrada=62/107 marcadores=27/30 cubos=125/150 proceso=153/180 vista=32/40 al_publicar=216/259
[estado] fase=IDLE cuadros=17453 fallos=144 emitidos=63035 clientes=0 pisados=0 fps=10.0 edad=250 ms conservados=407/11 acopio=0/3 duplicados=0 rechazados=11
[latencia ms promedio/max] lectura=8/12 entrada=55/104 marcadores=28/30 cubos=122/141 proceso=151/172 vista=30/41 al_publicar=206/242
[estado] fase=IDLE cuadros=17480 fallos=144 emitidos=63137 clientes=0 pisados=0 fps=10.0 edad=238 ms conservados=407/11 acopio=0/3 duplicados=0 rechazados=11
[latencia ms promedio/max] lectura=9/12 entrada=63/119 marcadores=27/30 cubos=123/143 proceso=152/174 vista=33/41 al_publicar=215/273
[estado] fase=IDLE cuadros=17506 fallos=144 emitidos=63238 clientes=0 pisados=0 fps=10.0 edad=267 ms conservados=407/11 acopio=0/3 duplicados=0 rechazados=11
[latencia ms promedio/max] lectura=8/10 entrada=51/96 marcadores=28/30 cubos=131/147 proceso=160/177 vista=32/42 al_publicar=211/257
[estado] fase=IDLE cuadros=17531 fallos=144 emitidos=63338 clientes=0 pisados=0 fps=10.0 edad=298 ms conservados=407/11 acopio=0/3 duplicados=0 rechazados=11
[latencia ms promedio/max] lectura=9/10 entrada=41/100 marcadores=28/29 cubos=129/146 proceso=159/176 vista=33/41 al_publicar=199/266
[estado] fase=IDLE cuadros=17556 fallos=144 emitidos=63438 clientes=0 pisados=0 fps=10.0 edad=200 ms conservados=407/11 acopio=0/3 duplicados=0 rechazados=11
[latencia ms promedio/max] lectura=8/13 entrada=59/109 marcadores=26/30 cubos=125/144 proceso=153/172 vista=32/43 al_publicar=211/261
[estado] fase=IDLE cuadros=17582 fallos=144 emitidos=63538 clientes=0 pisados=0 fps=10.0 edad=220 ms conservados=407/11 acopio=0/3 duplicados=0 rechazados=11
[latencia ms promedio/max] lectura=9/11 entrada=62/120 marcadores=28/30 cubos=123/153 proceso=153/183 vista=33/42 al_publicar=215/266
[estado] fase=IDLE cuadros=17607 fallos=144 emitidos=63636 clientes=0 pisados=0 fps=10.0 edad=303 ms conservados=407/11 acopio=0/3 duplicados=0 rechazados=11
[latencia ms promedio/max] lectura=8/10 entrada=59/114 marcadores=28/30 cubos=123/131 proceso=152/161 vista=29/38 al_publicar=211/270
[estado] fase=IDLE cuadros=17633 fallos=144 emitidos=63735 clientes=0 pisados=0 fps=10.0 edad=244 ms conservados=407/11 acopio=0/3 duplicados=0 rechazados=11
[latencia ms promedio/max] lectura=8/11 entrada=57/100 marcadores=27/30 cubos=123/150 proceso=152/179 vista=30/39 al_publicar=209/256
[estado] fase=IDLE cuadros=17660 fallos=144 emitidos=63838 clientes=0 pisados=0 fps=10.0 edad=268 ms conservados=407/11 acopio=0/3 duplicados=0 rechazados=11
[latencia ms promedio/max] lectura=8/11 entrada=59/99 marcadores=27/30 cubos=129/147 proceso=158/176 vista=32/41 al_publicar=216/258
[estado] fase=IDLE cuadros=17685 fallos=144 emitidos=63936 clientes=0 pisados=0 fps=10.0 edad=223 ms conservados=407/11 acopio=0/3 duplicados=0 rechazados=11
[latencia ms promedio/max] lectura=9/15 entrada=64/109 marcadores=28/30 cubos=126/151 proceso=155/182 vista=32/39 al_publicar=219/254
[estado] fase=IDLE cuadros=17710 fallos=144 emitidos=64035 clientes=0 pisados=0 fps=10.0 edad=238 ms conservados=407/11 acopio=0/3 duplicados=0 rechazados=11
[latencia ms promedio/max] lectura=9/12 entrada=45/102 marcadores=28/30 cubos=127/149 proceso=156/177 vista=31/40 al_publicar=201/266
[estado] fase=IDLE cuadros=17736 fallos=144 emitidos=64137 clientes=0 pisados=0 fps=10.0 edad=240 ms conservados=407/11 acopio=0/3 duplicados=0 rechazados=11
[latencia ms promedio/max] lectura=9/15 entrada=52/108 marcadores=27/31 cubos=128/150 proceso=157/179 vista=33/38 al_publicar=209/286
[estado] fase=IDLE cuadros=17761 fallos=144 emitidos=64236 clientes=0 pisados=0 fps=10.0 edad=215 ms conservados=407/11 acopio=0/3 duplicados=0 rechazados=11
[latencia ms promedio/max] lectura=8/10 entrada=47/112 marcadores=27/30 cubos=128/145 proceso=156/175 vista=32/40 al_publicar=203/271
[estado] fase=IDLE cuadros=17786 fallos=144 emitidos=64335 clientes=0 pisados=0 fps=10.0 edad=236 ms conservados=407/11 acopio=0/3 duplicados=0 rechazados=11
[latencia ms promedio/max] lectura=8/13 entrada=55/112 marcadores=27/29 cubos=127/144 proceso=155/175 vista=31/40 al_publicar=210/284
[estado] fase=IDLE cuadros=17812 fallos=144 emitidos=64436 clientes=0 pisados=0 fps=10.0 edad=325 ms conservados=407/11 acopio=0/3 duplicados=0 rechazados=11
[latencia ms promedio/max] lectura=8/10 entrada=59/103 marcadores=27/30 cubos=124/141 proceso=153/168 vista=31/39 al_publicar=212/256
[estado] fase=IDLE cuadros=17838 fallos=144 emitidos=64537 clientes=0 pisados=0 fps=10.0 edad=243 ms conservados=407/11 acopio=0/3 duplicados=0 rechazados=11
[latencia ms promedio/max] lectura=9/13 entrada=60/117 marcadores=27/29 cubos=119/129 proceso=147/158 vista=30/37 al_publicar=208/276
[estado] fase=IDLE cuadros=17865 fallos=144 emitidos=64638 clientes=0 pisados=0 fps=10.0 edad=273 ms conservados=407/11 acopio=0/3 duplicados=0 rechazados=11
[latencia ms promedio/max] lectura=9/10 entrada=56/102 marcadores=27/35 cubos=121/138 proceso=150/169 vista=32/40 al_publicar=206/267
[estado] fase=IDLE cuadros=17891 fallos=144 emitidos=64737 clientes=0 pisados=0 fps=10.0 edad=244 ms conservados=407/11 acopio=0/3 duplicados=0 rechazados=11
[latencia ms promedio/max] lectura=8/11 entrada=55/113 marcadores=27/30 cubos=122/137 proceso=151/167 vista=30/40 al_publicar=206/269
[estado] fase=IDLE cuadros=17917 fallos=144 emitidos=64835 clientes=0 pisados=0 fps=10.0 edad=273 ms conservados=407/11 acopio=0/3 duplicados=0 rechazados=11
[latencia ms promedio/max] lectura=8/13 entrada=64/104 marcadores=26/30 cubos=124/146 proceso=152/177 vista=32/40 al_publicar=216/256
[estado] fase=IDLE cuadros=17943 fallos=144 emitidos=64935 clientes=0 pisados=0 fps=10.0 edad=252 ms conservados=407/11 acopio=0/3 duplicados=0 rechazados=11
[latencia ms promedio/max] lectura=8/14 entrada=55/91 marcadores=27/29 cubos=121/140 proceso=149/170 vista=31/39 al_publicar=204/251
[estado] fase=IDLE cuadros=17970 fallos=144 emitidos=65037 clientes=0 pisados=0 fps=10.0 edad=233 ms conservados=407/11 acopio=0/3 duplicados=0 rechazados=11
[latencia ms promedio/max] lectura=9/10 entrada=67/116 marcadores=28/29 cubos=126/150 proceso=155/179 vista=33/40 al_publicar=223/261
[estado] fase=IDLE cuadros=17995 fallos=144 emitidos=65135 clientes=0 pisados=0 fps=10.0 edad=269 ms conservados=407/11 acopio=0/3 duplicados=0 rechazados=11
[latencia ms promedio/max] lectura=9/12 entrada=49/102 marcadores=27/33 cubos=119/125 proceso=148/155 vista=30/38 al_publicar=197/254
[estado] fase=IDLE cuadros=18022 fallos=144 emitidos=65236 clientes=0 pisados=0 fps=10.0 edad=210 ms conservados=407/11 acopio=0/3 duplicados=0 rechazados=11
[latencia ms promedio/max] lectura=9/12 entrada=64/104 marcadores=27/29 cubos=119/138 proceso=147/169 vista=31/39 al_publicar=211/254
[estado] fase=IDLE cuadros=18049 fallos=144 emitidos=65337 clientes=0 pisados=0 fps=10.0 edad=273 ms conservados=407/11 acopio=0/3 duplicados=0 rechazados=11
[latencia ms promedio/max] lectura=9/10 entrada=60/112 marcadores=28/30 cubos=120/133 proceso=149/163 vista=32/40 al_publicar=209/268
[estado] fase=IDLE cuadros=18075 fallos=144 emitidos=65436 clientes=0 pisados=0 fps=10.0 edad=295 ms conservados=407/11 acopio=0/3 duplicados=0 rechazados=11
[latencia ms promedio/max] lectura=8/10 entrada=58/110 marcadores=27/30 cubos=119/129 proceso=147/157 vista=30/39 al_publicar=205/254
[estado] fase=IDLE cuadros=18102 fallos=144 emitidos=65536 clientes=0 pisados=0 fps=10.0 edad=202 ms conservados=407/11 acopio=0/3 duplicados=0 rechazados=11
[latencia ms promedio/max] lectura=9/12 entrada=60/117 marcadores=27/31 cubos=125/143 proceso=154/174 vista=32/40 al_publicar=214/279
[estado] fase=IDLE cuadros=18128 fallos=144 emitidos=65638 clientes=0 pisados=0 fps=10.0 edad=275 ms conservados=407/11 acopio=0/3 duplicados=0 rechazados=11
[latencia ms promedio/max] lectura=8/10 entrada=46/103 marcadores=27/30 cubos=129/148 proceso=158/177 vista=31/39 al_publicar=203/268
[estado] fase=IDLE cuadros=18153 fallos=144 emitidos=65736 clientes=0 pisados=0 fps=10.0 edad=202 ms conservados=407/11 acopio=0/3 duplicados=0 rechazados=11
[latencia ms promedio/max] lectura=8/13 entrada=51/118 marcadores=27/31 cubos=122/154 proceso=151/184 vista=30/42 al_publicar=202/263
[estado] fase=IDLE cuadros=18180 fallos=144 emitidos=65839 clientes=0 pisados=0 fps=10.0 edad=220 ms conservados=407/11 acopio=0/3 duplicados=0 rechazados=11
[latencia ms promedio/max] lectura=9/10 entrada=50/104 marcadores=27/30 cubos=122/144 proceso=151/174 vista=31/38 al_publicar=201/247
[estado] fase=IDLE cuadros=18206 fallos=144 emitidos=65937 clientes=0 pisados=0 fps=10.0 edad=268 ms conservados=407/11 acopio=0/3 duplicados=0 rechazados=11
[latencia ms promedio/max] lectura=9/10 entrada=45/99 marcadores=27/30 cubos=131/152 proceso=160/183 vista=31/42 al_publicar=204/277
[estado] fase=IDLE cuadros=18231 fallos=144 emitidos=66037 clientes=0 pisados=0 fps=10.0 edad=256 ms conservados=407/11 acopio=0/3 duplicados=0 rechazados=11
[latencia ms promedio/max] lectura=8/13 entrada=54/115 marcadores=25/29 cubos=111/148 proceso=137/176 vista=32/42 al_publicar=191/255
[estado] fase=IDLE cuadros=18259 fallos=144 emitidos=66136 clientes=0 pisados=0 fps=10.0 edad=209 ms conservados=407/11 acopio=0/3 duplicados=0 rechazados=11
[latencia ms promedio/max] lectura=8/11 entrada=51/102 marcadores=25/29 cubos=118/154 proceso=145/180 vista=30/41 al_publicar=196/268
[estado] fase=IDLE cuadros=18286 fallos=144 emitidos=66235 clientes=0 pisados=0 fps=10.0 edad=257 ms conservados=407/11 acopio=0/3 duplicados=0 rechazados=11
[latencia ms promedio/max] lectura=8/13 entrada=62/116 marcadores=55/265 cubos=116/146 proceso=171/370 vista=29/41 al_publicar=234/486
[estado] fase=IDLE cuadros=18310 fallos=144 emitidos=66335 clientes=0 pisados=0 fps=10.0 edad=254 ms conservados=407/11 acopio=0/3 duplicados=0 rechazados=11
[latencia ms promedio/max] lectura=8/13 entrada=53/95 marcadores=41/270 cubos=105/133 proceso=147/373 vista=27/35 al_publicar=200/424
[estado] fase=IDLE cuadros=18338 fallos=144 emitidos=66437 clientes=0 pisados=0 fps=10.0 edad=162 ms conservados=407/11 acopio=0/3 duplicados=0 rechazados=11
[latencia ms promedio/max] lectura=9/23 entrada=58/114 marcadores=43/299 cubos=107/131 proceso=151/422 vista=27/34 al_publicar=209/517
[estado] fase=IDLE cuadros=18365 fallos=144 emitidos=66538 clientes=0 pisados=0 fps=10.0 edad=208 ms conservados=407/11 acopio=0/3 duplicados=0 rechazados=11
[latencia ms promedio/max] lectura=8/13 entrada=57/115 marcadores=22/26 cubos=101/111 proceso=124/136 vista=26/32 al_publicar=181/244
[estado] fase=IDLE cuadros=18396 fallos=144 emitidos=66636 clientes=0 pisados=0 fps=10.0 edad=204 ms conservados=407/11 acopio=0/3 duplicados=0 rechazados=11
[latencia ms promedio/max] lectura=7/12 entrada=53/102 marcadores=22/28 cubos=106/135 proceso=130/165 vista=29/39 al_publicar=183/233
[estado] fase=IDLE cuadros=18426 fallos=144 emitidos=66736 clientes=0 pisados=0 fps=10.0 edad=201 ms conservados=407/11 acopio=0/3 duplicados=0 rechazados=11
[latencia ms promedio/max] lectura=8/9 entrada=58/111 marcadores=26/31 cubos=123/145 proceso=150/175 vista=32/39 al_publicar=208/279
[estado] fase=IDLE cuadros=18453 fallos=144 emitidos=66839 clientes=0 pisados=0 fps=10.0 edad=319 ms conservados=407/11 acopio=0/3 duplicados=0 rechazados=11
[latencia ms promedio/max] lectura=8/13 entrada=50/113 marcadores=23/28 cubos=106/139 proceso=130/162 vista=27/37 al_publicar=180/220
[estado] fase=IDLE cuadros=18483 fallos=144 emitidos=66937 clientes=0 pisados=0 fps=10.0 edad=165 ms conservados=407/11 acopio=0/3 duplicados=0 rechazados=11
[latencia ms promedio/max] lectura=8/11 entrada=53/102 marcadores=22/26 cubos=101/116 proceso=124/141 vista=25/36 al_publicar=177/226
[estado] fase=IDLE cuadros=18515 fallos=144 emitidos=67038 clientes=0 pisados=0 fps=10.0 edad=186 ms conservados=407/11 acopio=0/3 duplicados=0 rechazados=11
[latencia ms promedio/max] lectura=9/13 entrada=58/115 marcadores=22/25 cubos=102/114 proceso=125/137 vista=27/39 al_publicar=183/237
[estado] fase=IDLE cuadros=18546 fallos=144 emitidos=67137 clientes=0 pisados=0 fps=10.0 edad=167 ms conservados=407/11 acopio=0/3 duplicados=0 rechazados=11
[latencia ms promedio/max] lectura=8/14 entrada=56/99 marcadores=22/26 cubos=103/116 proceso=126/143 vista=27/38 al_publicar=181/237
[estado] fase=IDLE cuadros=18577 fallos=144 emitidos=67237 clientes=0 pisados=0 fps=10.0 edad=261 ms conservados=407/11 acopio=0/3 duplicados=0 rechazados=11
[latencia ms promedio/max] lectura=7/11 entrada=56/117 marcadores=22/27 cubos=99/125 proceso=123/151 vista=26/35 al_publicar=179/244
[estado] fase=IDLE cuadros=18609 fallos=144 emitidos=67337 clientes=0 pisados=0 fps=10.0 edad=258 ms conservados=407/11 acopio=0/3 duplicados=0 rechazados=11
[latencia ms promedio/max] lectura=7/12 entrada=53/114 marcadores=21/28 cubos=108/136 proceso=130/165 vista=26/34 al_publicar=184/267
[estado] fase=IDLE cuadros=18640 fallos=144 emitidos=67439 clientes=0 pisados=0 fps=10.0 edad=223 ms conservados=407/11 acopio=0/3 duplicados=0 rechazados=11
[latencia ms promedio/max] lectura=8/13 entrada=65/117 marcadores=22/28 cubos=104/138 proceso=127/167 vista=28/40 al_publicar=193/262
[estado] fase=IDLE cuadros=18670 fallos=144 emitidos=67536 clientes=0 pisados=0 fps=10.0 edad=220 ms conservados=407/11 acopio=0/3 duplicados=0 rechazados=11
[latencia ms promedio/max] lectura=7/11 entrada=57/115 marcadores=21/26 cubos=100/115 proceso=123/138 vista=26/36 al_publicar=179/242
[estado] fase=IDLE cuadros=18702 fallos=144 emitidos=67636 clientes=0 pisados=0 fps=10.0 edad=214 ms conservados=407/11 acopio=0/3 duplicados=0 rechazados=11
[latencia ms promedio/max] lectura=8/11 entrada=46/115 marcadores=64/331 cubos=126/154 proceso=191/466 vista=31/39 al_publicar=238/580
[estado] fase=IDLE cuadros=18724 fallos=144 emitidos=67738 clientes=0 pisados=0 fps=10.0 edad=283 ms conservados=407/11 acopio=0/3 duplicados=0 rechazados=11
[latencia ms promedio/max] lectura=8/12 entrada=59/103 marcadores=24/29 cubos=109/137 proceso=135/164 vista=29/40 al_publicar=194/244
[estado] fase=IDLE cuadros=18753 fallos=144 emitidos=67837 clientes=0 pisados=0 fps=10.0 edad=251 ms conservados=407/11 acopio=0/3 duplicados=0 rechazados=11
[latencia ms promedio/max] lectura=8/14 entrada=62/118 marcadores=24/30 cubos=113/143 proceso=138/169 vista=29/37 al_publicar=200/252
[estado] fase=IDLE cuadros=18781 fallos=144 emitidos=67935 clientes=0 pisados=0 fps=10.0 edad=162 ms conservados=407/11 acopio=0/3 duplicados=0 rechazados=11
[latencia ms promedio/max] lectura=8/11 entrada=63/105 marcadores=24/30 cubos=105/140 proceso=131/167 vista=27/41 al_publicar=194/268
[estado] fase=IDLE cuadros=18811 fallos=144 emitidos=68035 clientes=0 pisados=0 fps=10.0 edad=231 ms conservados=407/11 acopio=0/3 duplicados=0 rechazados=11
[latencia ms promedio/max] lectura=8/12 entrada=57/118 marcadores=23/28 cubos=107/136 proceso=132/164 vista=28/39 al_publicar=189/243
[estado] fase=IDLE cuadros=18841 fallos=144 emitidos=68136 clientes=0 pisados=0 fps=10.0 edad=196 ms conservados=407/11 acopio=0/3 duplicados=0 rechazados=11
[latencia ms promedio/max] lectura=7/12 entrada=62/115 marcadores=23/29 cubos=103/139 proceso=128/167 vista=27/39 al_publicar=190/239
[estado] fase=IDLE cuadros=18872 fallos=144 emitidos=68236 clientes=0 pisados=0 fps=10.0 edad=209 ms conservados=407/11 acopio=0/3 duplicados=0 rechazados=11
[latencia ms promedio/max] lectura=8/13 entrada=52/100 marcadores=45/261 cubos=102/130 proceso=141/366 vista=27/38 al_publicar=194/384
[estado] fase=IDLE cuadros=18902 fallos=149 emitidos=68336 clientes=0 pisados=0 fps=10.0 edad=893 ms conservados=407/12 acopio=0/3 duplicados=0 rechazados=11
[aviso] falta un marcador de esquina: se ven 2, y se viene conservando la geometría hace 2 cuadros (desvío 0.12 mm). Las coordenadas siguen siendo válidas.
[aviso] último problema: solo se ven 2 marcadores de esquina
[fase] se recuperaron las coordenadas tras 1328 ms sin ver la cancha
[latencia ms promedio/max] lectura=7/9 entrada=55/114 marcadores=103/297 cubos=129/196 proceso=246/442 vista=27/36 al_publicar=299/497
[estado] fase=IDLE cuadros=18924 fallos=156 emitidos=68436 clientes=0 pisados=0 fps=10.0 edad=482 ms conservados=407/12 acopio=0/3 duplicados=0 rechazados=11
[aviso] falta un marcador de esquina: se ven 3, y se viene conservando la geometría hace 6 cuadros (desvío 0.29 mm). Las coordenadas siguen siendo válidas.
[aviso] último problema: solo se ven 2 marcadores de esquina
[latencia ms promedio/max] lectura=8/10 entrada=57/113 marcadores=33/258 cubos=115/160 proceso=149/420 vista=30/42 al_publicar=207/508
[estado] fase=IDLE cuadros=18951 fallos=156 emitidos=68537 clientes=0 pisados=0 fps=10.0 edad=272 ms conservados=407/12 acopio=0/3 duplicados=0 rechazados=11
[aviso] identidades de rover demoradas hasta sostenerse 5 cuadros: ID 10 llegó a 4 cuadro(s). Es lo normal al poner un robot en la cancha —se paga una vez, unos 499 ms— y es lo que impide que un fantasma invente un rover que no existe. Ninguna quedó esperando.
[latencia ms promedio/max] lectura=9/12 entrada=53/88 marcadores=27/31 cubos=114/148 proceso=142/179 vista=30/39 al_publicar=195/255
[estado] fase=IDLE cuadros=18979 fallos=156 emitidos=68639 clientes=0 pisados=0 fps=10.0 edad=228 ms conservados=407/12 acopio=0/3 duplicados=0 rechazados=11
[latencia ms promedio/max] lectura=8/14 entrada=49/102 marcadores=36/320 cubos=111/142 proceso=149/461 vista=31/42 al_publicar=198/490
[estado] fase=IDLE cuadros=19005 fallos=156 emitidos=68737 clientes=0 pisados=0 fps=10.0 edad=226 ms conservados=407/12 acopio=0/3 duplicados=0 rechazados=11
[latencia ms promedio/max] lectura=8/11 entrada=59/116 marcadores=24/31 cubos=102/127 proceso=127/159 vista=29/43 al_publicar=187/244
[estado] fase=IDLE cuadros=19035 fallos=156 emitidos=68835 clientes=0 pisados=0 fps=10.0 edad=242 ms conservados=407/12 acopio=0/3 duplicados=0 rechazados=11
[latencia ms promedio/max] lectura=9/11 entrada=58/115 marcadores=28/30 cubos=122/159 proceso=151/190 vista=31/47 al_publicar=209/280
[estado] fase=IDLE cuadros=19061 fallos=156 emitidos=68935 clientes=0 pisados=0 fps=10.0 edad=229 ms conservados=407/12 acopio=0/3 duplicados=0 rechazados=11
[cliente] conectado 127.0.0.1:55129
[cliente] desconectado 127.0.0.1:55129 (enviados=2 pisados=0)
[cliente] conectado 127.0.0.1:55130
[latencia ms promedio/max] lectura=8/11 entrada=55/102 marcadores=23/28 cubos=104/142 proceso=128/165 vista=27/38 al_publicar=184/238
[estado] fase=IDLE cuadros=19092 fallos=156 emitidos=69036 clientes=1 pisados=0 fps=10.0 edad=210 ms conservados=407/12 acopio=0/3 duplicados=0 rechazados=11
[latencia ms promedio/max] lectura=8/13 entrada=53/117 marcadores=25/31 cubos=113/192 proceso=140/225 vista=30/40 al_publicar=193/281
[estado] fase=IDLE cuadros=19120 fallos=156 emitidos=69136 clientes=1 pisados=0 fps=10.0 edad=200 ms conservados=407/12 acopio=0/3 duplicados=0 rechazados=11
[cliente] desconectado 127.0.0.1:55130 (enviados=213 pisados=0)
[latencia ms promedio/max] lectura=8/10 entrada=61/103 marcadores=27/28 cubos=125/141 proceso=153/170 vista=33/42 al_publicar=214/261
[estado] fase=IDLE cuadros=19146 fallos=156 emitidos=69237 clientes=0 pisados=0 fps=10.0 edad=241 ms conservados=407/12 acopio=0/3 duplicados=0 rechazados=11
[latencia ms promedio/max] lectura=8/12 entrada=65/106 marcadores=26/30 cubos=117/146 proceso=144/178 vista=29/39 al_publicar=210/253
[estado] fase=IDLE cuadros=19173 fallos=156 emitidos=69335 clientes=0 pisados=0 fps=10.0 edad=262 ms conservados=407/12 acopio=0/3 duplicados=0 rechazados=11
[latencia ms promedio/max] lectura=8/12 entrada=61/118 marcadores=26/30 cubos=112/130 proceso=139/158 vista=29/38 al_publicar=200/273
[estado] fase=IDLE cuadros=19202 fallos=156 emitidos=69438 clientes=0 pisados=0 fps=10.0 edad=191 ms conservados=407/12 acopio=0/3 duplicados=0 rechazados=11
[latencia ms promedio/max] lectura=8/12 entrada=60/107 marcadores=26/30 cubos=114/140 proceso=141/162 vista=31/40 al_publicar=201/257
[estado] fase=IDLE cuadros=19229 fallos=156 emitidos=69536 clientes=0 pisados=0 fps=10.0 edad=195 ms conservados=407/12 acopio=0/3 duplicados=0 rechazados=11
[latencia ms promedio/max] lectura=8/12 entrada=59/111 marcadores=25/31 cubos=113/131 proceso=139/159 vista=31/39 al_publicar=198/268
[estado] fase=IDLE cuadros=19257 fallos=156 emitidos=69636 clientes=0 pisados=0 fps=10.0 edad=176 ms conservados=407/12 acopio=0/3 duplicados=0 rechazados=11
[latencia ms promedio/max] lectura=8/13 entrada=53/115 marcadores=23/26 cubos=107/124 proceso=132/152 vista=27/35 al_publicar=185/248
[estado] fase=IDLE cuadros=19287 fallos=156 emitidos=69736 clientes=0 pisados=0 fps=10.0 edad=213 ms conservados=407/12 acopio=0/3 duplicados=0 rechazados=11
[latencia ms promedio/max] lectura=7/12 entrada=50/96 marcadores=24/28 cubos=109/128 proceso=135/157 vista=28/36 al_publicar=185/237
[estado] fase=IDLE cuadros=19316 fallos=156 emitidos=69835 clientes=0 pisados=0 fps=10.0 edad=247 ms conservados=407/12 acopio=0/3 duplicados=0 rechazados=11
[latencia ms promedio/max] lectura=8/11 entrada=56/116 marcadores=25/29 cubos=108/139 proceso=135/169 vista=28/38 al_publicar=191/242
[estado] fase=IDLE cuadros=19346 fallos=156 emitidos=69938 clientes=0 pisados=0 fps=10.0 edad=185 ms conservados=407/12 acopio=0/3 duplicados=0 rechazados=11
[latencia ms promedio/max] lectura=8/13 entrada=55/110 marcadores=24/27 cubos=103/118 proceso=129/144 vista=27/35 al_publicar=184/240
[estado] fase=IDLE cuadros=19376 fallos=156 emitidos=70036 clientes=0 pisados=0 fps=10.0 edad=204 ms conservados=407/12 acopio=0/3 duplicados=0 rechazados=11
[latencia ms promedio/max] lectura=8/12 entrada=52/114 marcadores=25/29 cubos=111/129 proceso=138/158 vista=30/40 al_publicar=190/250
[estado] fase=IDLE cuadros=19405 fallos=156 emitidos=70139 clientes=0 pisados=0 fps=10.0 edad=212 ms conservados=407/12 acopio=0/3 duplicados=0 rechazados=11
[cliente] conectado 127.0.0.1:49703
[cliente] desconectado 127.0.0.1:49703 (enviados=2 pisados=0)
[cliente] conectado 127.0.0.1:49704
[latencia ms promedio/max] lectura=9/14 entrada=55/102 marcadores=25/30 cubos=115/139 proceso=142/165 vista=31/39 al_publicar=198/251
[estado] fase=IDLE cuadros=19432 fallos=156 emitidos=70237 clientes=1 pisados=0 fps=10.0 edad=234 ms conservados=407/12 acopio=0/3 duplicados=0 rechazados=11
[latencia ms promedio/max] lectura=8/12 entrada=51/99 marcadores=24/30 cubos=108/147 proceso=133/179 vista=27/46 al_publicar=184/241
[estado] fase=IDLE cuadros=19461 fallos=156 emitidos=70335 clientes=1 pisados=0 fps=10.0 edad=229 ms conservados=407/12 acopio=0/3 duplicados=0 rechazados=11
[cliente] desconectado 127.0.0.1:49704 (enviados=121 pisados=0)
[latencia ms promedio/max] lectura=8/13 entrada=59/117 marcadores=25/29 cubos=112/152 proceso=139/182 vista=31/40 al_publicar=198/299
[estado] fase=IDLE cuadros=19490 fallos=156 emitidos=70438 clientes=0 pisados=0 fps=10.0 edad=271 ms conservados=407/12 acopio=0/3 duplicados=0 rechazados=11
[latencia ms promedio/max] lectura=8/13 entrada=63/117 marcadores=26/29 cubos=109/142 proceso=136/172 vista=30/41 al_publicar=199/238
[estado] fase=IDLE cuadros=19518 fallos=156 emitidos=70535 clientes=0 pisados=0 fps=10.0 edad=241 ms conservados=407/12 acopio=0/3 duplicados=0 rechazados=11
[latencia ms promedio/max] lectura=8/14 entrada=56/103 marcadores=25/30 cubos=107/125 proceso=133/152 vista=29/37 al_publicar=189/240
[estado] fase=IDLE cuadros=19548 fallos=156 emitidos=70637 clientes=0 pisados=0 fps=10.0 edad=253 ms conservados=407/12 acopio=0/3 duplicados=0 rechazados=11
[latencia ms promedio/max] lectura=7/12 entrada=57/109 marcadores=23/28 cubos=103/135 proceso=127/163 vista=30/40 al_publicar=184/260
[estado] fase=IDLE cuadros=19578 fallos=156 emitidos=70736 clientes=0 pisados=0 fps=10.0 edad=203 ms conservados=407/12 acopio=0/3 duplicados=0 rechazados=11
[latencia ms promedio/max] lectura=8/14 entrada=61/116 marcadores=25/29 cubos=106/136 proceso=132/163 vista=29/38 al_publicar=193/254
[estado] fase=IDLE cuadros=19608 fallos=156 emitidos=70838 clientes=0 pisados=0 fps=10.0 edad=185 ms conservados=407/12 acopio=0/3 duplicados=0 rechazados=11
[fase] se recuperaron las coordenadas tras 922 ms sin ver la cancha
[latencia ms promedio/max] lectura=8/11 entrada=57/114 marcadores=91/288 cubos=109/164 proceso=231/418 vista=25/36 al_publicar=287/495
[estado] fase=IDLE cuadros=19635 fallos=166 emitidos=70942 clientes=0 pisados=0 fps=10.0 edad=521 ms conservados=413/12 acopio=0/3 duplicados=0 rechazados=12
[aviso] marcadores rechazados por no ser plausibles: 1 por posición. No pueden ser marcadores de esta cancha: el detector los inventa sobre la cuadrícula del tablero. Ejemplo: ID 17 rechazado por posición, midió 16.7 mm donde se esperaban 0.0, en la celda (45.8, 8.2)
[aviso] último problema: solo se ven 2 marcadores de esquina
[latencia ms promedio/max] lectura=7/9 entrada=54/100 marcadores=287/307 cubos=105/119 proceso=393/423 vista=30/38 al_publicar=447/484
[estado] fase=IDLE cuadros=19646 fallos=166 emitidos=71037 clientes=0 pisados=0 fps=10.0 edad=457 ms conservados=424/12 acopio=0/3 duplicados=0 rechazados=12
[latencia ms promedio/max] lectura=8/11 entrada=55/80 marcadores=276/332 cubos=112/138 proceso=389/471 vista=32/40 al_publicar=444/540
[estado] fase=IDLE cuadros=19658 fallos=166 emitidos=71140 clientes=0 pisados=0 fps=10.0 edad=412 ms conservados=436/12 acopio=0/3 duplicados=0 rechazados=12
[aviso] falta un marcador de esquina: se ven 3, y se viene conservando la geometría hace 2 cuadros (desvío 0.15 mm). Las coordenadas siguen siendo válidas.
[fase] se recuperaron las coordenadas tras 1063 ms sin ver la cancha
[latencia ms promedio/max] lectura=9/11 entrada=59/110 marcadores=181/301 cubos=107/113 proceso=389/414 vista=24/37 al_publicar=445/503
[estado] fase=IDLE cuadros=19676 fallos=174 emitidos=71239 clientes=0 pisados=0 fps=10.0 edad=443 ms conservados=446/12 acopio=0/3 duplicados=0 rechazados=12
[aviso] último problema: solo se ven 2 marcadores de esquina
[latencia ms promedio/max] lectura=8/13 entrada=63/94 marcadores=295/315 cubos=107/111 proceso=403/428 vista=29/35 al_publicar=466/508
[estado] fase=IDLE cuadros=19687 fallos=174 emitidos=71336 clientes=0 pisados=0 fps=10.0 edad=486 ms conservados=457/12 acopio=0/3 duplicados=0 rechazados=12
[latencia ms promedio/max] lectura=9/11 entrada=55/96 marcadores=273/288 cubos=107/117 proceso=381/391 vista=30/38 al_publicar=437/480
[estado] fase=IDLE cuadros=19699 fallos=174 emitidos=71437 clientes=0 pisados=0 fps=10.0 edad=440 ms conservados=469/12 acopio=0/3 duplicados=0 rechazados=12
[aviso] marcadores vistos que NO son ni esquina ni rover declarado, y por eso se descartan: [17, 34]. Si alguno es un robot de verdad, hay que agregarlo a deteccion_rovers.ids_rover; si no, son detecciones falsas de la cuadrícula.
[latencia ms promedio/max] lectura=7/9 entrada=46/111 marcadores=269/287 cubos=107/138 proceso=377/426 vista=27/41 al_publicar=423/500
[estado] fase=IDLE cuadros=19712 fallos=174 emitidos=71544 clientes=0 pisados=0 fps=10.0 edad=489 ms conservados=482/12 acopio=0/3 duplicados=0 rechazados=12
[latencia ms promedio/max] lectura=8/9 entrada=71/119 marcadores=328/345 cubos=133/161 proceso=463/507 vista=34/41 al_publicar=534/604
[estado] fase=IDLE cuadros=19722 fallos=174 emitidos=71645 clientes=0 pisados=0 fps=10.0 edad=646 ms conservados=492/12 acopio=0/3 duplicados=0 rechazados=12
[latencia ms promedio/max] lectura=8/9 entrada=51/95 marcadores=297/335 cubos=116/137 proceso=414/458 vista=31/39 al_publicar=465/512
[estado] fase=IDLE cuadros=19732 fallos=174 emitidos=71736 clientes=0 pisados=0 fps=10.0 edad=481 ms conservados=502/12 acopio=0/3 duplicados=0 rechazados=12
[latencia ms promedio/max] lectura=8/13 entrada=60/94 marcadores=271/286 cubos=107/122 proceso=379/403 vista=26/32 al_publicar=439/493
[estado] fase=IDLE cuadros=19744 fallos=174 emitidos=71835 clientes=0 pisados=0 fps=10.0 edad=443 ms conservados=514/12 acopio=0/3 duplicados=0 rechazados=12
[latencia ms promedio/max] lectura=8/12 entrada=63/116 marcadores=267/273 cubos=112/128 proceso=381/393 vista=27/32 al_publicar=444/504
[estado] fase=IDLE cuadros=19756 fallos=174 emitidos=71935 clientes=0 pisados=0 fps=10.0 edad=536 ms conservados=526/12 acopio=0/3 duplicados=0 rechazados=12
[aviso] marcadores vistos que NO son ni esquina ni rover declarado, y por eso se descartan: [17]. Si alguno es un robot de verdad, hay que agregarlo a deteccion_rovers.ids_rover; si no, son detecciones falsas de la cuadrícula.
[latencia ms promedio/max] lectura=7/9 entrada=40/78 marcadores=273/286 cubos=108/122 proceso=382/404 vista=29/35 al_publicar=422/479
[estado] fase=IDLE cuadros=19768 fallos=174 emitidos=72035 clientes=0 pisados=0 fps=10.0 edad=461 ms conservados=538/12 acopio=0/3 duplicados=0 rechazados=12
[latencia ms promedio/max] lectura=8/13 entrada=52/103 marcadores=134/283 cubos=107/112 proceso=242/390 vista=28/33 al_publicar=294/467
[estado] fase=IDLE cuadros=19786 fallos=174 emitidos=72135 clientes=0 pisados=0 fps=10.0 edad=170 ms conservados=546/12 acopio=0/3 duplicados=0 rechazados=12
[latencia ms promedio/max] lectura=8/12 entrada=54/108 marcadores=25/28 cubos=111/131 proceso=137/159 vista=29/36 al_publicar=191/252
[estado] fase=IDLE cuadros=19815 fallos=174 emitidos=72236 clientes=0 pisados=0 fps=10.0 edad=191 ms conservados=546/12 acopio=0/3 duplicados=0 rechazados=12
[latencia ms promedio/max] lectura=8/13 entrada=55/100 marcadores=25/30 cubos=119/141 proceso=146/170 vista=29/40 al_publicar=201/251
[estado] fase=IDLE cuadros=19842 fallos=174 emitidos=72335 clientes=0 pisados=0 fps=10.0 edad=235 ms conservados=546/12 acopio=0/3 duplicados=0 rechazados=12
[latencia ms promedio/max] lectura=8/13 entrada=47/104 marcadores=24/30 cubos=113/137 proceso=138/165 vista=30/37 al_publicar=185/239
[estado] fase=IDLE cuadros=19871 fallos=174 emitidos=72437 clientes=0 pisados=0 fps=10.0 edad=236 ms conservados=546/12 acopio=0/3 duplicados=0 rechazados=12
[latencia ms promedio/max] lectura=8/13 entrada=53/109 marcadores=23/27 cubos=110/117 proceso=134/143 vista=27/35 al_publicar=187/245
[estado] fase=IDLE cuadros=19901 fallos=174 emitidos=72538 clientes=0 pisados=0 fps=10.0 edad=178 ms conservados=546/12 acopio=0/3 duplicados=0 rechazados=12
[latencia ms promedio/max] lectura=8/13 entrada=55/102 marcadores=24/27 cubos=102/115 proceso=127/139 vista=28/37 al_publicar=182/239
[estado] fase=IDLE cuadros=19931 fallos=174 emitidos=72635 clientes=0 pisados=0 fps=10.0 edad=266 ms conservados=546/12 acopio=0/3 duplicados=0 rechazados=12
[latencia ms promedio/max] lectura=8/13 entrada=55/106 marcadores=23/26 cubos=105/116 proceso=129/141 vista=27/35 al_publicar=184/247
[estado] fase=IDLE cuadros=19962 fallos=174 emitidos=72738 clientes=0 pisados=0 fps=10.0 edad=182 ms conservados=546/12 acopio=0/3 duplicados=0 rechazados=12
[latencia ms promedio/max] lectura=8/14 entrada=58/111 marcadores=24/29 cubos=107/117 proceso=132/142 vista=28/35 al_publicar=190/251
[estado] fase=IDLE cuadros=19991 fallos=174 emitidos=72835 clientes=0 pisados=0 fps=10.0 edad=169 ms conservados=546/12 acopio=0/3 duplicados=0 rechazados=12
[latencia ms promedio/max] lectura=8/13 entrada=62/117 marcadores=25/29 cubos=112/139 proceso=138/168 vista=30/38 al_publicar=200/253
[estado] fase=IDLE cuadros=20020 fallos=174 emitidos=72938 clientes=0 pisados=0 fps=10.0 edad=285 ms conservados=546/12 acopio=0/3 duplicados=0 rechazados=12
[latencia ms promedio/max] lectura=8/13 entrada=59/101 marcadores=24/26 cubos=107/116 proceso=132/142 vista=28/35 al_publicar=191/237
[estado] fase=IDLE cuadros=20049 fallos=174 emitidos=73035 clientes=0 pisados=0 fps=10.0 edad=253 ms conservados=546/12 acopio=0/3 duplicados=0 rechazados=12
[latencia ms promedio/max] lectura=8/13 entrada=56/102 marcadores=24/27 cubos=104/130 proceso=129/149 vista=28/38 al_publicar=185/233
[estado] fase=IDLE cuadros=20080 fallos=174 emitidos=73138 clientes=0 pisados=0 fps=10.0 edad=186 ms conservados=546/12 acopio=0/3 duplicados=0 rechazados=12
[latencia ms promedio/max] lectura=9/13 entrada=55/116 marcadores=23/26 cubos=108/122 proceso=133/149 vista=27/34 al_publicar=189/241
[estado] fase=IDLE cuadros=20109 fallos=174 emitidos=73236 clientes=0 pisados=0 fps=10.0 edad=189 ms conservados=546/12 acopio=0/3 duplicados=0 rechazados=12
[latencia ms promedio/max] lectura=8/12 entrada=57/110 marcadores=24/35 cubos=108/119 proceso=133/143 vista=27/35 al_publicar=190/238
[estado] fase=IDLE cuadros=20139 fallos=174 emitidos=73337 clientes=0 pisados=0 fps=10.0 edad=236 ms conservados=546/12 acopio=0/3 duplicados=0 rechazados=12
[latencia ms promedio/max] lectura=7/12 entrada=63/110 marcadores=24/27 cubos=110/127 proceso=135/154 vista=27/37 al_publicar=198/243
[estado] fase=IDLE cuadros=20168 fallos=174 emitidos=73435 clientes=0 pisados=0 fps=10.0 edad=246 ms conservados=546/12 acopio=0/3 duplicados=0 rechazados=12
[latencia ms promedio/max] lectura=8/13 entrada=58/117 marcadores=24/29 cubos=111/134 proceso=137/163 vista=27/39 al_publicar=195/257
[estado] fase=IDLE cuadros=20197 fallos=174 emitidos=73535 clientes=0 pisados=0 fps=10.0 edad=243 ms conservados=546/12 acopio=0/3 duplicados=0 rechazados=12
[fase] se recuperaron las coordenadas tras 1563 ms sin ver la cancha
[latencia ms promedio/max] lectura=8/12 entrada=62/110 marcadores=50/274 cubos=109/134 proceso=155/382 vista=25/36 al_publicar=210/434
[estado] fase=IDLE cuadros=20232 fallos=189 emitidos=73637 clientes=0 pisados=0 fps=10.0 edad=244 ms conservados=546/14 acopio=0/3 duplicados=0 rechazados=12
[aviso] último problema: solo se ven 2 marcadores de esquina
[latencia ms promedio/max] lectura=7/12 entrada=60/115 marcadores=23/25 cubos=108/120 proceso=132/145 vista=28/37 al_publicar=192/250
[estado] fase=IDLE cuadros=20262 fallos=189 emitidos=73738 clientes=0 pisados=0 fps=10.0 edad=283 ms conservados=546/14 acopio=0/3 duplicados=0 rechazados=12
[latencia ms promedio/max] lectura=8/14 entrada=58/116 marcadores=23/26 cubos=109/119 proceso=133/143 vista=28/36 al_publicar=192/258
[estado] fase=IDLE cuadros=20291 fallos=189 emitidos=73835 clientes=0 pisados=0 fps=10.0 edad=263 ms conservados=546/14 acopio=0/3 duplicados=0 rechazados=12
[latencia ms promedio/max] lectura=9/13 entrada=66/110 marcadores=23/26 cubos=107/127 proceso=132/153 vista=29/36 al_publicar=198/247
[estado] fase=IDLE cuadros=20321 fallos=189 emitidos=73937 clientes=0 pisados=0 fps=10.0 edad=272 ms conservados=546/14 acopio=0/3 duplicados=0 rechazados=12
[latencia ms promedio/max] lectura=8/13 entrada=57/101 marcadores=25/29 cubos=122/144 proceso=148/174 vista=30/38 al_publicar=206/267
[estado] fase=IDLE cuadros=20348 fallos=189 emitidos=74038 clientes=0 pisados=0 fps=10.0 edad=295 ms conservados=546/14 acopio=0/3 duplicados=0 rechazados=12
[latencia ms promedio/max] lectura=8/13 entrada=48/111 marcadores=25/29 cubos=121/144 proceso=148/172 vista=30/42 al_publicar=196/281
[estado] fase=IDLE cuadros=20374 fallos=189 emitidos=74135 clientes=0 pisados=0 fps=10.0 edad=239 ms conservados=546/14 acopio=0/3 duplicados=0 rechazados=12
[latencia ms promedio/max] lectura=9/13 entrada=56/113 marcadores=24/28 cubos=109/117 proceso=134/143 vista=29/36 al_publicar=191/247
[estado] fase=IDLE cuadros=20403 fallos=189 emitidos=74235 clientes=0 pisados=0 fps=10.0 edad=223 ms conservados=546/14 acopio=0/3 duplicados=0 rechazados=12
[latencia ms promedio/max] lectura=8/11 entrada=54/99 marcadores=52/275 cubos=104/114 proceso=157/382 vista=28/35 al_publicar=211/399
[estado] fase=IDLE cuadros=20430 fallos=189 emitidos=74339 clientes=0 pisados=0 fps=10.0 edad=427 ms conservados=546/14 acopio=0/3 duplicados=0 rechazados=12
[latencia ms promedio/max] lectura=8/12 entrada=50/112 marcadores=84/288 cubos=110/125 proceso=196/404 vista=30/38 al_publicar=246/423
[estado] fase=IDLE cuadros=20451 fallos=189 emitidos=74437 clientes=0 pisados=0 fps=10.0 edad=428 ms conservados=546/14 acopio=0/3 duplicados=0 rechazados=12
[latencia ms promedio/max] lectura=8/13 entrada=53/114 marcadores=111/289 cubos=105/122 proceso=217/389 vista=25/33 al_publicar=270/454
[estado] fase=IDLE cuadros=20471 fallos=189 emitidos=74537 clientes=0 pisados=0 fps=10.0 edad=239 ms conservados=546/14 acopio=0/3 duplicados=0 rechazados=12
[latencia ms promedio/max] lectura=8/11 entrada=60/114 marcadores=54/287 cubos=111/121 proceso=167/407 vista=29/38 al_publicar=227/497
[estado] fase=IDLE cuadros=20496 fallos=189 emitidos=74639 clientes=0 pisados=0 fps=10.0 edad=531 ms conservados=546/14 acopio=0/3 duplicados=0 rechazados=12
[latencia ms promedio/max] lectura=9/13 entrada=54/106 marcadores=25/29 cubos=116/135 proceso=142/163 vista=30/39 al_publicar=197/265
[estado] fase=IDLE cuadros=20523 fallos=189 emitidos=74736 clientes=0 pisados=0 fps=10.0 edad=210 ms conservados=546/14 acopio=0/3 duplicados=0 rechazados=12
[latencia ms promedio/max] lectura=8/14 entrada=59/108 marcadores=24/28 cubos=106/127 proceso=131/153 vista=28/38 al_publicar=190/238
[estado] fase=IDLE cuadros=20553 fallos=189 emitidos=74836 clientes=0 pisados=0 fps=10.0 edad=213 ms conservados=546/14 acopio=0/3 duplicados=0 rechazados=12
[latencia ms promedio/max] lectura=8/12 entrada=57/107 marcadores=24/26 cubos=107/119 proceso=132/146 vista=28/36 al_publicar=189/244
[estado] fase=IDLE cuadros=20583 fallos=189 emitidos=74937 clientes=0 pisados=0 fps=10.0 edad=253 ms conservados=546/14 acopio=0/3 duplicados=0 rechazados=12
[latencia ms promedio/max] lectura=8/12 entrada=65/115 marcadores=23/28 cubos=105/127 proceso=130/156 vista=27/35 al_publicar=195/271
[estado] fase=IDLE cuadros=20613 fallos=189 emitidos=75037 clientes=0 pisados=0 fps=10.0 edad=221 ms conservados=546/14 acopio=0/3 duplicados=0 rechazados=12
[latencia ms promedio/max] lectura=7/10 entrada=55/115 marcadores=21/26 cubos=98/113 proceso=121/136 vista=26/33 al_publicar=176/236
[estado] fase=IDLE cuadros=20645 fallos=189 emitidos=75135 clientes=0 pisados=0 fps=10.0 edad=250 ms conservados=546/14 acopio=0/3 duplicados=0 rechazados=12
[latencia ms promedio/max] lectura=8/13 entrada=62/115 marcadores=22/27 cubos=97/114 proceso=121/142 vista=27/37 al_publicar=183/244
[estado] fase=IDLE cuadros=20678 fallos=189 emitidos=75237 clientes=0 pisados=0 fps=10.0 edad=264 ms conservados=546/14 acopio=0/3 duplicados=0 rechazados=12
[latencia ms promedio/max] lectura=8/14 entrada=56/98 marcadores=23/30 cubos=103/135 proceso=128/163 vista=27/39 al_publicar=183/245
[estado] fase=IDLE cuadros=20708 fallos=189 emitidos=75335 clientes=0 pisados=0 fps=10.0 edad=250 ms conservados=546/14 acopio=0/3 duplicados=0 rechazados=12
[latencia ms promedio/max] lectura=8/12 entrada=55/101 marcadores=21/25 cubos=97/117 proceso=120/139 vista=28/37 al_publicar=175/227
[estado] fase=IDLE cuadros=20740 fallos=189 emitidos=75435 clientes=0 pisados=0 fps=10.0 edad=223 ms conservados=546/14 acopio=0/3 duplicados=0 rechazados=12
[latencia ms promedio/max] lectura=7/10 entrada=67/113 marcadores=22/30 cubos=103/143 proceso=127/166 vista=27/36 al_publicar=194/253
[estado] fase=IDLE cuadros=20772 fallos=189 emitidos=75538 clientes=0 pisados=0 fps=10.0 edad=287 ms conservados=546/14 acopio=0/3 duplicados=0 rechazados=12
[latencia ms promedio/max] lectura=8/9 entrada=55/101 marcadores=25/28 cubos=132/146 proceso=159/174 vista=31/40 al_publicar=213/258
[estado] fase=IDLE cuadros=20797 fallos=189 emitidos=75637 clientes=0 pisados=0 fps=10.0 edad=226 ms conservados=546/14 acopio=0/3 duplicados=0 rechazados=12
[latencia ms promedio/max] lectura=8/9 entrada=62/84 marcadores=39/325 cubos=134/139 proceso=174/456 vista=33/40 al_publicar=235/536
[estado] fase=IDLE cuadros=20820 fallos=189 emitidos=75736 clientes=0 pisados=0 fps=10.0 edad=282 ms conservados=546/14 acopio=0/3 duplicados=0 rechazados=12
[latencia ms promedio/max] lectura=9/10 entrada=57/104 marcadores=39/312 cubos=137/155 proceso=178/451 vista=35/44 al_publicar=235/467
[estado] fase=IDLE cuadros=20843 fallos=189 emitidos=75838 clientes=0 pisados=0 fps=10.0 edad=273 ms conservados=546/14 acopio=0/3 duplicados=0 rechazados=12
[latencia ms promedio/max] lectura=8/10 entrada=69/117 marcadores=27/31 cubos=134/160 proceso=162/188 vista=34/43 al_publicar=231/289
[estado] fase=IDLE cuadros=20867 fallos=189 emitidos=75936 clientes=0 pisados=0 fps=10.0 edad=276 ms conservados=546/14 acopio=0/3 duplicados=0 rechazados=12
[latencia ms promedio/max] lectura=8/9 entrada=64/105 marcadores=27/32 cubos=133/144 proceso=161/176 vista=34/43 al_publicar=225/281
[estado] fase=IDLE cuadros=20892 fallos=189 emitidos=76037 clientes=0 pisados=0 fps=10.0 edad=259 ms conservados=546/14 acopio=0/3 duplicados=0 rechazados=12
[latencia ms promedio/max] lectura=8/9 entrada=53/94 marcadores=27/30 cubos=137/148 proceso=166/179 vista=35/45 al_publicar=219/267
[estado] fase=IDLE cuadros=20916 fallos=189 emitidos=76138 clientes=0 pisados=0 fps=10.0 edad=283 ms conservados=546/14 acopio=0/3 duplicados=0 rechazados=12
[latencia ms promedio/max] lectura=9/10 entrada=61/119 marcadores=28/30 cubos=140/152 proceso=169/183 vista=36/45 al_publicar=231/295
[estado] fase=IDLE cuadros=20939 fallos=189 emitidos=76237 clientes=0 pisados=0 fps=10.0 edad=222 ms conservados=546/14 acopio=0/3 duplicados=0 rechazados=12
[latencia ms promedio/max] lectura=9/10 entrada=61/118 marcadores=29/31 cubos=146/158 proceso=176/190 vista=37/44 al_publicar=238/304
[estado] fase=IDLE cuadros=20961 fallos=189 emitidos=76335 clientes=0 pisados=0 fps=10.0 edad=231 ms conservados=546/14 acopio=0/3 duplicados=0 rechazados=12
[latencia ms promedio/max] lectura=9/10 entrada=54/106 marcadores=70/319 cubos=139/154 proceso=211/462 vista=36/45 al_publicar=265/515
[estado] fase=IDLE cuadros=20981 fallos=189 emitidos=76437 clientes=0 pisados=0 fps=10.0 edad=546 ms conservados=546/14 acopio=0/3 duplicados=0 rechazados=12
[latencia ms promedio/max] lectura=8/10 entrada=49/114 marcadores=228/341 cubos=138/153 proceso=367/475 vista=34/40 al_publicar=416/536
[estado] fase=IDLE cuadros=20994 fallos=189 emitidos=76543 clientes=0 pisados=0 fps=10.0 edad=574 ms conservados=546/14 acopio=0/3 duplicados=0 rechazados=12
[latencia ms promedio/max] lectura=9/11 entrada=64/107 marcadores=316/377 cubos=156/160 proceso=473/530 vista=37/46 al_publicar=537/617
[estado] fase=IDLE cuadros=21003 fallos=189 emitidos=76637 clientes=0 pisados=0 fps=10.0 edad=645 ms conservados=546/14 acopio=0/3 duplicados=0 rechazados=12
[aviso] marcadores vistos que NO son ni esquina ni rover declarado, y por eso se descartan: [17]. Si alguno es un robot de verdad, hay que agregarlo a deteccion_rovers.ids_rover; si no, son detecciones falsas de la cuadrícula.
[latencia ms promedio/max] lectura=9/9 entrada=52/102 marcadores=249/329 cubos=136/145 proceso=386/475 vista=36/44 al_publicar=438/562
[estado] fase=IDLE cuadros=21015 fallos=189 emitidos=76741 clientes=0 pisados=0 fps=10.0 edad=529 ms conservados=546/14 acopio=0/3 duplicados=0 rechazados=12
[aviso] marcadores vistos que NO son ni esquina ni rover declarado, y por eso se descartan: [17, 37]. Si alguno es un robot de verdad, hay que agregarlo a deteccion_rovers.ids_rover; si no, son detecciones falsas de la cuadrícula.
[latencia ms promedio/max] lectura=8/9 entrada=45/101 marcadores=204/331 cubos=130/138 proceso=336/471 vista=31/40 al_publicar=381/549
[estado] fase=IDLE cuadros=21028 fallos=189 emitidos=76838 clientes=0 pisados=0 fps=10.0 edad=509 ms conservados=546/14 acopio=0/3 duplicados=0 rechazados=12
[latencia ms promedio/max] lectura=9/10 entrada=67/119 marcadores=229/351 cubos=138/149 proceso=369/502 vista=36/42 al_publicar=436/562
[estado] fase=IDLE cuadros=21040 fallos=189 emitidos=76938 clientes=0 pisados=0 fps=10.0 edad=568 ms conservados=546/14 acopio=0/3 duplicados=0 rechazados=12
[latencia ms promedio/max] lectura=8/10 entrada=68/109 marcadores=271/334 cubos=137/143 proceso=409/473 vista=37/46 al_publicar=478/572
[estado] fase=IDLE cuadros=21051 fallos=189 emitidos=77038 clientes=0 pisados=0 fps=10.0 edad=587 ms conservados=546/14 acopio=0/3 duplicados=0 rechazados=12
[latencia ms promedio/max] lectura=9/10 entrada=61/109 marcadores=140/347 cubos=135/153 proceso=277/496 vista=33/42 al_publicar=337/556
[estado] fase=IDLE cuadros=21067 fallos=189 emitidos=77140 clientes=0 pisados=0 fps=10.0 edad=591 ms conservados=546/14 acopio=0/3 duplicados=0 rechazados=12
[latencia ms promedio/max] lectura=9/10 entrada=61/111 marcadores=253/357 cubos=138/149 proceso=393/496 vista=33/41 al_publicar=454/584
[estado] fase=IDLE cuadros=21079 fallos=189 emitidos=77244 clientes=0 pisados=0 fps=10.0 edad=605 ms conservados=546/14 acopio=0/3 duplicados=0 rechazados=12
[latencia ms promedio/max] lectura=8/9 entrada=53/99 marcadores=43/329 cubos=141/151 proceso=185/476 vista=33/44 al_publicar=238/523
[estado] fase=IDLE cuadros=21099 fallos=189 emitidos=77335 clientes=0 pisados=0 fps=10.0 edad=243 ms conservados=546/14 acopio=0/3 duplicados=0 rechazados=12
[aviso] marcadores vistos que NO son ni esquina ni rover declarado, y por eso se descartan: [37]. Si alguno es un robot de verdad, hay que agregarlo a deteccion_rovers.ids_rover; si no, son detecciones falsas de la cuadrícula.
[latencia ms promedio/max] lectura=9/11 entrada=59/116 marcadores=28/30 cubos=136/151 proceso=165/182 vista=36/47 al_publicar=224/280
[estado] fase=IDLE cuadros=21123 fallos=189 emitidos=77436 clientes=0 pisados=0 fps=10.0 edad=279 ms conservados=546/14 acopio=0/3 duplicados=0 rechazados=12
[latencia ms promedio/max] lectura=9/12 entrada=61/119 marcadores=28/31 cubos=140/150 proceso=169/179 vista=33/42 al_publicar=230/281
[estado] fase=IDLE cuadros=21147 fallos=189 emitidos=77537 clientes=0 pisados=0 fps=10.0 edad=271 ms conservados=546/14 acopio=0/3 duplicados=0 rechazados=12
[latencia ms promedio/max] lectura=8/10 entrada=58/104 marcadores=27/29 cubos=136/152 proceso=164/181 vista=33/42 al_publicar=222/274
[estado] fase=IDLE cuadros=21171 fallos=189 emitidos=77636 clientes=0 pisados=0 fps=10.0 edad=210 ms conservados=546/14 acopio=0/3 duplicados=0 rechazados=12
[latencia ms promedio/max] lectura=8/10 entrada=54/107 marcadores=83/333 cubos=134/151 proceso=218/459 vista=34/43 al_publicar=272/512
[estado] fase=IDLE cuadros=21191 fallos=189 emitidos=77740 clientes=0 pisados=0 fps=10.0 edad=518 ms conservados=546/14 acopio=0/3 duplicados=0 rechazados=12
[latencia ms promedio/max] lectura=9/10 entrada=56/92 marcadores=201/332 cubos=131/153 proceso=334/470 vista=32/37 al_publicar=390/553
[estado] fase=IDLE cuadros=21204 fallos=189 emitidos=77838 clientes=0 pisados=0 fps=10.0 edad=285 ms conservados=546/14 acopio=0/3 duplicados=0 rechazados=12
[latencia ms promedio/max] lectura=9/10 entrada=58/103 marcadores=179/344 cubos=133/140 proceso=314/485 vista=36/43 al_publicar=372/569
[estado] fase=IDLE cuadros=21218 fallos=189 emitidos=77939 clientes=0 pisados=0 fps=10.0 edad=213 ms conservados=546/14 acopio=0/3 duplicados=0 rechazados=12
[latencia ms promedio/max] lectura=8/9 entrada=74/89 marcadores=56/328 cubos=134/148 proceso=191/465 vista=32/42 al_publicar=265/533
[estado] fase=IDLE cuadros=21239 fallos=189 emitidos=78036 clientes=0 pisados=0 fps=10.0 edad=283 ms conservados=546/14 acopio=0/3 duplicados=0 rechazados=12
[latencia ms promedio/max] lectura=8/9 entrada=62/102 marcadores=27/30 cubos=128/143 proceso=156/173 vista=32/41 al_publicar=219/270
[estado] fase=IDLE cuadros=21265 fallos=189 emitidos=78138 clientes=0 pisados=0 fps=10.0 edad=208 ms conservados=546/14 acopio=0/3 duplicados=0 rechazados=12
[latencia ms promedio/max] lectura=8/9 entrada=48/114 marcadores=27/29 cubos=125/147 proceso=153/174 vista=31/40 al_publicar=202/280
[estado] fase=IDLE cuadros=21290 fallos=189 emitidos=78235 clientes=0 pisados=0 fps=10.0 edad=231 ms conservados=546/14 acopio=0/3 duplicados=0 rechazados=12
[latencia ms promedio/max] lectura=8/11 entrada=60/98 marcadores=27/30 cubos=130/147 proceso=158/176 vista=30/40 al_publicar=219/271
[estado] fase=IDLE cuadros=21316 fallos=189 emitidos=78337 clientes=0 pisados=0 fps=10.0 edad=257 ms conservados=546/14 acopio=0/3 duplicados=0 rechazados=12
[latencia ms promedio/max] lectura=8/12 entrada=73/102 marcadores=27/30 cubos=128/141 proceso=157/171 vista=34/44 al_publicar=230/264
[estado] fase=IDLE cuadros=21341 fallos=189 emitidos=78437 clientes=0 pisados=0 fps=10.0 edad=258 ms conservados=546/14 acopio=0/3 duplicados=0 rechazados=12
[latencia ms promedio/max] lectura=8/10 entrada=74/116 marcadores=27/31 cubos=126/142 proceso=155/171 vista=31/42 al_publicar=229/275
[estado] fase=IDLE cuadros=21366 fallos=189 emitidos=78535 clientes=0 pisados=0 fps=10.0 edad=228 ms conservados=546/14 acopio=0/3 duplicados=0 rechazados=12
[latencia ms promedio/max] lectura=8/10 entrada=55/104 marcadores=39/328 cubos=120/141 proceso=160/467 vista=30/39 al_publicar=214/557
[estado] fase=IDLE cuadros=21392 fallos=189 emitidos=78638 clientes=0 pisados=0 fps=10.0 edad=267 ms conservados=546/14 acopio=0/3 duplicados=0 rechazados=12
[latencia ms promedio/max] lectura=8/12 entrada=60/108 marcadores=210/335 cubos=122/139 proceso=333/459 vista=31/39 al_publicar=393/563
[estado] fase=IDLE cuadros=21406 fallos=189 emitidos=78742 clientes=0 pisados=0 fps=10.0 edad=589 ms conservados=546/14 acopio=0/3 duplicados=0 rechazados=12
[latencia ms promedio/max] lectura=8/10 entrada=58/116 marcadores=53/318 cubos=128/149 proceso=182/433 vista=31/42 al_publicar=240/510
[estado] fase=IDLE cuadros=21427 fallos=189 emitidos=78835 clientes=0 pisados=0 fps=10.0 edad=234 ms conservados=546/14 acopio=0/3 duplicados=0 rechazados=12
[latencia ms promedio/max] lectura=9/10 entrada=62/118 marcadores=27/30 cubos=131/153 proceso=159/182 vista=33/42 al_publicar=222/287
[estado] fase=IDLE cuadros=21452 fallos=189 emitidos=78935 clientes=0 pisados=0 fps=10.0 edad=268 ms conservados=546/14 acopio=0/3 duplicados=0 rechazados=12
[latencia ms promedio/max] lectura=8/9 entrada=68/110 marcadores=168/334 cubos=128/144 proceso=298/463 vista=32/41 al_publicar=366/541
[estado] fase=IDLE cuadros=21468 fallos=189 emitidos=79044 clientes=0 pisados=0 fps=10.0 edad=578 ms conservados=546/14 acopio=0/3 duplicados=0 rechazados=12
[latencia ms promedio/max] lectura=8/9 entrada=53/99 marcadores=218/320 cubos=119/135 proceso=339/447 vista=31/39 al_publicar=392/537
[estado] fase=IDLE cuadros=21481 fallos=189 emitidos=79142 clientes=0 pisados=0 fps=10.0 edad=480 ms conservados=546/14 acopio=0/3 duplicados=0 rechazados=12
[aviso] marcadores vistos que NO son ni esquina ni rover declarado, y por eso se descartan: [37]. Si alguno es un robot de verdad, hay que agregarlo a deteccion_rovers.ids_rover; si no, son detecciones falsas de la cuadrícula.
[latencia ms promedio/max] lectura=8/9 entrada=65/113 marcadores=238/322 cubos=118/131 proceso=357/453 vista=31/40 al_publicar=422/518
[estado] fase=IDLE cuadros=21493 fallos=189 emitidos=79237 clientes=0 pisados=0 fps=10.0 edad=542 ms conservados=546/14 acopio=0/3 duplicados=0 rechazados=12
[latencia ms promedio/max] lectura=7/9 entrada=56/100 marcadores=188/324 cubos=125/143 proceso=315/456 vista=29/38 al_publicar=371/552
[estado] fase=IDLE cuadros=21507 fallos=189 emitidos=79335 clientes=0 pisados=0 fps=10.0 edad=544 ms conservados=546/14 acopio=0/3 duplicados=0 rechazados=12
[latencia ms promedio/max] lectura=8/10 entrada=50/115 marcadores=182/336 cubos=126/146 proceso=310/480 vista=33/41 al_publicar=360/570
[estado] fase=IDLE cuadros=21522 fallos=189 emitidos=79440 clientes=0 pisados=0 fps=10.0 edad=607 ms conservados=546/14 acopio=0/3 duplicados=0 rechazados=12
[latencia ms promedio/max] lectura=8/11 entrada=60/101 marcadores=109/323 cubos=126/150 proceso=236/460 vista=32/41 al_publicar=296/551
[estado] fase=IDLE cuadros=21539 fallos=189 emitidos=79535 clientes=0 pisados=0 fps=10.0 edad=236 ms conservados=546/14 acopio=0/3 duplicados=0 rechazados=12
[latencia ms promedio/max] lectura=8/9 entrada=65/117 marcadores=157/330 cubos=130/140 proceso=288/469 vista=30/37 al_publicar=353/580
[estado] fase=IDLE cuadros=21555 fallos=189 emitidos=79639 clientes=0 pisados=0 fps=10.0 edad=556 ms conservados=546/14 acopio=0/3 duplicados=0 rechazados=12
[aviso] marcadores vistos que NO son ni esquina ni rover declarado, y por eso se descartan: [49]. Si alguno es un robot de verdad, hay que agregarlo a deteccion_rovers.ids_rover; si no, son detecciones falsas de la cuadrícula.
[latencia ms promedio/max] lectura=8/9 entrada=55/120 marcadores=130/324 cubos=130/148 proceso=261/451 vista=31/40 al_publicar=316/529
[estado] fase=IDLE cuadros=21571 fallos=189 emitidos=79736 clientes=0 pisados=0 fps=10.0 edad=281 ms conservados=546/14 acopio=0/3 duplicados=0 rechazados=12
[latencia ms promedio/max] lectura=8/10 entrada=74/107 marcadores=228/336 cubos=124/136 proceso=353/472 vista=32/39 al_publicar=427/572
[estado] fase=IDLE cuadros=21584 fallos=189 emitidos=79838 clientes=0 pisados=0 fps=10.0 edad=590 ms conservados=546/14 acopio=0/3 duplicados=0 rechazados=12
[latencia ms promedio/max] lectura=8/11 entrada=59/102 marcadores=243/328 cubos=125/138 proceso=370/458 vista=28/37 al_publicar=430/558
[estado] fase=IDLE cuadros=21596 fallos=189 emitidos=79935 clientes=0 pisados=0 fps=10.0 edad=272 ms conservados=546/14 acopio=0/3 duplicados=0 rechazados=12
[latencia ms promedio/max] lectura=8/9 entrada=53/92 marcadores=52/339 cubos=126/143 proceso=180/473 vista=31/39 al_publicar=233/512
[estado] fase=IDLE cuadros=21619 fallos=189 emitidos=80036 clientes=0 pisados=0 fps=10.0 edad=206 ms conservados=546/14 acopio=0/3 duplicados=0 rechazados=12
[latencia ms promedio/max] lectura=8/9 entrada=50/118 marcadores=27/30 cubos=135/147 proceso=164/178 vista=31/41 al_publicar=214/283
[estado] fase=IDLE cuadros=21644 fallos=189 emitidos=80138 clientes=0 pisados=0 fps=10.0 edad=192 ms conservados=546/14 acopio=0/3 duplicados=0 rechazados=12
[latencia ms promedio/max] lectura=8/9 entrada=63/102 marcadores=27/30 cubos=130/144 proceso=158/173 vista=33/40 al_publicar=222/263
[estado] fase=IDLE cuadros=21669 fallos=189 emitidos=80238 clientes=0 pisados=0 fps=10.0 edad=281 ms conservados=546/14 acopio=0/3 duplicados=0 rechazados=12
[latencia ms promedio/max] lectura=8/9 entrada=54/101 marcadores=27/30 cubos=132/142 proceso=160/170 vista=33/40 al_publicar=214/270
[estado] fase=IDLE cuadros=21694 fallos=189 emitidos=80338 clientes=0 pisados=0 fps=10.0 edad=216 ms conservados=546/14 acopio=0/3 duplicados=0 rechazados=12
[latencia ms promedio/max] lectura=8/10 entrada=54/101 marcadores=28/30 cubos=131/144 proceso=160/173 vista=33/40 al_publicar=214/274
[estado] fase=IDLE cuadros=21718 fallos=189 emitidos=80435 clientes=0 pisados=0 fps=10.0 edad=251 ms conservados=546/14 acopio=0/3 duplicados=0 rechazados=12
[latencia ms promedio/max] lectura=9/10 entrada=58/119 marcadores=27/29 cubos=139/148 proceso=168/179 vista=35/43 al_publicar=226/286
[estado] fase=IDLE cuadros=21742 fallos=189 emitidos=80537 clientes=0 pisados=0 fps=10.0 edad=249 ms conservados=546/14 acopio=0/3 duplicados=0 rechazados=12
[latencia ms promedio/max] lectura=9/10 entrada=64/105 marcadores=40/315 cubos=139/147 proceso=180/448 vista=35/45 al_publicar=245/490
[estado] fase=IDLE cuadros=21765 fallos=189 emitidos=80641 clientes=0 pisados=0 fps=10.0 edad=526 ms conservados=546/14 acopio=0/3 duplicados=0 rechazados=12
[latencia ms promedio/max] lectura=9/11 entrada=59/100 marcadores=120/332 cubos=138/152 proceso=260/477 vista=35/44 al_publicar=318/577
[estado] fase=IDLE cuadros=21781 fallos=189 emitidos=80738 clientes=0 pisados=0 fps=10.0 edad=288 ms conservados=546/14 acopio=0/3 duplicados=0 rechazados=12
[latencia ms promedio/max] lectura=8/10 entrada=48/100 marcadores=111/323 cubos=136/144 proceso=249/459 vista=33/40 al_publicar=297/547
[estado] fase=IDLE cuadros=21798 fallos=189 emitidos=80837 clientes=0 pisados=0 fps=10.0 edad=547 ms conservados=546/14 acopio=0/3 duplicados=0 rechazados=12
[latencia ms promedio/max] lectura=8/9 entrada=72/110 marcadores=112/330 cubos=134/143 proceso=248/471 vista=34/40 al_publicar=320/537
[estado] fase=IDLE cuadros=21815 fallos=189 emitidos=80936 clientes=0 pisados=0 fps=10.0 edad=280 ms conservados=546/14 acopio=0/3 duplicados=0 rechazados=12
[latencia ms promedio/max] lectura=8/9 entrada=67/101 marcadores=54/319 cubos=132/141 proceso=187/452 vista=31/38 al_publicar=255/539
[estado] fase=IDLE cuadros=21837 fallos=189 emitidos=81036 clientes=0 pisados=0 fps=10.0 edad=574 ms conservados=546/14 acopio=0/3 duplicados=0 rechazados=12
[latencia ms promedio/max] lectura=8/9 entrada=62/102 marcadores=64/324 cubos=123/145 proceso=189/458 vista=30/40 al_publicar=251/541
[estado] fase=IDLE cuadros=21859 fallos=189 emitidos=81135 clientes=0 pisados=0 fps=10.0 edad=248 ms conservados=546/14 acopio=0/3 duplicados=0 rechazados=12
[latencia ms promedio/max] lectura=9/15 entrada=58/96 marcadores=115/297 cubos=113/139 proceso=230/432 vista=29/41 al_publicar=288/507
[estado] fase=IDLE cuadros=21878 fallos=189 emitidos=81237 clientes=0 pisados=0 fps=10.0 edad=428 ms conservados=546/14 acopio=0/3 duplicados=0 rechazados=12
[latencia ms promedio/max] lectura=8/9 entrada=54/100 marcadores=123/324 cubos=128/142 proceso=252/456 vista=30/40 al_publicar=306/533
[estado] fase=IDLE cuadros=21895 fallos=189 emitidos=81336 clientes=0 pisados=0 fps=10.0 edad=566 ms conservados=546/14 acopio=0/3 duplicados=0 rechazados=12
[aviso] marcadores vistos que NO son ni esquina ni rover declarado, y por eso se descartan: [37]. Si alguno es un robot de verdad, hay que agregarlo a deteccion_rovers.ids_rover; si no, son detecciones falsas de la cuadrícula.
[latencia ms promedio/max] lectura=8/11 entrada=59/107 marcadores=126/338 cubos=109/142 proceso=237/471 vista=30/38 al_publicar=296/548
[estado] fase=IDLE cuadros=21913 fallos=189 emitidos=81435 clientes=0 pisados=0 fps=10.0 edad=228 ms conservados=546/14 acopio=0/3 duplicados=0 rechazados=12
[latencia ms promedio/max] lectura=8/11 entrada=48/112 marcadores=102/283 cubos=103/129 proceso=207/387 vista=28/40 al_publicar=255/457
[estado] fase=IDLE cuadros=21935 fallos=189 emitidos=81542 clientes=0 pisados=0 fps=10.0 edad=487 ms conservados=546/14 acopio=0/3 duplicados=0 rechazados=12
[latencia ms promedio/max] lectura=8/12 entrada=65/104 marcadores=34/266 cubos=107/128 proceso=142/377 vista=29/36 al_publicar=207/459
[estado] fase=IDLE cuadros=21961 fallos=189 emitidos=81635 clientes=0 pisados=0 fps=10.0 edad=248 ms conservados=546/14 acopio=0/3 duplicados=0 rechazados=12
[latencia ms promedio/max] lectura=8/11 entrada=56/100 marcadores=33/290 cubos=109/137 proceso=144/366 vista=28/38 al_publicar=200/430
[estado] fase=IDLE cuadros=21989 fallos=189 emitidos=81736 clientes=0 pisados=0 fps=10.0 edad=189 ms conservados=546/14 acopio=0/3 duplicados=0 rechazados=12
[latencia ms promedio/max] lectura=8/13 entrada=60/122 marcadores=23/29 cubos=106/128 proceso=130/151 vista=29/35 al_publicar=190/249
[estado] fase=IDLE cuadros=22019 fallos=189 emitidos=81836 clientes=0 pisados=0 fps=10.0 edad=211 ms conservados=546/14 acopio=0/3 duplicados=0 rechazados=12
[latencia ms promedio/max] lectura=8/12 entrada=65/109 marcadores=25/31 cubos=109/135 proceso=135/164 vista=28/38 al_publicar=200/259
[estado] fase=IDLE cuadros=22048 fallos=189 emitidos=81936 clientes=0 pisados=0 fps=10.0 edad=185 ms conservados=546/14 acopio=0/3 duplicados=0 rechazados=12
[latencia ms promedio/max] lectura=8/12 entrada=66/116 marcadores=72/274 cubos=102/119 proceso=175/375 vista=27/33 al_publicar=242/465
[estado] fase=IDLE cuadros=22072 fallos=189 emitidos=82037 clientes=0 pisados=0 fps=10.0 edad=251 ms conservados=546/14 acopio=0/3 duplicados=0 rechazados=12
[latencia ms promedio/max] lectura=8/11 entrada=59/100 marcadores=23/27 cubos=103/121 proceso=127/146 vista=28/36 al_publicar=186/239
[estado] fase=IDLE cuadros=22102 fallos=189 emitidos=82135 clientes=0 pisados=0 fps=10.0 edad=232 ms conservados=546/14 acopio=0/3 duplicados=0 rechazados=12
[latencia ms promedio/max] lectura=8/12 entrada=50/117 marcadores=25/28 cubos=107/130 proceso=133/158 vista=28/37 al_publicar=183/257
[estado] fase=IDLE cuadros=22132 fallos=189 emitidos=82236 clientes=0 pisados=0 fps=10.0 edad=189 ms conservados=546/14 acopio=0/3 duplicados=0 rechazados=12
[latencia ms promedio/max] lectura=7/9 entrada=58/104 marcadores=77/304 cubos=109/124 proceso=188/425 vista=29/39 al_publicar=246/500
[estado] fase=IDLE cuadros=22155 fallos=189 emitidos=82339 clientes=0 pisados=0 fps=10.0 edad=541 ms conservados=546/14 acopio=0/3 duplicados=0 rechazados=12
[latencia ms promedio/max] lectura=7/9 entrada=62/115 marcadores=89/298 cubos=116/126 proceso=206/408 vista=30/36 al_publicar=268/523
[estado] fase=IDLE cuadros=22175 fallos=189 emitidos=82436 clientes=0 pisados=0 fps=10.0 edad=209 ms conservados=546/14 acopio=0/3 duplicados=0 rechazados=12
[latencia ms promedio/max] lectura=8/13 entrada=60/100 marcadores=46/321 cubos=108/142 proceso=155/455 vista=26/34 al_publicar=215/545
[estado] fase=IDLE cuadros=22201 fallos=189 emitidos=82534 clientes=0 pisados=0 fps=10.0 edad=229 ms conservados=546/14 acopio=0/3 duplicados=0 rechazados=12
[latencia ms promedio/max] lectura=8/13 entrada=48/96 marcadores=82/268 cubos=103/119 proceso=186/378 vista=26/36 al_publicar=234/457
[estado] fase=IDLE cuadros=22225 fallos=189 emitidos=82640 clientes=0 pisados=0 fps=10.0 edad=409 ms conservados=546/14 acopio=0/3 duplicados=0 rechazados=12
[aviso] marcadores vistos que NO son ni esquina ni rover declarado, y por eso se descartan: [37]. Si alguno es un robot de verdad, hay que agregarlo a deteccion_rovers.ids_rover; si no, son detecciones falsas de la cuadrícula.
[latencia ms promedio/max] lectura=7/11 entrada=68/108 marcadores=129/274 cubos=101/130 proceso=231/374 vista=26/37 al_publicar=300/453
[estado] fase=IDLE cuadros=22243 fallos=189 emitidos=82736 clientes=0 pisados=0 fps=10.0 edad=476 ms conservados=546/14 acopio=0/3 duplicados=0 rechazados=12
[latencia ms promedio/max] lectura=8/13 entrada=56/105 marcadores=165/292 cubos=102/123 proceso=268/389 vista=29/38 al_publicar=325/467
[estado] fase=IDLE cuadros=22260 fallos=189 emitidos=82840 clientes=0 pisados=0 fps=10.0 edad=478 ms conservados=546/14 acopio=0/3 duplicados=0 rechazados=12
[latencia ms promedio/max] lectura=7/10 entrada=51/97 marcadores=104/299 cubos=94/119 proceso=199/374 vista=26/34 al_publicar=250/445
[estado] fase=IDLE cuadros=22281 fallos=189 emitidos=82937 clientes=0 pisados=0 fps=10.0 edad=241 ms conservados=546/14 acopio=0/3 duplicados=0 rechazados=12
[latencia ms promedio/max] lectura=7/12 entrada=59/115 marcadores=40/265 cubos=101/119 proceso=142/364 vista=27/34 al_publicar=202/443
[estado] fase=IDLE cuadros=22309 fallos=189 emitidos=83036 clientes=0 pisados=0 fps=10.0 edad=196 ms conservados=546/14 acopio=0/3 duplicados=0 rechazados=12
[latencia ms promedio/max] lectura=7/10 entrada=62/112 marcadores=54/301 cubos=108/138 proceso=163/428 vista=28/38 al_publicar=225/536
[estado] fase=IDLE cuadros=22334 fallos=189 emitidos=83136 clientes=0 pisados=0 fps=10.0 edad=280 ms conservados=546/14 acopio=0/3 duplicados=0 rechazados=12
[latencia ms promedio/max] lectura=8/13 entrada=64/117 marcadores=30/262 cubos=104/122 proceso=135/368 vista=27/35 al_publicar=199/405
[estado] fase=IDLE cuadros=22364 fallos=189 emitidos=83238 clientes=0 pisados=0 fps=10.0 edad=179 ms conservados=546/14 acopio=0/3 duplicados=0 rechazados=12
[latencia ms promedio/max] lectura=7/11 entrada=56/114 marcadores=21/26 cubos=104/119 proceso=126/145 vista=27/37 al_publicar=183/244
[estado] fase=IDLE cuadros=22395 fallos=189 emitidos=83337 clientes=0 pisados=0 fps=10.0 edad=250 ms conservados=546/14 acopio=0/3 duplicados=0 rechazados=12
[latencia ms promedio/max] lectura=7/12 entrada=57/103 marcadores=23/27 cubos=101/117 proceso=125/142 vista=27/35 al_publicar=182/245
[estado] fase=IDLE cuadros=22426 fallos=189 emitidos=83436 clientes=0 pisados=0 fps=10.0 edad=204 ms conservados=546/14 acopio=0/3 duplicados=0 rechazados=12
[latencia ms promedio/max] lectura=8/12 entrada=61/120 marcadores=23/26 cubos=103/125 proceso=127/151 vista=25/33 al_publicar=187/248
[estado] fase=IDLE cuadros=22457 fallos=189 emitidos=83535 clientes=0 pisados=0 fps=10.0 edad=268 ms conservados=546/14 acopio=0/3 duplicados=0 rechazados=12
[latencia ms promedio/max] lectura=7/10 entrada=65/106 marcadores=24/27 cubos=113/130 proceso=138/158 vista=30/41 al_publicar=203/259
[estado] fase=IDLE cuadros=22486 fallos=189 emitidos=83637 clientes=0 pisados=0 fps=10.0 edad=250 ms conservados=546/14 acopio=0/3 duplicados=0 rechazados=12
[latencia ms promedio/max] lectura=9/10 entrada=70/116 marcadores=27/29 cubos=137/143 proceso=166/174 vista=33/44 al_publicar=236/285
[estado] fase=IDLE cuadros=22510 fallos=189 emitidos=83737 clientes=0 pisados=0 fps=10.0 edad=328 ms conservados=546/14 acopio=0/3 duplicados=0 rechazados=12
[latencia ms promedio/max] lectura=8/11 entrada=62/112 marcadores=24/29 cubos=117/143 proceso=142/172 vista=28/40 al_publicar=205/272
[estado] fase=IDLE cuadros=22538 fallos=189 emitidos=83836 clientes=0 pisados=0 fps=10.0 edad=209 ms conservados=546/14 acopio=0/3 duplicados=0 rechazados=12
[latencia ms promedio/max] lectura=7/10 entrada=55/119 marcadores=22/30 cubos=101/120 proceso=125/146 vista=27/39 al_publicar=180/259
[estado] fase=IDLE cuadros=22569 fallos=189 emitidos=83935 clientes=0 pisados=0 fps=10.0 edad=257 ms conservados=546/14 acopio=0/3 duplicados=0 rechazados=12
[latencia ms promedio/max] lectura=7/11 entrada=59/114 marcadores=22/28 cubos=103/122 proceso=127/150 vista=26/37 al_publicar=186/254
[estado] fase=IDLE cuadros=22601 fallos=189 emitidos=84038 clientes=0 pisados=0 fps=10.0 edad=180 ms conservados=546/14 acopio=0/3 duplicados=0 rechazados=12
[latencia ms promedio/max] lectura=8/13 entrada=61/117 marcadores=39/266 cubos=104/113 proceso=144/369 vista=26/36 al_publicar=205/450
[estado] fase=IDLE cuadros=22629 fallos=189 emitidos=84138 clientes=0 pisados=0 fps=10.0 edad=471 ms conservados=546/14 acopio=0/3 duplicados=0 rechazados=12
[latencia ms promedio/max] lectura=7/13 entrada=47/96 marcadores=39/270 cubos=100/111 proceso=141/372 vista=26/36 al_publicar=188/410
[estado] fase=IDLE cuadros=22657 fallos=189 emitidos=84235 clientes=0 pisados=0 fps=10.0 edad=166 ms conservados=546/14 acopio=0/3 duplicados=0 rechazados=12
[latencia ms promedio/max] lectura=8/12 entrada=54/103 marcadores=44/328 cubos=104/145 proceso=149/415 vista=28/36 al_publicar=203/475
[estado] fase=IDLE cuadros=22684 fallos=189 emitidos=84335 clientes=0 pisados=0 fps=10.0 edad=257 ms conservados=546/14 acopio=0/3 duplicados=0 rechazados=12
[latencia ms promedio/max] lectura=8/12 entrada=53/114 marcadores=22/26 cubos=101/124 proceso=124/147 vista=26/35 al_publicar=177/239
[estado] fase=IDLE cuadros=22716 fallos=189 emitidos=84436 clientes=0 pisados=0 fps=10.0 edad=116 ms conservados=546/14 acopio=0/3 duplicados=0 rechazados=12
[latencia ms promedio/max] lectura=8/13 entrada=62/115 marcadores=30/259 cubos=100/111 proceso=131/363 vista=26/36 al_publicar=194/418
[estado] fase=IDLE cuadros=22746 fallos=189 emitidos=84535 clientes=0 pisados=0 fps=10.0 edad=265 ms conservados=546/14 acopio=0/3 duplicados=0 rechazados=12
[latencia ms promedio/max] lectura=8/12 entrada=52/115 marcadores=48/266 cubos=101/115 proceso=150/373 vista=26/35 al_publicar=203/413
[estado] fase=IDLE cuadros=22774 fallos=189 emitidos=84638 clientes=0 pisados=0 fps=10.0 edad=414 ms conservados=546/14 acopio=0/3 duplicados=0 rechazados=12
[latencia ms promedio/max] lectura=8/12 entrada=60/115 marcadores=87/262 cubos=102/118 proceso=190/377 vista=28/36 al_publicar=250/461
[estado] fase=IDLE cuadros=22796 fallos=189 emitidos=84738 clientes=0 pisados=0 fps=10.0 edad=166 ms conservados=546/14 acopio=0/3 duplicados=0 rechazados=12
[latencia ms promedio/max] lectura=8/13 entrada=49/100 marcadores=49/261 cubos=103/122 proceso=154/364 vista=27/34 al_publicar=203/414
[estado] fase=IDLE cuadros=22822 fallos=189 emitidos=84836 clientes=0 pisados=0 fps=10.0 edad=192 ms conservados=546/14 acopio=0/3 duplicados=0 rechazados=12
[latencia ms promedio/max] lectura=8/15 entrada=51/103 marcadores=24/35 cubos=115/136 proceso=140/164 vista=30/50 al_publicar=191/254
[estado] fase=IDLE cuadros=22850 fallos=189 emitidos=84936 clientes=0 pisados=0 fps=10.0 edad=184 ms conservados=546/14 acopio=0/3 duplicados=0 rechazados=12
[latencia ms promedio/max] lectura=7/11 entrada=60/114 marcadores=22/27 cubos=96/118 proceso=119/144 vista=26/34 al_publicar=179/235
[estado] fase=IDLE cuadros=22883 fallos=189 emitidos=85036 clientes=0 pisados=0 fps=10.0 edad=216 ms conservados=546/14 acopio=0/3 duplicados=0 rechazados=12
[latencia ms promedio/max] lectura=8/13 entrada=55/119 marcadores=23/26 cubos=101/131 proceso=124/155 vista=25/37 al_publicar=179/244
[estado] fase=IDLE cuadros=22915 fallos=189 emitidos=85137 clientes=0 pisados=0 fps=10.0 edad=238 ms conservados=546/14 acopio=0/3 duplicados=0 rechazados=12
[latencia ms promedio/max] lectura=8/11 entrada=53/100 marcadores=22/26 cubos=101/124 proceso=124/146 vista=27/36 al_publicar=177/245
[estado] fase=IDLE cuadros=22946 fallos=189 emitidos=85235 clientes=0 pisados=0 fps=10.0 edad=170 ms conservados=546/14 acopio=0/3 duplicados=0 rechazados=12
[latencia ms promedio/max] lectura=8/11 entrada=61/107 marcadores=102/277 cubos=101/130 proceso=204/394 vista=26/35 al_publicar=265/478
[estado] fase=IDLE cuadros=22968 fallos=189 emitidos=85340 clientes=0 pisados=0 fps=10.0 edad=394 ms conservados=546/14 acopio=0/3 duplicados=0 rechazados=12
[latencia ms promedio/max] lectura=7/12 entrada=53/113 marcadores=119/287 cubos=101/128 proceso=221/408 vista=25/36 al_publicar=274/491
[estado] fase=IDLE cuadros=22988 fallos=189 emitidos=85442 clientes=0 pisados=0 fps=10.0 edad=474 ms conservados=546/14 acopio=0/3 duplicados=0 rechazados=12
[latencia ms promedio/max] lectura=9/12 entrada=58/97 marcadores=175/321 cubos=110/131 proceso=286/453 vista=31/40 al_publicar=344/535
[estado] fase=IDLE cuadros=23003 fallos=189 emitidos=85539 clientes=0 pisados=0 fps=10.0 edad=467 ms conservados=546/14 acopio=0/3 duplicados=0 rechazados=12
[aviso] marcadores vistos que NO son ni esquina ni rover declarado, y por eso se descartan: [37]. Si alguno es un robot de verdad, hay que agregarlo a deteccion_rovers.ids_rover; si no, son detecciones falsas de la cuadrícula.
[latencia ms promedio/max] lectura=7/11 entrada=54/95 marcadores=171/277 cubos=101/131 proceso=273/379 vista=25/35 al_publicar=327/466
[estado] fase=IDLE cuadros=23019 fallos=189 emitidos=85637 clientes=0 pisados=0 fps=10.0 edad=440 ms conservados=546/14 acopio=0/3 duplicados=0 rechazados=12
[latencia ms promedio/max] lectura=8/12 entrada=48/90 marcadores=197/271 cubos=99/106 proceso=297/378 vista=29/34 al_publicar=345/438
[estado] fase=IDLE cuadros=23034 fallos=189 emitidos=85737 clientes=0 pisados=0 fps=10.0 edad=460 ms conservados=546/14 acopio=0/3 duplicados=0 rechazados=12
[latencia ms promedio/max] lectura=8/11 entrada=69/99 marcadores=187/276 cubos=103/115 proceso=291/388 vista=28/37 al_publicar=360/486
[estado] fase=IDLE cuadros=23050 fallos=189 emitidos=85842 clientes=0 pisados=0 fps=10.0 edad=500 ms conservados=546/14 acopio=0/3 duplicados=0 rechazados=12
[latencia ms promedio/max] lectura=7/10 entrada=52/91 marcadores=190/268 cubos=105/110 proceso=296/376 vista=29/35 al_publicar=348/455
[estado] fase=IDLE cuadros=23064 fallos=189 emitidos=85935 clientes=0 pisados=0 fps=10.0 edad=445 ms conservados=546/14 acopio=0/3 duplicados=0 rechazados=12
[aviso] marcadores vistos que NO son ni esquina ni rover declarado, y por eso se descartan: [37]. Si alguno es un robot de verdad, hay que agregarlo a deteccion_rovers.ids_rover; si no, son detecciones falsas de la cuadrícula.
[latencia ms promedio/max] lectura=7/9 entrada=85/115 marcadores=172/267 cubos=105/123 proceso=278/377 vista=28/34 al_publicar=364/486
[estado] fase=IDLE cuadros=23080 fallos=189 emitidos=86035 clientes=0 pisados=0 fps=10.0 edad=464 ms conservados=546/14 acopio=0/3 duplicados=0 rechazados=12
[latencia ms promedio/max] lectura=8/11 entrada=70/98 marcadores=127/337 cubos=125/141 proceso=253/462 vista=32/43 al_publicar=324/552
[estado] fase=IDLE cuadros=23097 fallos=189 emitidos=86135 clientes=0 pisados=0 fps=10.0 edad=256 ms conservados=546/14 acopio=0/3 duplicados=0 rechazados=12
[latencia ms promedio/max] lectura=8/10 entrada=42/102 marcadores=192/331 cubos=113/142 proceso=307/459 vista=29/37 al_publicar=349/486
[estado] fase=IDLE cuadros=23112 fallos=189 emitidos=86238 clientes=0 pisados=0 fps=10.0 edad=419 ms conservados=546/14 acopio=0/3 duplicados=0 rechazados=12
[aviso] marcadores vistos que NO son ni esquina ni rover declarado, y por eso se descartan: [37]. Si alguno es un robot de verdad, hay que agregarlo a deteccion_rovers.ids_rover; si no, son detecciones falsas de la cuadrícula.
[latencia ms promedio/max] lectura=8/12 entrada=55/113 marcadores=147/275 cubos=101/117 proceso=249/382 vista=25/34 al_publicar=304/432
[estado] fase=IDLE cuadros=23129 fallos=189 emitidos=86335 clientes=0 pisados=0 fps=10.0 edad=431 ms conservados=546/14 acopio=0/3 duplicados=0 rechazados=12
[latencia ms promedio/max] lectura=7/13 entrada=57/98 marcadores=136/276 cubos=103/119 proceso=240/381 vista=27/33 al_publicar=298/478
[estado] fase=IDLE cuadros=23148 fallos=189 emitidos=86439 clientes=0 pisados=0 fps=10.0 edad=447 ms conservados=546/14 acopio=0/3 duplicados=0 rechazados=12
[latencia ms promedio/max] lectura=8/12 entrada=62/100 marcadores=129/274 cubos=106/118 proceso=236/379 vista=27/37 al_publicar=298/468
[estado] fase=IDLE cuadros=23166 fallos=189 emitidos=86537 clientes=0 pisados=0 fps=10.0 edad=227 ms conservados=546/14 acopio=0/3 duplicados=0 rechazados=12
[latencia ms promedio/max] lectura=8/11 entrada=47/99 marcadores=99/298 cubos=114/137 proceso=214/423 vista=30/39 al_publicar=261/505
[estado] fase=IDLE cuadros=23186 fallos=189 emitidos=86638 clientes=0 pisados=0 fps=10.0 edad=191 ms conservados=546/14 acopio=0/3 duplicados=0 rechazados=12
[aviso] marcadores vistos que NO son ni esquina ni rover declarado, y por eso se descartan: [17, 37]. Si alguno es un robot de verdad, hay que agregarlo a deteccion_rovers.ids_rover; si no, son detecciones falsas de la cuadrícula.
[latencia ms promedio/max] lectura=7/9 entrada=65/107 marcadores=102/335 cubos=119/139 proceso=222/473 vista=32/40 al_publicar=287/554
[estado] fase=IDLE cuadros=23205 fallos=189 emitidos=86738 clientes=0 pisados=0 fps=10.0 edad=467 ms conservados=546/14 acopio=0/3 duplicados=0 rechazados=12
[latencia ms promedio/max] lectura=7/9 entrada=55/114 marcadores=108/310 cubos=113/127 proceso=222/433 vista=28/35 al_publicar=277/548
[estado] fase=IDLE cuadros=23224 fallos=189 emitidos=86836 clientes=0 pisados=0 fps=10.0 edad=180 ms conservados=546/14 acopio=0/3 duplicados=0 rechazados=12
[latencia ms promedio/max] lectura=7/9 entrada=59/104 marcadores=104/311 cubos=109/130 proceso=214/424 vista=31/37 al_publicar=274/528
[estado] fase=IDLE cuadros=23244 fallos=189 emitidos=86937 clientes=0 pisados=0 fps=10.0 edad=231 ms conservados=546/14 acopio=0/3 duplicados=0 rechazados=12
[latencia ms promedio/max] lectura=8/12 entrada=59/116 marcadores=178/287 cubos=107/127 proceso=287/400 vista=28/39 al_publicar=346/516
[estado] fase=IDLE cuadros=23260 fallos=189 emitidos=87040 clientes=0 pisados=0 fps=10.0 edad=504 ms conservados=546/14 acopio=0/3 duplicados=0 rechazados=12
[latencia ms promedio/max] lectura=7/11 entrada=47/85 marcadores=183/283 cubos=103/115 proceso=287/379 vista=27/35 al_publicar=334/445
[estado] fase=IDLE cuadros=23275 fallos=189 emitidos=87137 clientes=0 pisados=0 fps=10.0 edad=427 ms conservados=546/14 acopio=0/3 duplicados=0 rechazados=12
[latencia ms promedio/max] lectura=7/11 entrada=59/101 marcadores=169/278 cubos=105/121 proceso=276/381 vista=25/38 al_publicar=335/463
[estado] fase=IDLE cuadros=23291 fallos=189 emitidos=87235 clientes=0 pisados=0 fps=10.0 edad=252 ms conservados=546/14 acopio=0/3 duplicados=0 rechazados=12
[latencia ms promedio/max] lectura=8/12 entrada=70/111 marcadores=176/332 cubos=105/132 proceso=282/466 vista=28/38 al_publicar=352/576
[estado] fase=IDLE cuadros=23307 fallos=189 emitidos=87337 clientes=0 pisados=0 fps=10.0 edad=234 ms conservados=546/14 acopio=0/3 duplicados=0 rechazados=12
[aviso] marcadores vistos que NO son ni esquina ni rover declarado, y por eso se descartan: [37]. Si alguno es un robot de verdad, hay que agregarlo a deteccion_rovers.ids_rover; si no, son detecciones falsas de la cuadrícula.
[latencia ms promedio/max] lectura=7/10 entrada=61/101 marcadores=184/283 cubos=105/121 proceso=290/393 vista=29/35 al_publicar=351/486
[estado] fase=IDLE cuadros=23322 fallos=189 emitidos=87435 clientes=0 pisados=0 fps=10.0 edad=450 ms conservados=546/14 acopio=0/3 duplicados=0 rechazados=12
[aviso] marcadores vistos que NO son ni esquina ni rover declarado, y por eso se descartan: [37]. Si alguno es un robot de verdad, hay que agregarlo a deteccion_rovers.ids_rover; si no, son detecciones falsas de la cuadrícula.
[latencia ms promedio/max] lectura=7/10 entrada=47/102 marcadores=230/294 cubos=101/117 proceso=333/397 vista=28/38 al_publicar=380/480
[estado] fase=IDLE cuadros=23336 fallos=189 emitidos=87538 clientes=0 pisados=0 fps=10.0 edad=500 ms conservados=546/14 acopio=0/3 duplicados=0 rechazados=12
[latencia ms promedio/max] lectura=8/11 entrada=50/101 marcadores=216/283 cubos=106/123 proceso=323/387 vista=28/34 al_publicar=373/488
[estado] fase=IDLE cuadros=23350 fallos=189 emitidos=87638 clientes=0 pisados=0 fps=10.0 edad=520 ms conservados=546/14 acopio=0/3 duplicados=0 rechazados=12
[aviso] marcadores vistos que NO son ni esquina ni rover declarado, y por eso se descartan: [37]. Si alguno es un robot de verdad, hay que agregarlo a deteccion_rovers.ids_rover; si no, son detecciones falsas de la cuadrícula.
[latencia ms promedio/max] lectura=9/14 entrada=61/111 marcadores=119/277 cubos=100/119 proceso=221/384 vista=28/35 al_publicar=282/456
[estado] fase=IDLE cuadros=23370 fallos=189 emitidos=87742 clientes=0 pisados=0 fps=10.0 edad=473 ms conservados=546/14 acopio=0/3 duplicados=0 rechazados=12
[latencia ms promedio/max] lectura=8/13 entrada=62/118 marcadores=118/261 cubos=104/123 proceso=223/370 vista=28/38 al_publicar=285/479
[estado] fase=IDLE cuadros=23389 fallos=189 emitidos=87841 clientes=0 pisados=0 fps=10.0 edad=424 ms conservados=546/14 acopio=0/3 duplicados=0 rechazados=12
[latencia ms promedio/max] lectura=8/11 entrada=38/88 marcadores=192/319 cubos=109/140 proceso=302/440 vista=30/38 al_publicar=339/473
[estado] fase=IDLE cuadros=23404 fallos=189 emitidos=87943 clientes=0 pisados=0 fps=10.0 edad=421 ms conservados=546/14 acopio=0/3 duplicados=0 rechazados=12
[latencia ms promedio/max] lectura=8/13 entrada=52/103 marcadores=32/270 cubos=103/131 proceso=137/371 vista=28/39 al_publicar=189/424
[estado] fase=IDLE cuadros=23431 fallos=189 emitidos=88035 clientes=0 pisados=0 fps=10.0 edad=171 ms conservados=546/14 acopio=0/3 duplicados=0 rechazados=12
[latencia ms promedio/max] lectura=8/14 entrada=59/110 marcadores=86/280 cubos=107/130 proceso=194/411 vista=27/37 al_publicar=253/522
[estado] fase=IDLE cuadros=23454 fallos=189 emitidos=88141 clientes=0 pisados=0 fps=10.0 edad=557 ms conservados=546/14 acopio=0/3 duplicados=0 rechazados=12
[latencia ms promedio/max] lectura=8/9 entrada=61/100 marcadores=194/290 cubos=108/135 proceso=303/406 vista=27/38 al_publicar=363/479
[estado] fase=IDLE cuadros=23468 fallos=189 emitidos=88236 clientes=0 pisados=0 fps=10.0 edad=178 ms conservados=546/14 acopio=0/3 duplicados=0 rechazados=12
[aviso] marcadores vistos que NO son ni esquina ni rover declarado, y por eso se descartan: [49]. Si alguno es un robot de verdad, hay que agregarlo a deteccion_rovers.ids_rover; si no, son detecciones falsas de la cuadrícula.
[latencia ms promedio/max] lectura=7/9 entrada=57/101 marcadores=162/273 cubos=106/123 proceso=269/377 vista=27/33 al_publicar=327/455
[estado] fase=IDLE cuadros=23485 fallos=189 emitidos=88339 clientes=0 pisados=0 fps=10.0 edad=446 ms conservados=546/14 acopio=0/3 duplicados=0 rechazados=12
[latencia ms promedio/max] lectura=8/10 entrada=52/103 marcadores=186/271 cubos=99/123 proceso=287/386 vista=29/40 al_publicar=338/486
[estado] fase=IDLE cuadros=23501 fallos=189 emitidos=88443 clientes=0 pisados=0 fps=10.0 edad=432 ms conservados=546/14 acopio=0/3 duplicados=0 rechazados=12
[aviso] marcadores vistos que NO son ni esquina ni rover declarado, y por eso se descartan: [17, 38, 49]. Si alguno es un robot de verdad, hay que agregarlo a deteccion_rovers.ids_rover; si no, son detecciones falsas de la cuadrícula.
[latencia ms promedio/max] lectura=8/9 entrada=62/109 marcadores=194/329 cubos=126/146 proceso=321/465 vista=33/44 al_publicar=383/575
[estado] fase=IDLE cuadros=23514 fallos=189 emitidos=88537 clientes=0 pisados=0 fps=10.0 edad=529 ms conservados=546/14 acopio=0/3 duplicados=0 rechazados=12
[latencia ms promedio/max] lectura=8/12 entrada=50/107 marcadores=135/314 cubos=117/139 proceso=254/450 vista=31/39 al_publicar=304/507
[estado] fase=IDLE cuadros=23532 fallos=189 emitidos=88642 clientes=0 pisados=0 fps=10.0 edad=401 ms conservados=546/14 acopio=0/3 duplicados=0 rechazados=12
[latencia ms promedio/max] lectura=8/11 entrada=65/115 marcadores=134/271 cubos=105/120 proceso=240/385 vista=26/35 al_publicar=304/473
[estado] fase=IDLE cuadros=23549 fallos=189 emitidos=88735 clientes=0 pisados=0 fps=10.0 edad=253 ms conservados=546/14 acopio=0/3 duplicados=0 rechazados=12
[latencia ms promedio/max] lectura=7/12 entrada=55/96 marcadores=50/274 cubos=105/127 proceso=157/379 vista=27/38 al_publicar=212/429
[estado] fase=IDLE cuadros=23575 fallos=189 emitidos=88835 clientes=0 pisados=0 fps=10.0 edad=242 ms conservados=546/14 acopio=0/3 duplicados=0 rechazados=12
[latencia ms promedio/max] lectura=8/12 entrada=55/105 marcadores=31/258 cubos=102/124 proceso=134/363 vista=27/37 al_publicar=189/385
[estado] fase=IDLE cuadros=23605 fallos=189 emitidos=88937 clientes=0 pisados=0 fps=10.0 edad=235 ms conservados=546/14 acopio=0/3 duplicados=0 rechazados=12
[latencia ms promedio/max] lectura=8/13 entrada=55/108 marcadores=24/27 cubos=116/144 proceso=141/170 vista=30/41 al_publicar=197/251
[estado] fase=IDLE cuadros=23633 fallos=189 emitidos=89038 clientes=0 pisados=0 fps=10.0 edad=266 ms conservados=546/14 acopio=0/3 duplicados=0 rechazados=12
[latencia ms promedio/max] lectura=8/9 entrada=69/104 marcadores=25/28 cubos=125/138 proceso=151/166 vista=32/40 al_publicar=220/253
[estado] fase=IDLE cuadros=23659 fallos=189 emitidos=89137 clientes=0 pisados=0 fps=10.0 edad=233 ms conservados=546/14 acopio=0/3 duplicados=0 rechazados=12
[latencia ms promedio/max] lectura=7/9 entrada=62/111 marcadores=24/28 cubos=118/132 proceso=144/159 vista=31/38 al_publicar=206/261
[estado] fase=IDLE cuadros=23686 fallos=189 emitidos=89235 clientes=0 pisados=0 fps=10.0 edad=260 ms conservados=546/14 acopio=0/3 duplicados=0 rechazados=12
[latencia ms promedio/max] lectura=7/8 entrada=58/117 marcadores=24/27 cubos=117/130 proceso=143/155 vista=29/39 al_publicar=201/264
[estado] fase=IDLE cuadros=23714 fallos=189 emitidos=89336 clientes=0 pisados=0 fps=10.0 edad=176 ms conservados=546/14 acopio=0/3 duplicados=0 rechazados=12
[latencia ms promedio/max] lectura=7/9 entrada=57/118 marcadores=25/27 cubos=115/140 proceso=141/165 vista=28/38 al_publicar=198/250
[estado] fase=IDLE cuadros=23742 fallos=189 emitidos=89435 clientes=0 pisados=0 fps=10.0 edad=221 ms conservados=546/14 acopio=0/3 duplicados=0 rechazados=12
[latencia ms promedio/max] lectura=7/9 entrada=49/98 marcadores=24/28 cubos=111/128 proceso=136/154 vista=29/36 al_publicar=186/236
[estado] fase=IDLE cuadros=23772 fallos=189 emitidos=89538 clientes=0 pisados=0 fps=10.0 edad=194 ms conservados=546/14 acopio=0/3 duplicados=0 rechazados=12
[latencia ms promedio/max] lectura=7/9 entrada=59/115 marcadores=34/270 cubos=117/132 proceso=153/393 vista=28/39 al_publicar=212/484
[estado] fase=IDLE cuadros=23798 fallos=189 emitidos=89636 clientes=0 pisados=0 fps=10.0 edad=196 ms conservados=546/14 acopio=0/3 duplicados=0 rechazados=12
[latencia ms promedio/max] lectura=8/9 entrada=56/106 marcadores=25/29 cubos=112/142 proceso=138/170 vista=29/42 al_publicar=194/242
[estado] fase=IDLE cuadros=23827 fallos=189 emitidos=89738 clientes=0 pisados=0 fps=10.0 edad=178 ms conservados=546/14 acopio=0/3 duplicados=0 rechazados=12
[latencia ms promedio/max] lectura=8/9 entrada=69/116 marcadores=25/28 cubos=120/136 proceso=147/165 vista=30/39 al_publicar=215/270
[estado] fase=IDLE cuadros=23854 fallos=189 emitidos=89837 clientes=0 pisados=0 fps=10.0 edad=255 ms conservados=546/14 acopio=0/3 duplicados=0 rechazados=12
[latencia ms promedio/max] lectura=8/10 entrada=63/118 marcadores=25/29 cubos=116/130 proceso=142/159 vista=29/37 al_publicar=205/268
[estado] fase=IDLE cuadros=23882 fallos=189 emitidos=89938 clientes=0 pisados=0 fps=10.0 edad=258 ms conservados=546/14 acopio=0/3 duplicados=0 rechazados=12
[latencia ms promedio/max] lectura=8/9 entrada=51/103 marcadores=25/27 cubos=118/132 proceso=144/159 vista=31/42 al_publicar=195/249
[estado] fase=IDLE cuadros=23909 fallos=189 emitidos=90036 clientes=0 pisados=0 fps=10.0 edad=191 ms conservados=546/14 acopio=0/3 duplicados=0 rechazados=12
[latencia ms promedio/max] lectura=8/11 entrada=60/107 marcadores=25/29 cubos=115/141 proceso=142/170 vista=28/37 al_publicar=202/261
[estado] fase=IDLE cuadros=23937 fallos=189 emitidos=90135 clientes=0 pisados=0 fps=10.0 edad=255 ms conservados=546/14 acopio=0/3 duplicados=0 rechazados=12
[latencia ms promedio/max] lectura=8/10 entrada=54/106 marcadores=25/28 cubos=120/140 proceso=146/169 vista=30/42 al_publicar=201/247
[estado] fase=IDLE cuadros=23964 fallos=189 emitidos=90235 clientes=0 pisados=0 fps=10.0 edad=224 ms conservados=546/14 acopio=0/3 duplicados=0 rechazados=12
[latencia ms promedio/max] lectura=8/10 entrada=60/109 marcadores=25/29 cubos=122/147 proceso=149/174 vista=31/38 al_publicar=209/269
[estado] fase=IDLE cuadros=23991 fallos=189 emitidos=90336 clientes=0 pisados=0 fps=10.0 edad=273 ms conservados=546/14 acopio=0/3 duplicados=0 rechazados=12
[latencia ms promedio/max] lectura=7/9 entrada=59/101 marcadores=25/27 cubos=117/130 proceso=143/158 vista=31/40 al_publicar=202/259
[estado] fase=IDLE cuadros=24019 fallos=189 emitidos=90438 clientes=0 pisados=0 fps=10.0 edad=269 ms conservados=546/14 acopio=0/3 duplicados=0 rechazados=12
[latencia ms promedio/max] lectura=7/9 entrada=55/117 marcadores=25/28 cubos=117/137 proceso=144/162 vista=29/39 al_publicar=198/260
[estado] fase=IDLE cuadros=24046 fallos=189 emitidos=90535 clientes=0 pisados=0 fps=10.0 edad=238 ms conservados=546/14 acopio=0/3 duplicados=0 rechazados=12
[latencia ms promedio/max] lectura=7/9 entrada=63/110 marcadores=25/27 cubos=118/135 proceso=144/162 vista=31/39 al_publicar=207/263
[estado] fase=IDLE cuadros=24074 fallos=189 emitidos=90637 clientes=0 pisados=0 fps=10.0 edad=261 ms conservados=546/14 acopio=0/3 duplicados=0 rechazados=12
[latencia ms promedio/max] lectura=8/9 entrada=56/101 marcadores=25/26 cubos=116/128 proceso=142/153 vista=31/38 al_publicar=198/245
[estado] fase=IDLE cuadros=24101 fallos=189 emitidos=90735 clientes=0 pisados=0 fps=10.0 edad=219 ms conservados=546/14 acopio=0/3 duplicados=0 rechazados=12
[latencia ms promedio/max] lectura=8/10 entrada=54/113 marcadores=23/28 cubos=103/117 proceso=128/142 vista=26/36 al_publicar=182/256
[estado] fase=IDLE cuadros=24132 fallos=189 emitidos=90835 clientes=0 pisados=0 fps=10.0 edad=224 ms conservados=546/14 acopio=0/3 duplicados=0 rechazados=12
[latencia ms promedio/max] lectura=8/9 entrada=58/101 marcadores=26/31 cubos=119/152 proceso=146/178 vista=31/41 al_publicar=204/246
[estado] fase=IDLE cuadros=24159 fallos=189 emitidos=90935 clientes=0 pisados=0 fps=10.0 edad=230 ms conservados=546/14 acopio=0/3 duplicados=0 rechazados=12
[latencia ms promedio/max] lectura=8/12 entrada=50/109 marcadores=26/29 cubos=123/138 proceso=150/166 vista=31/42 al_publicar=201/257
[estado] fase=IDLE cuadros=24186 fallos=189 emitidos=91038 clientes=0 pisados=0 fps=10.0 edad=162 ms conservados=546/14 acopio=0/3 duplicados=0 rechazados=12
[latencia ms promedio/max] lectura=7/12 entrada=53/114 marcadores=22/26 cubos=103/117 proceso=127/144 vista=27/35 al_publicar=180/247
[estado] fase=IDLE cuadros=24217 fallos=189 emitidos=91138 clientes=0 pisados=0 fps=10.0 edad=190 ms conservados=546/14 acopio=0/3 duplicados=0 rechazados=12
[latencia ms promedio/max] lectura=7/13 entrada=62/117 marcadores=23/26 cubos=102/118 proceso=126/144 vista=26/35 al_publicar=189/241
[estado] fase=IDLE cuadros=24248 fallos=189 emitidos=91237 clientes=0 pisados=0 fps=10.0 edad=248 ms conservados=546/14 acopio=0/3 duplicados=0 rechazados=12
[latencia ms promedio/max] lectura=7/13 entrada=51/101 marcadores=23/27 cubos=103/119 proceso=126/144 vista=27/38 al_publicar=177/235
[estado] fase=IDLE cuadros=24279 fallos=189 emitidos=91337 clientes=0 pisados=0 fps=10.0 edad=222 ms conservados=546/14 acopio=0/3 duplicados=0 rechazados=12
[latencia ms promedio/max] lectura=8/10 entrada=57/117 marcadores=23/30 cubos=102/120 proceso=127/146 vista=26/34 al_publicar=184/255
[estado] fase=IDLE cuadros=24310 fallos=189 emitidos=91437 clientes=0 pisados=0 fps=10.0 edad=222 ms conservados=546/14 acopio=0/3 duplicados=0 rechazados=12
[latencia ms promedio/max] lectura=8/10 entrada=60/117 marcadores=24/29 cubos=109/144 proceso=134/175 vista=29/38 al_publicar=193/276
[estado] fase=IDLE cuadros=24339 fallos=189 emitidos=91536 clientes=0 pisados=0 fps=10.0 edad=166 ms conservados=546/14 acopio=0/3 duplicados=0 rechazados=12
[latencia ms promedio/max] lectura=8/13 entrada=54/100 marcadores=22/27 cubos=104/119 proceso=127/145 vista=28/36 al_publicar=182/225
[estado] fase=IDLE cuadros=24370 fallos=189 emitidos=91637 clientes=0 pisados=0 fps=10.0 edad=233 ms conservados=546/14 acopio=0/3 duplicados=0 rechazados=12
[latencia ms promedio/max] lectura=7/12 entrada=51/102 marcadores=23/26 cubos=102/120 proceso=125/144 vista=26/34 al_publicar=176/230
[estado] fase=IDLE cuadros=24401 fallos=189 emitidos=91735 clientes=0 pisados=0 fps=10.0 edad=155 ms conservados=546/14 acopio=0/3 duplicados=0 rechazados=12
[latencia ms promedio/max] lectura=8/12 entrada=60/117 marcadores=22/29 cubos=101/118 proceso=124/146 vista=27/36 al_publicar=185/243
[estado] fase=IDLE cuadros=24433 fallos=189 emitidos=91837 clientes=0 pisados=0 fps=10.0 edad=238 ms conservados=546/14 acopio=0/3 duplicados=0 rechazados=12
[latencia ms promedio/max] lectura=8/11 entrada=56/102 marcadores=31/270 cubos=101/119 proceso=134/367 vista=24/31 al_publicar=189/451
[estado] fase=IDLE cuadros=24463 fallos=189 emitidos=91936 clientes=0 pisados=0 fps=10.0 edad=199 ms conservados=546/14 acopio=0/3 duplicados=0 rechazados=12
[latencia ms promedio/max] lectura=8/13 entrada=62/117 marcadores=23/29 cubos=104/115 proceso=128/139 vista=27/37 al_publicar=189/245
[estado] fase=IDLE cuadros=24494 fallos=189 emitidos=92037 clientes=0 pisados=0 fps=10.0 edad=241 ms conservados=546/14 acopio=0/3 duplicados=0 rechazados=12
[latencia ms promedio/max] lectura=8/11 entrada=54/117 marcadores=23/28 cubos=108/131 proceso=133/161 vista=28/39 al_publicar=187/242
[estado] fase=IDLE cuadros=24524 fallos=189 emitidos=92138 clientes=0 pisados=0 fps=10.0 edad=180 ms conservados=546/14 acopio=0/3 duplicados=0 rechazados=12
[latencia ms promedio/max] lectura=8/10 entrada=55/105 marcadores=23/26 cubos=106/120 proceso=130/146 vista=28/35 al_publicar=185/233
[estado] fase=IDLE cuadros=24554 fallos=189 emitidos=92238 clientes=0 pisados=0 fps=10.0 edad=268 ms conservados=546/14 acopio=0/3 duplicados=0 rechazados=12
[latencia ms promedio/max] lectura=8/13 entrada=54/97 marcadores=23/29 cubos=101/116 proceso=125/138 vista=26/34 al_publicar=179/225
[estado] fase=IDLE cuadros=24585 fallos=189 emitidos=92336 clientes=0 pisados=0 fps=10.0 edad=201 ms conservados=546/14 acopio=0/3 duplicados=0 rechazados=12
[latencia ms promedio/max] lectura=9/13 entrada=62/119 marcadores=24/26 cubos=104/119 proceso=129/144 vista=29/39 al_publicar=191/247
[estado] fase=IDLE cuadros=24615 fallos=189 emitidos=92437 clientes=0 pisados=0 fps=10.0 edad=219 ms conservados=546/14 acopio=0/3 duplicados=0 rechazados=12
[latencia ms promedio/max] lectura=8/14 entrada=48/101 marcadores=22/27 cubos=106/135 proceso=129/161 vista=26/37 al_publicar=177/236
[estado] fase=IDLE cuadros=24646 fallos=189 emitidos=92538 clientes=0 pisados=0 fps=10.0 edad=175 ms conservados=546/14 acopio=0/3 duplicados=0 rechazados=12
[latencia ms promedio/max] lectura=8/15 entrada=62/103 marcadores=24/27 cubos=115/137 proceso=139/163 vista=32/41 al_publicar=201/255
[estado] fase=IDLE cuadros=24673 fallos=189 emitidos=92635 clientes=0 pisados=0 fps=10.0 edad=223 ms conservados=546/14 acopio=0/3 duplicados=0 rechazados=12
[latencia ms promedio/max] lectura=9/11 entrada=59/116 marcadores=26/29 cubos=139/157 proceso=166/187 vista=33/44 al_publicar=225/293
[estado] fase=IDLE cuadros=24697 fallos=189 emitidos=92735 clientes=0 pisados=0 fps=10.0 edad=229 ms conservados=546/14 acopio=0/3 duplicados=0 rechazados=12
[latencia ms promedio/max] lectura=8/9 entrada=58/120 marcadores=26/27 cubos=133/146 proceso=160/174 vista=36/42 al_publicar=218/293
[estado] fase=IDLE cuadros=24722 fallos=189 emitidos=92837 clientes=0 pisados=0 fps=10.0 edad=260 ms conservados=546/14 acopio=0/3 duplicados=0 rechazados=12
[latencia ms promedio/max] lectura=8/10 entrada=64/118 marcadores=24/28 cubos=110/142 proceso=134/170 vista=28/41 al_publicar=199/254
[estado] fase=IDLE cuadros=24751 fallos=189 emitidos=92936 clientes=0 pisados=0 fps=10.0 edad=194 ms conservados=546/14 acopio=0/3 duplicados=0 rechazados=12
[latencia ms promedio/max] lectura=8/12 entrada=58/113 marcadores=22/26 cubos=101/109 proceso=124/132 vista=26/34 al_publicar=182/238
[estado] fase=IDLE cuadros=24783 fallos=189 emitidos=93038 clientes=0 pisados=0 fps=10.0 edad=267 ms conservados=546/14 acopio=0/3 duplicados=0 rechazados=12
[latencia ms promedio/max] lectura=8/12 entrada=54/102 marcadores=21/24 cubos=101/108 proceso=124/131 vista=27/33 al_publicar=178/222
[estado] fase=IDLE cuadros=24814 fallos=189 emitidos=93135 clientes=0 pisados=0 fps=10.0 edad=253 ms conservados=546/14 acopio=0/3 duplicados=0 rechazados=12
[latencia ms promedio/max] lectura=7/11 entrada=54/110 marcadores=21/26 cubos=100/116 proceso=122/139 vista=27/36 al_publicar=176/232
[estado] fase=IDLE cuadros=24846 fallos=189 emitidos=93235 clientes=0 pisados=0 fps=10.0 edad=163 ms conservados=546/14 acopio=0/3 duplicados=0 rechazados=12
[latencia ms promedio/max] lectura=8/10 entrada=63/108 marcadores=24/30 cubos=115/142 proceso=141/167 vista=31/41 al_publicar=204/257
[estado] fase=IDLE cuadros=24874 fallos=189 emitidos=93336 clientes=0 pisados=0 fps=10.0 edad=264 ms conservados=546/14 acopio=0/3 duplicados=0 rechazados=12
[latencia ms promedio/max] lectura=7/9 entrada=60/99 marcadores=25/28 cubos=120/137 proceso=147/163 vista=30/38 al_publicar=208/254
[estado] fase=IDLE cuadros=24901 fallos=189 emitidos=93436 clientes=0 pisados=0 fps=10.0 edad=279 ms conservados=546/14 acopio=0/3 duplicados=0 rechazados=12
[latencia ms promedio/max] lectura=8/10 entrada=57/104 marcadores=26/28 cubos=135/145 proceso=162/172 vista=34/40 al_publicar=219/265
[estado] fase=IDLE cuadros=24926 fallos=189 emitidos=93538 clientes=0 pisados=0 fps=10.0 edad=280 ms conservados=546/14 acopio=0/3 duplicados=0 rechazados=12
[latencia ms promedio/max] lectura=8/9 entrada=60/119 marcadores=26/28 cubos=135/151 proceso=162/177 vista=33/39 al_publicar=223/275
[estado] fase=IDLE cuadros=24950 fallos=189 emitidos=93636 clientes=0 pisados=0 fps=10.0 edad=285 ms conservados=546/14 acopio=0/3 duplicados=0 rechazados=12
[latencia ms promedio/max] lectura=8/11 entrada=52/95 marcadores=26/30 cubos=130/152 proceso=158/179 vista=34/41 al_publicar=210/263
[estado] fase=IDLE cuadros=24975 fallos=189 emitidos=93736 clientes=0 pisados=0 fps=10.0 edad=281 ms conservados=546/14 acopio=0/3 duplicados=0 rechazados=12
[latencia ms promedio/max] lectura=9/12 entrada=74/109 marcadores=26/29 cubos=125/143 proceso=152/170 vista=31/40 al_publicar=227/266
[estado] fase=IDLE cuadros=25001 fallos=189 emitidos=93836 clientes=0 pisados=0 fps=10.0 edad=190 ms conservados=546/14 acopio=0/3 duplicados=0 rechazados=12
[latencia ms promedio/max] lectura=8/13 entrada=57/104 marcadores=24/28 cubos=112/139 proceso=137/168 vista=29/38 al_publicar=194/254
[estado] fase=IDLE cuadros=25030 fallos=189 emitidos=93937 clientes=0 pisados=0 fps=10.0 edad=242 ms conservados=546/14 acopio=0/3 duplicados=0 rechazados=12
[latencia ms promedio/max] lectura=7/13 entrada=52/100 marcadores=24/28 cubos=108/128 proceso=133/154 vista=28/37 al_publicar=185/242
[estado] fase=IDLE cuadros=25059 fallos=189 emitidos=94035 clientes=0 pisados=0 fps=10.0 edad=146 ms conservados=546/14 acopio=0/3 duplicados=0 rechazados=12
[latencia ms promedio/max] lectura=7/12 entrada=57/108 marcadores=22/29 cubos=100/117 proceso=122/144 vista=27/35 al_publicar=179/232
[estado] fase=IDLE cuadros=25091 fallos=189 emitidos=94135 clientes=0 pisados=0 fps=10.0 edad=248 ms conservados=546/14 acopio=0/3 duplicados=0 rechazados=12
[latencia ms promedio/max] lectura=8/12 entrada=56/100 marcadores=21/24 cubos=96/108 proceso=118/132 vista=26/34 al_publicar=175/226
[estado] fase=IDLE cuadros=25124 fallos=189 emitidos=94236 clientes=0 pisados=0 fps=10.0 edad=185 ms conservados=546/14 acopio=0/3 duplicados=0 rechazados=12
[latencia ms promedio/max] lectura=8/14 entrada=60/110 marcadores=21/25 cubos=99/110 proceso=122/133 vista=28/37 al_publicar=182/233
[estado] fase=IDLE cuadros=25156 fallos=189 emitidos=94337 clientes=0 pisados=0 fps=10.0 edad=211 ms conservados=546/14 acopio=0/3 duplicados=0 rechazados=12
[latencia ms promedio/max] lectura=8/12 entrada=61/109 marcadores=21/25 cubos=101/115 proceso=124/140 vista=25/35 al_publicar=184/246
[estado] fase=IDLE cuadros=25188 fallos=189 emitidos=94437 clientes=0 pisados=0 fps=10.0 edad=228 ms conservados=546/14 acopio=0/3 duplicados=0 rechazados=12
[latencia ms promedio/max] lectura=7/12 entrada=57/115 marcadores=22/28 cubos=105/139 proceso=129/169 vista=28/35 al_publicar=185/242
[estado] fase=IDLE cuadros=25218 fallos=189 emitidos=94535 clientes=0 pisados=0 fps=10.0 edad=237 ms conservados=546/14 acopio=0/3 duplicados=0 rechazados=12
[latencia ms promedio/max] lectura=8/12 entrada=55/100 marcadores=22/26 cubos=106/133 proceso=129/160 vista=28/39 al_publicar=184/248
[estado] fase=IDLE cuadros=25249 fallos=189 emitidos=94638 clientes=0 pisados=0 fps=10.0 edad=288 ms conservados=546/14 acopio=0/3 duplicados=0 rechazados=12
[latencia ms promedio/max] lectura=8/11 entrada=53/111 marcadores=24/28 cubos=114/138 proceso=139/166 vista=30/40 al_publicar=193/268
[estado] fase=IDLE cuadros=25277 fallos=189 emitidos=94738 clientes=0 pisados=0 fps=10.0 edad=164 ms conservados=546/14 acopio=0/3 duplicados=0 rechazados=12
[latencia ms promedio/max] lectura=7/13 entrada=52/100 marcadores=23/26 cubos=111/127 proceso=135/153 vista=30/38 al_publicar=187/240
[estado] fase=IDLE cuadros=25306 fallos=189 emitidos=94838 clientes=0 pisados=0 fps=10.0 edad=272 ms conservados=546/14 acopio=0/3 duplicados=0 rechazados=12
[latencia ms promedio/max] lectura=7/9 entrada=51/117 marcadores=24/26 cubos=119/133 proceso=144/160 vista=30/39 al_publicar=195/267
[estado] fase=IDLE cuadros=25333 fallos=189 emitidos=94936 clientes=0 pisados=0 fps=10.0 edad=176 ms conservados=546/14 acopio=0/3 duplicados=0 rechazados=12
[latencia ms promedio/max] lectura=7/8 entrada=65/115 marcadores=24/27 cubos=118/124 proceso=144/151 vista=30/38 al_publicar=208/260
[estado] fase=IDLE cuadros=25361 fallos=189 emitidos=95037 clientes=0 pisados=0 fps=10.0 edad=241 ms conservados=546/14 acopio=0/3 duplicados=0 rechazados=12
[latencia ms promedio/max] lectura=7/9 entrada=50/102 marcadores=25/29 cubos=119/135 proceso=146/162 vista=32/41 al_publicar=196/244
[estado] fase=IDLE cuadros=25388 fallos=189 emitidos=95137 clientes=0 pisados=0 fps=10.0 edad=144 ms conservados=546/14 acopio=0/3 duplicados=0 rechazados=12
[latencia ms promedio/max] lectura=7/8 entrada=63/105 marcadores=25/27 cubos=115/121 proceso=141/148 vista=29/40 al_publicar=204/250
[estado] fase=IDLE cuadros=25416 fallos=189 emitidos=95237 clientes=0 pisados=0 fps=10.0 edad=222 ms conservados=546/14 acopio=0/3 duplicados=0 rechazados=12
[latencia ms promedio/max] lectura=7/8 entrada=58/115 marcadores=24/26 cubos=114/121 proceso=139/146 vista=27/37 al_publicar=198/261
[estado] fase=IDLE cuadros=25445 fallos=189 emitidos=95337 clientes=0 pisados=0 fps=10.0 edad=254 ms conservados=546/14 acopio=0/3 duplicados=0 rechazados=12
[latencia ms promedio/max] lectura=7/9 entrada=59/120 marcadores=24/28 cubos=115/121 proceso=141/150 vista=30/38 al_publicar=200/255
[estado] fase=IDLE cuadros=25473 fallos=189 emitidos=95437 clientes=0 pisados=0 fps=10.0 edad=237 ms conservados=546/14 acopio=0/3 duplicados=0 rechazados=12
[latencia ms promedio/max] lectura=7/9 entrada=47/104 marcadores=25/28 cubos=121/135 proceso=147/163 vista=30/40 al_publicar=195/247
[estado] fase=IDLE cuadros=25500 fallos=189 emitidos=95537 clientes=0 pisados=0 fps=10.0 edad=218 ms conservados=546/14 acopio=0/3 duplicados=0 rechazados=12
[latencia ms promedio/max] lectura=7/8 entrada=59/101 marcadores=24/27 cubos=116/126 proceso=142/152 vista=30/39 al_publicar=200/248
[estado] fase=IDLE cuadros=25528 fallos=189 emitidos=95637 clientes=0 pisados=0 fps=10.0 edad=224 ms conservados=546/14 acopio=0/3 duplicados=0 rechazados=12
[latencia ms promedio/max] lectura=8/12 entrada=63/114 marcadores=24/29 cubos=104/136 proceso=129/163 vista=27/38 al_publicar=192/256
[estado] fase=IDLE cuadros=25558 fallos=189 emitidos=95735 clientes=0 pisados=0 fps=10.0 edad=221 ms conservados=546/14 acopio=0/3 duplicados=0 rechazados=12
[latencia ms promedio/max] lectura=8/12 entrada=57/117 marcadores=39/319 cubos=129/150 proceso=169/440 vista=34/51 al_publicar=226/459
[estado] fase=IDLE cuadros=25582 fallos=189 emitidos=95836 clientes=0 pisados=0 fps=10.0 edad=215 ms conservados=546/14 acopio=0/3 duplicados=0 rechazados=12
[latencia ms promedio/max] lectura=8/11 entrada=53/101 marcadores=24/28 cubos=116/145 proceso=141/173 vista=28/45 al_publicar=195/254
[estado] fase=IDLE cuadros=25610 fallos=189 emitidos=95936 clientes=0 pisados=0 fps=10.0 edad=181 ms conservados=546/14 acopio=0/3 duplicados=0 rechazados=12
[latencia ms promedio/max] lectura=8/13 entrada=61/114 marcadores=22/28 cubos=102/130 proceso=125/158 vista=25/37 al_publicar=187/270
[estado] fase=IDLE cuadros=25642 fallos=189 emitidos=96038 clientes=0 pisados=0 fps=10.0 edad=266 ms conservados=546/14 acopio=0/3 duplicados=0 rechazados=12
[latencia ms promedio/max] lectura=7/12 entrada=54/107 marcadores=21/25 cubos=96/110 proceso=119/133 vista=25/34 al_publicar=172/229
[estado] fase=IDLE cuadros=25675 fallos=189 emitidos=96137 clientes=0 pisados=0 fps=10.0 edad=163 ms conservados=546/14 acopio=0/3 duplicados=0 rechazados=12
[latencia ms promedio/max] lectura=8/13 entrada=63/117 marcadores=23/27 cubos=113/146 proceso=137/174 vista=29/40 al_publicar=200/268
[estado] fase=IDLE cuadros=25703 fallos=189 emitidos=96235 clientes=0 pisados=0 fps=10.0 edad=237 ms conservados=546/14 acopio=0/3 duplicados=0 rechazados=12
[latencia ms promedio/max] lectura=7/9 entrada=57/99 marcadores=25/30 cubos=123/138 proceso=150/167 vista=31/37 al_publicar=206/248
[estado] fase=IDLE cuadros=25730 fallos=189 emitidos=96337 clientes=0 pisados=0 fps=10.0 edad=220 ms conservados=546/14 acopio=0/3 duplicados=0 rechazados=12
[latencia ms promedio/max] lectura=7/12 entrada=53/112 marcadores=24/27 cubos=111/137 proceso=136/165 vista=30/37 al_publicar=189/246
[estado] fase=IDLE cuadros=25759 fallos=189 emitidos=96437 clientes=0 pisados=0 fps=10.0 edad=264 ms conservados=546/14 acopio=0/3 duplicados=0 rechazados=12
[latencia ms promedio/max] lectura=8/14 entrada=52/110 marcadores=22/26 cubos=101/112 proceso=123/138 vista=28/36 al_publicar=176/240
[estado] fase=IDLE cuadros=25790 fallos=189 emitidos=96536 clientes=0 pisados=0 fps=10.0 edad=191 ms conservados=546/14 acopio=0/3 duplicados=0 rechazados=12
[latencia ms promedio/max] lectura=7/11 entrada=50/98 marcadores=21/25 cubos=97/107 proceso=119/132 vista=27/34 al_publicar=170/222
[estado] fase=IDLE cuadros=25823 fallos=189 emitidos=96638 clientes=0 pisados=0 fps=10.0 edad=165 ms conservados=546/14 acopio=0/3 duplicados=0 rechazados=12
[latencia ms promedio/max] lectura=7/13 entrada=58/117 marcadores=21/25 cubos=97/107 proceso=120/131 vista=26/33 al_publicar=178/238
[estado] fase=IDLE cuadros=25855 fallos=189 emitidos=96735 clientes=0 pisados=0 fps=10.0 edad=158 ms conservados=546/14 acopio=0/3 duplicados=0 rechazados=12
[latencia ms promedio/max] lectura=8/13 entrada=58/120 marcadores=22/26 cubos=99/110 proceso=122/135 vista=25/36 al_publicar=181/244
[estado] fase=IDLE cuadros=25887 fallos=189 emitidos=96835 clientes=0 pisados=0 fps=10.0 edad=230 ms conservados=546/14 acopio=0/3 duplicados=0 rechazados=12
[latencia ms promedio/max] lectura=8/11 entrada=52/100 marcadores=22/28 cubos=101/130 proceso=125/157 vista=26/33 al_publicar=177/247
[estado] fase=IDLE cuadros=25919 fallos=189 emitidos=96936 clientes=0 pisados=0 fps=10.0 edad=209 ms conservados=546/14 acopio=0/3 duplicados=0 rechazados=12
[latencia ms promedio/max] lectura=8/14 entrada=57/114 marcadores=21/25 cubos=98/116 proceso=121/142 vista=26/35 al_publicar=177/240
[estado] fase=IDLE cuadros=25951 fallos=189 emitidos=97035 clientes=0 pisados=0 fps=10.0 edad=161 ms conservados=546/14 acopio=0/3 duplicados=0 rechazados=12
[latencia ms promedio/max] lectura=8/13 entrada=57/110 marcadores=22/28 cubos=98/120 proceso=121/143 vista=26/39 al_publicar=178/233
[estado] fase=IDLE cuadros=25984 fallos=189 emitidos=97137 clientes=0 pisados=0 fps=10.0 edad=250 ms conservados=546/14 acopio=0/3 duplicados=0 rechazados=12
[latencia ms promedio/max] lectura=8/13 entrada=54/101 marcadores=21/25 cubos=99/114 proceso=121/139 vista=26/38 al_publicar=176/227
[estado] fase=IDLE cuadros=26016 fallos=189 emitidos=97237 clientes=0 pisados=0 fps=10.0 edad=226 ms conservados=546/14 acopio=0/3 duplicados=0 rechazados=12
[latencia ms promedio/max] lectura=7/12 entrada=58/114 marcadores=22/26 cubos=102/116 proceso=125/143 vista=26/33 al_publicar=183/241
[estado] fase=IDLE cuadros=26047 fallos=189 emitidos=97335 clientes=0 pisados=0 fps=10.0 edad=235 ms conservados=546/14 acopio=0/3 duplicados=0 rechazados=12
[latencia ms promedio/max] lectura=7/12 entrada=56/116 marcadores=21/27 cubos=101/108 proceso=123/136 vista=27/38 al_publicar=179/242
[estado] fase=IDLE cuadros=26079 fallos=189 emitidos=97436 clientes=0 pisados=0 fps=10.0 edad=187 ms conservados=546/14 acopio=0/3 duplicados=0 rechazados=12
[latencia ms promedio/max] lectura=8/13 entrada=67/112 marcadores=23/29 cubos=104/133 proceso=128/161 vista=28/41 al_publicar=195/264
[estado] fase=IDLE cuadros=26109 fallos=189 emitidos=97535 clientes=0 pisados=0 fps=10.0 edad=213 ms conservados=546/14 acopio=0/3 duplicados=0 rechazados=12
[latencia ms promedio/max] lectura=8/12 entrada=61/118 marcadores=22/26 cubos=101/116 proceso=124/141 vista=26/38 al_publicar=185/244
[estado] fase=IDLE cuadros=26141 fallos=189 emitidos=97636 clientes=0 pisados=0 fps=10.0 edad=176 ms conservados=546/14 acopio=0/3 duplicados=0 rechazados=12
[latencia ms promedio/max] lectura=8/14 entrada=61/121 marcadores=21/25 cubos=98/111 proceso=120/133 vista=26/36 al_publicar=181/243
[estado] fase=IDLE cuadros=26174 fallos=189 emitidos=97738 clientes=0 pisados=0 fps=10.0 edad=169 ms conservados=546/14 acopio=0/3 duplicados=0 rechazados=12
[latencia ms promedio/max] lectura=9/13 entrada=55/101 marcadores=22/26 cubos=102/117 proceso=126/142 vista=27/36 al_publicar=182/228
[estado] fase=IDLE cuadros=26204 fallos=189 emitidos=97835 clientes=0 pisados=0 fps=10.0 edad=222 ms conservados=546/14 acopio=0/3 duplicados=0 rechazados=12
[latencia ms promedio/max] lectura=7/14 entrada=54/113 marcadores=21/25 cubos=98/110 proceso=120/134 vista=26/37 al_publicar=174/241
[estado] fase=IDLE cuadros=26237 fallos=189 emitidos=97936 clientes=0 pisados=0 fps=10.0 edad=192 ms conservados=546/14 acopio=0/3 duplicados=0 rechazados=12
[latencia ms promedio/max] lectura=7/12 entrada=59/102 marcadores=23/30 cubos=110/137 proceso=134/156 vista=29/38 al_publicar=193/243
[estado] fase=IDLE cuadros=26266 fallos=189 emitidos=98035 clientes=0 pisados=0 fps=10.0 edad=230 ms conservados=546/14 acopio=0/3 duplicados=0 rechazados=12
[latencia ms promedio/max] lectura=7/9 entrada=52/116 marcadores=25/29 cubos=122/141 proceso=149/169 vista=31/39 al_publicar=201/270
[estado] fase=IDLE cuadros=26293 fallos=189 emitidos=98136 clientes=0 pisados=0 fps=10.0 edad=178 ms conservados=546/14 acopio=0/3 duplicados=0 rechazados=12
[latencia ms promedio/max] lectura=8/9 entrada=55/113 marcadores=26/29 cubos=130/140 proceso=158/169 vista=33/39 al_publicar=212/281
[estado] fase=IDLE cuadros=26318 fallos=189 emitidos=98235 clientes=0 pisados=0 fps=10.0 edad=252 ms conservados=546/14 acopio=0/3 duplicados=0 rechazados=12
[latencia ms promedio/max] lectura=8/9 entrada=58/97 marcadores=25/29 cubos=120/139 proceso=147/168 vista=31/38 al_publicar=205/250
[estado] fase=IDLE cuadros=26345 fallos=189 emitidos=98336 clientes=0 pisados=0 fps=10.0 edad=265 ms conservados=546/14 acopio=0/3 duplicados=0 rechazados=12
[latencia ms promedio/max] lectura=7/8 entrada=55/114 marcadores=25/26 cubos=116/137 proceso=142/165 vista=28/35 al_publicar=197/249
[estado] fase=IDLE cuadros=26373 fallos=189 emitidos=98435 clientes=0 pisados=0 fps=10.0 edad=253 ms conservados=546/14 acopio=0/3 duplicados=0 rechazados=12
[latencia ms promedio/max] lectura=7/8 entrada=54/103 marcadores=25/30 cubos=117/132 proceso=143/156 vista=29/38 al_publicar=197/243
[estado] fase=IDLE cuadros=26401 fallos=189 emitidos=98536 clientes=0 pisados=0 fps=10.0 edad=270 ms conservados=546/14 acopio=0/3 duplicados=0 rechazados=12
[latencia ms promedio/max] lectura=7/8 entrada=61/112 marcadores=25/27 cubos=113/127 proceso=139/154 vista=29/38 al_publicar=200/252
[estado] fase=IDLE cuadros=26430 fallos=189 emitidos=98637 clientes=0 pisados=0 fps=10.0 edad=241 ms conservados=546/14 acopio=0/3 duplicados=0 rechazados=12
[latencia ms promedio/max] lectura=7/9 entrada=54/102 marcadores=25/28 cubos=121/143 proceso=147/172 vista=30/41 al_publicar=202/250
[estado] fase=IDLE cuadros=26457 fallos=189 emitidos=98737 clientes=0 pisados=0 fps=10.0 edad=234 ms conservados=546/14 acopio=0/3 duplicados=0 rechazados=12
[latencia ms promedio/max] lectura=7/9 entrada=55/112 marcadores=25/28 cubos=119/134 proceso=145/160 vista=30/39 al_publicar=200/271
[estado] fase=IDLE cuadros=26484 fallos=189 emitidos=98836 clientes=0 pisados=0 fps=10.0 edad=273 ms conservados=546/14 acopio=0/3 duplicados=0 rechazados=12
[latencia ms promedio/max] lectura=7/8 entrada=59/111 marcadores=25/29 cubos=118/127 proceso=144/156 vista=31/39 al_publicar=203/252
[estado] fase=IDLE cuadros=26512 fallos=189 emitidos=98938 clientes=0 pisados=0 fps=10.0 edad=264 ms conservados=546/14 acopio=0/3 duplicados=0 rechazados=12
[latencia ms promedio/max] lectura=7/8 entrada=55/97 marcadores=25/32 cubos=114/124 proceso=140/150 vista=29/36 al_publicar=195/238
[estado] fase=IDLE cuadros=26540 fallos=189 emitidos=99036 clientes=0 pisados=0 fps=10.0 edad=185 ms conservados=546/14 acopio=0/3 duplicados=0 rechazados=12
[latencia ms promedio/max] lectura=7/8 entrada=52/112 marcadores=23/27 cubos=110/119 proceso=134/144 vista=28/39 al_publicar=186/255
[estado] fase=IDLE cuadros=26570 fallos=189 emitidos=99137 clientes=0 pisados=0 fps=10.0 edad=248 ms conservados=546/14 acopio=0/3 duplicados=0 rechazados=12
[latencia ms promedio/max] lectura=7/8 entrada=56/112 marcadores=25/26 cubos=117/128 proceso=143/154 vista=31/40 al_publicar=199/251
[estado] fase=IDLE cuadros=26597 fallos=189 emitidos=99235 clientes=0 pisados=0 fps=10.0 edad=239 ms conservados=546/14 acopio=0/3 duplicados=0 rechazados=12
[latencia ms promedio/max] lectura=7/9 entrada=49/101 marcadores=25/29 cubos=115/139 proceso=141/166 vista=27/37 al_publicar=190/266
[estado] fase=IDLE cuadros=26626 fallos=189 emitidos=99337 clientes=0 pisados=0 fps=10.0 edad=234 ms conservados=546/14 acopio=0/3 duplicados=0 rechazados=12
[latencia ms promedio/max] lectura=7/9 entrada=61/116 marcadores=33/282 cubos=106/126 proceso=141/402 vista=28/37 al_publicar=202/413
[estado] fase=IDLE cuadros=26654 fallos=189 emitidos=99435 clientes=0 pisados=0 fps=10.0 edad=451 ms conservados=546/14 acopio=0/3 duplicados=0 rechazados=12
[latencia ms promedio/max] lectura=7/9 entrada=48/104 marcadores=25/28 cubos=108/126 proceso=134/154 vista=27/37 al_publicar=182/241
[estado] fase=IDLE cuadros=26684 fallos=189 emitidos=99536 clientes=0 pisados=0 fps=10.0 edad=186 ms conservados=546/14 acopio=0/3 duplicados=0 rechazados=12
[latencia ms promedio/max] lectura=7/8 entrada=59/115 marcadores=25/27 cubos=114/130 proceso=140/156 vista=27/34 al_publicar=199/256
[estado] fase=IDLE cuadros=26713 fallos=189 emitidos=99637 clientes=0 pisados=0 fps=10.0 edad=246 ms conservados=546/14 acopio=0/3 duplicados=0 rechazados=12
[latencia ms promedio/max] lectura=7/9 entrada=53/105 marcadores=33/277 cubos=112/121 proceso=147/389 vista=31/38 al_publicar=200/405
[estado] fase=IDLE cuadros=26741 fallos=189 emitidos=99741 clientes=0 pisados=0 fps=10.0 edad=437 ms conservados=546/14 acopio=0/3 duplicados=0 rechazados=12
[aviso] marcadores vistos que NO son ni esquina ni rover declarado, y por eso se descartan: [37]. Si alguno es un robot de verdad, hay que agregarlo a deteccion_rovers.ids_rover; si no, son detecciones falsas de la cuadrícula.
[latencia ms promedio/max] lectura=7/9 entrada=57/98 marcadores=88/281 cubos=114/129 proceso=203/407 vista=31/38 al_publicar=260/465
[estado] fase=IDLE cuadros=26761 fallos=189 emitidos=99838 clientes=0 pisados=0 fps=10.0 edad=261 ms conservados=546/14 acopio=0/3 duplicados=0 rechazados=12
[latencia ms promedio/max] lectura=7/9 entrada=53/116 marcadores=60/327 cubos=116/137 proceso=177/459 vista=29/39 al_publicar=230/498
[estado] fase=IDLE cuadros=26784 fallos=189 emitidos=99936 clientes=0 pisados=0 fps=10.0 edad=174 ms conservados=546/14 acopio=0/3 duplicados=0 rechazados=12
[latencia ms promedio/max] lectura=7/9 entrada=51/94 marcadores=119/305 cubos=112/126 proceso=232/422 vista=27/37 al_publicar=283/516
[estado] fase=IDLE cuadros=26803 fallos=189 emitidos=100037 clientes=0 pisados=0 fps=10.0 edad=440 ms conservados=546/14 acopio=0/3 duplicados=0 rechazados=12
[latencia ms promedio/max] lectura=7/8 entrada=56/100 marcadores=106/298 cubos=114/132 proceso=221/411 vista=29/37 al_publicar=277/498
[estado] fase=IDLE cuadros=26822 fallos=189 emitidos=100135 clientes=0 pisados=0 fps=10.0 edad=216 ms conservados=546/14 acopio=0/3 duplicados=0 rechazados=12
[latencia ms promedio/max] lectura=7/8 entrada=57/116 marcadores=24/27 cubos=109/124 proceso=134/151 vista=26/35 al_publicar=191/263
[estado] fase=IDLE cuadros=26852 fallos=189 emitidos=100235 clientes=0 pisados=0 fps=10.0 edad=149 ms conservados=546/14 acopio=0/3 duplicados=0 rechazados=12
[latencia ms promedio/max] lectura=7/9 entrada=58/117 marcadores=23/25 cubos=105/119 proceso=129/144 vista=27/38 al_publicar=187/242
[estado] fase=IDLE cuadros=26883 fallos=189 emitidos=100337 clientes=0 pisados=0 fps=10.0 edad=241 ms conservados=546/14 acopio=0/3 duplicados=0 rechazados=12
[latencia ms promedio/max] lectura=7/9 entrada=53/107 marcadores=24/27 cubos=108/124 proceso=133/151 vista=27/35 al_publicar=186/242
[estado] fase=IDLE cuadros=26913 fallos=189 emitidos=100438 clientes=0 pisados=0 fps=10.0 edad=185 ms conservados=546/14 acopio=0/3 duplicados=0 rechazados=12
[latencia ms promedio/max] lectura=7/9 entrada=56/112 marcadores=25/28 cubos=115/132 proceso=141/162 vista=31/38 al_publicar=197/247
[estado] fase=IDLE cuadros=26941 fallos=189 emitidos=100538 clientes=0 pisados=0 fps=10.0 edad=204 ms conservados=546/14 acopio=0/3 duplicados=0 rechazados=12
[latencia ms promedio/max] lectura=8/9 entrada=59/101 marcadores=26/29 cubos=125/136 proceso=152/164 vista=33/40 al_publicar=211/259
[estado] fase=IDLE cuadros=26967 fallos=189 emitidos=100639 clientes=0 pisados=0 fps=10.0 edad=210 ms conservados=546/14 acopio=0/3 duplicados=0 rechazados=12
[latencia ms promedio/max] lectura=8/9 entrada=52/101 marcadores=26/29 cubos=128/136 proceso=155/163 vista=34/40 al_publicar=207/262
[estado] fase=IDLE cuadros=26992 fallos=189 emitidos=100737 clientes=0 pisados=0 fps=10.0 edad=243 ms conservados=546/14 acopio=0/3 duplicados=0 rechazados=12
[latencia ms promedio/max] lectura=7/9 entrada=59/103 marcadores=25/28 cubos=114/124 proceso=140/149 vista=28/37 al_publicar=200/251
[estado] fase=IDLE cuadros=27020 fallos=189 emitidos=100835 clientes=0 pisados=0 fps=10.0 edad=261 ms conservados=546/14 acopio=0/3 duplicados=0 rechazados=12
[latencia ms promedio/max] lectura=7/11 entrada=56/109 marcadores=24/28 cubos=109/130 proceso=134/159 vista=27/38 al_publicar=191/249
[estado] fase=IDLE cuadros=27050 fallos=189 emitidos=100937 clientes=0 pisados=0 fps=10.0 edad=216 ms conservados=546/14 acopio=0/3 duplicados=0 rechazados=12
[latencia ms promedio/max] lectura=8/12 entrada=62/118 marcadores=22/25 cubos=102/118 proceso=125/144 vista=27/36 al_publicar=187/246
[estado] fase=IDLE cuadros=27081 fallos=189 emitidos=101036 clientes=0 pisados=0 fps=10.0 edad=269 ms conservados=546/14 acopio=0/3 duplicados=0 rechazados=12
[latencia ms promedio/max] lectura=7/12 entrada=65/100 marcadores=22/29 cubos=106/138 proceso=129/169 vista=27/38 al_publicar=194/256
[estado] fase=IDLE cuadros=27112 fallos=189 emitidos=101137 clientes=0 pisados=0 fps=10.0 edad=219 ms conservados=546/14 acopio=0/3 duplicados=0 rechazados=12
[latencia ms promedio/max] lectura=8/13 entrada=57/116 marcadores=22/26 cubos=101/117 proceso=125/144 vista=27/38 al_publicar=182/244
[estado] fase=IDLE cuadros=27143 fallos=189 emitidos=101236 clientes=0 pisados=0 fps=10.0 edad=182 ms conservados=546/14 acopio=0/3 duplicados=0 rechazados=12
[latencia ms promedio/max] lectura=8/12 entrada=53/96 marcadores=22/28 cubos=99/123 proceso=123/149 vista=27/38 al_publicar=176/225
[estado] fase=IDLE cuadros=27175 fallos=189 emitidos=101337 clientes=0 pisados=0 fps=10.0 edad=221 ms conservados=546/14 acopio=0/3 duplicados=0 rechazados=12
[latencia ms promedio/max] lectura=8/13 entrada=57/105 marcadores=21/26 cubos=99/117 proceso=121/141 vista=27/36 al_publicar=178/236
[estado] fase=IDLE cuadros=27207 fallos=189 emitidos=101437 clientes=0 pisados=0 fps=10.0 edad=212 ms conservados=546/14 acopio=0/3 duplicados=0 rechazados=12
[latencia ms promedio/max] lectura=7/12 entrada=52/102 marcadores=22/26 cubos=103/114 proceso=126/138 vista=26/35 al_publicar=178/234
[estado] fase=IDLE cuadros=27238 fallos=189 emitidos=101536 clientes=0 pisados=0 fps=10.0 edad=170 ms conservados=546/14 acopio=0/3 duplicados=0 rechazados=12
[latencia ms promedio/max] lectura=8/13 entrada=54/111 marcadores=22/26 cubos=101/114 proceso=124/136 vista=28/37 al_publicar=178/234
[estado] fase=IDLE cuadros=27269 fallos=189 emitidos=101635 clientes=0 pisados=0 fps=10.0 edad=234 ms conservados=546/14 acopio=0/3 duplicados=0 rechazados=12
[latencia ms promedio/max] lectura=8/14 entrada=46/94 marcadores=23/28 cubos=104/131 proceso=128/158 vista=27/40 al_publicar=174/232
[estado] fase=IDLE cuadros=27300 fallos=189 emitidos=101736 clientes=0 pisados=0 fps=10.0 edad=178 ms conservados=546/14 acopio=0/3 duplicados=0 rechazados=12
[latencia ms promedio/max] lectura=8/13 entrada=63/119 marcadores=21/27 cubos=101/109 proceso=123/134 vista=27/35 al_publicar=186/246
[estado] fase=IDLE cuadros=27332 fallos=189 emitidos=101837 clientes=0 pisados=0 fps=10.0 edad=215 ms conservados=546/14 acopio=0/3 duplicados=0 rechazados=12
[latencia ms promedio/max] lectura=8/12 entrada=60/116 marcadores=22/26 cubos=100/111 proceso=123/135 vista=26/39 al_publicar=184/245
[estado] fase=IDLE cuadros=27364 fallos=189 emitidos=101938 clientes=0 pisados=0 fps=10.0 edad=172 ms conservados=546/14 acopio=0/3 duplicados=0 rechazados=12
[latencia ms promedio/max] lectura=7/13 entrada=58/111 marcadores=21/25 cubos=100/112 proceso=123/136 vista=26/33 al_publicar=181/239
[estado] fase=IDLE cuadros=27396 fallos=189 emitidos=102038 clientes=0 pisados=0 fps=10.0 edad=164 ms conservados=546/14 acopio=0/3 duplicados=0 rechazados=12
[latencia ms promedio/max] lectura=7/12 entrada=58/100 marcadores=21/27 cubos=100/119 proceso=123/138 vista=28/37 al_publicar=181/228
[estado] fase=IDLE cuadros=27427 fallos=189 emitidos=102135 clientes=0 pisados=0 fps=10.0 edad=249 ms conservados=546/14 acopio=0/3 duplicados=0 rechazados=12
[latencia ms promedio/max] lectura=8/14 entrada=55/109 marcadores=21/28 cubos=100/115 proceso=122/140 vista=28/35 al_publicar=177/231
[estado] fase=IDLE cuadros=27459 fallos=189 emitidos=102237 clientes=0 pisados=0 fps=10.0 edad=219 ms conservados=546/14 acopio=0/3 duplicados=0 rechazados=12
[latencia ms promedio/max] lectura=8/12 entrada=57/101 marcadores=23/28 cubos=112/140 proceso=137/169 vista=28/41 al_publicar=194/245
[estado] fase=IDLE cuadros=27488 fallos=189 emitidos=102337 clientes=0 pisados=0 fps=10.0 edad=162 ms conservados=546/14 acopio=0/3 duplicados=0 rechazados=12
[latencia ms promedio/max] lectura=8/14 entrada=56/101 marcadores=22/32 cubos=100/110 proceso=123/141 vista=26/38 al_publicar=179/230
[estado] fase=IDLE cuadros=27519 fallos=189 emitidos=102435 clientes=0 pisados=0 fps=10.0 edad=230 ms conservados=546/14 acopio=0/3 duplicados=0 rechazados=12
[latencia ms promedio/max] lectura=8/13 entrada=54/104 marcadores=21/25 cubos=100/122 proceso=123/145 vista=27/36 al_publicar=176/228
[estado] fase=IDLE cuadros=27551 fallos=189 emitidos=102536 clientes=0 pisados=0 fps=10.0 edad=194 ms conservados=546/14 acopio=0/3 duplicados=0 rechazados=12
[latencia ms promedio/max] lectura=8/12 entrada=59/121 marcadores=21/24 cubos=99/107 proceso=122/131 vista=26/34 al_publicar=181/248
[estado] fase=IDLE cuadros=27583 fallos=189 emitidos=102636 clientes=0 pisados=0 fps=10.0 edad=269 ms conservados=546/14 acopio=0/3 duplicados=0 rechazados=12
[latencia ms promedio/max] lectura=8/14 entrada=55/106 marcadores=21/26 cubos=101/110 proceso=123/133 vista=29/37 al_publicar=179/238
[estado] fase=IDLE cuadros=27614 fallos=189 emitidos=102735 clientes=0 pisados=0 fps=10.0 edad=223 ms conservados=546/14 acopio=0/3 duplicados=0 rechazados=12
[latencia ms promedio/max] lectura=7/12 entrada=57/100 marcadores=23/26 cubos=108/128 proceso=132/155 vista=27/37 al_publicar=189/244
[estado] fase=IDLE cuadros=27644 fallos=189 emitidos=102835 clientes=0 pisados=0 fps=10.0 edad=235 ms conservados=546/14 acopio=0/3 duplicados=0 rechazados=12
[latencia ms promedio/max] lectura=7/9 entrada=66/116 marcadores=25/29 cubos=123/139 proceso=149/167 vista=30/39 al_publicar=215/266
[estado] fase=IDLE cuadros=27671 fallos=189 emitidos=102936 clientes=0 pisados=0 fps=10.0 edad=182 ms conservados=546/14 acopio=0/3 duplicados=0 rechazados=12
[latencia ms promedio/max] lectura=7/8 entrada=61/102 marcadores=36/290 cubos=122/146 proceso=160/409 vista=30/40 al_publicar=220/427
[estado] fase=IDLE cuadros=27697 fallos=189 emitidos=103038 clientes=0 pisados=0 fps=10.0 edad=291 ms conservados=546/14 acopio=0/3 duplicados=0 rechazados=12
[latencia ms promedio/max] lectura=8/9 entrada=45/101 marcadores=26/29 cubos=132/142 proceso=159/168 vista=33/41 al_publicar=204/264
[estado] fase=IDLE cuadros=27722 fallos=189 emitidos=103139 clientes=0 pisados=0 fps=10.0 edad=210 ms conservados=546/14 acopio=0/3 duplicados=0 rechazados=12
[latencia ms promedio/max] lectura=7/11 entrada=53/110 marcadores=23/27 cubos=110/133 proceso=134/159 vista=28/37 al_publicar=187/256
[estado] fase=IDLE cuadros=27751 fallos=189 emitidos=103237 clientes=0 pisados=0 fps=10.0 edad=230 ms conservados=546/14 acopio=0/3 duplicados=0 rechazados=12
[latencia ms promedio/max] lectura=8/11 entrada=59/114 marcadores=22/25 cubos=101/113 proceso=124/137 vista=26/31 al_publicar=183/240
[estado] fase=IDLE cuadros=27782 fallos=189 emitidos=103335 clientes=0 pisados=0 fps=10.0 edad=244 ms conservados=546/14 acopio=0/3 duplicados=0 rechazados=12
[latencia ms promedio/max] lectura=7/12 entrada=56/101 marcadores=22/26 cubos=98/113 proceso=121/138 vista=26/34 al_publicar=177/238
[estado] fase=IDLE cuadros=27815 fallos=189 emitidos=103438 clientes=0 pisados=0 fps=10.0 edad=249 ms conservados=546/14 acopio=0/3 duplicados=0 rechazados=12
[latencia ms promedio/max] lectura=8/14 entrada=51/99 marcadores=22/27 cubos=108/141 proceso=131/169 vista=29/39 al_publicar=182/229
[estado] fase=IDLE cuadros=27844 fallos=189 emitidos=103535 clientes=0 pisados=0 fps=10.0 edad=221 ms conservados=546/14 acopio=0/3 duplicados=0 rechazados=12
[latencia ms promedio/max] lectura=7/13 entrada=55/117 marcadores=22/26 cubos=100/121 proceso=123/146 vista=27/37 al_publicar=178/242
[estado] fase=IDLE cuadros=27876 fallos=189 emitidos=103635 clientes=0 pisados=0 fps=10.0 edad=153 ms conservados=546/14 acopio=0/3 duplicados=0 rechazados=12
[latencia ms promedio/max] lectura=8/10 entrada=59/110 marcadores=23/26 cubos=102/124 proceso=126/148 vista=27/36 al_publicar=185/231
[estado] fase=IDLE cuadros=27907 fallos=189 emitidos=103735 clientes=0 pisados=0 fps=10.0 edad=239 ms conservados=546/14 acopio=0/3 duplicados=0 rechazados=12
[latencia ms promedio/max] lectura=8/14 entrada=53/99 marcadores=80/263 cubos=103/111 proceso=184/370 vista=26/35 al_publicar=237/435
[estado] fase=IDLE cuadros=27930 fallos=189 emitidos=103835 clientes=0 pisados=0 fps=10.0 edad=454 ms conservados=546/14 acopio=0/3 duplicados=0 rechazados=12
[latencia ms promedio/max] lectura=8/13 entrada=56/109 marcadores=47/260 cubos=102/107 proceso=150/361 vista=26/35 al_publicar=206/436
[estado] fase=IDLE cuadros=27958 fallos=189 emitidos=103939 clientes=0 pisados=0 fps=10.0 edad=420 ms conservados=546/14 acopio=0/3 duplicados=0 rechazados=12
[latencia ms promedio/max] lectura=7/12 entrada=54/100 marcadores=85/262 cubos=102/117 proceso=188/365 vista=27/37 al_publicar=242/434
[estado] fase=IDLE cuadros=27980 fallos=189 emitidos=104037 clientes=0 pisados=0 fps=10.0 edad=429 ms conservados=546/14 acopio=0/3 duplicados=0 rechazados=12
[latencia ms promedio/max] lectura=8/12 entrada=54/95 marcadores=148/265 cubos=107/132 proceso=257/368 vista=29/38 al_publicar=311/411
[estado] fase=IDLE cuadros=27997 fallos=189 emitidos=104137 clientes=0 pisados=0 fps=10.0 edad=424 ms conservados=546/14 acopio=0/3 duplicados=0 rechazados=12
[aviso] marcadores vistos que NO son ni esquina ni rover declarado, y por eso se descartan: [17]. Si alguno es un robot de verdad, hay que agregarlo a deteccion_rovers.ids_rover; si no, son detecciones falsas de la cuadrícula.
[latencia ms promedio/max] lectura=8/11 entrada=52/99 marcadores=217/264 cubos=99/107 proceso=317/371 vista=26/34 al_publicar=368/452
[estado] fase=IDLE cuadros=28011 fallos=189 emitidos=104235 clientes=0 pisados=0 fps=10.0 edad=443 ms conservados=546/14 acopio=0/3 duplicados=0 rechazados=12
[latencia ms promedio/max] lectura=8/12 entrada=72/113 marcadores=186/270 cubos=98/113 proceso=286/384 vista=28/35 al_publicar=358/495
[estado] fase=IDLE cuadros=28027 fallos=189 emitidos=104338 clientes=0 pisados=0 fps=10.0 edad=488 ms conservados=546/14 acopio=0/3 duplicados=0 rechazados=12
[latencia ms promedio/max] lectura=8/14 entrada=70/95 marcadores=240/276 cubos=104/122 proceso=345/400 vista=29/35 al_publicar=415/484
[estado] fase=IDLE cuadros=28040 fallos=189 emitidos=104437 clientes=0 pisados=0 fps=10.0 edad=453 ms conservados=546/14 acopio=0/3 duplicados=0 rechazados=12
[latencia ms promedio/max] lectura=7/12 entrada=62/100 marcadores=130/288 cubos=104/119 proceso=235/399 vista=26/34 al_publicar=297/470
[estado] fase=IDLE cuadros=28059 fallos=189 emitidos=104539 clientes=0 pisados=0 fps=10.0 edad=450 ms conservados=546/14 acopio=0/3 duplicados=0 rechazados=12
[aviso] marcadores vistos que NO son ni esquina ni rover declarado, y por eso se descartan: [37]. Si alguno es un robot de verdad, hay que agregarlo a deteccion_rovers.ids_rover; si no, son detecciones falsas de la cuadrícula.
[latencia ms promedio/max] lectura=8/11 entrada=65/115 marcadores=117/288 cubos=100/108 proceso=218/373 vista=27/36 al_publicar=284/474
[estado] fase=IDLE cuadros=28079 fallos=189 emitidos=104640 clientes=0 pisados=0 fps=10.0 edad=506 ms conservados=546/14 acopio=0/3 duplicados=0 rechazados=12
[latencia ms promedio/max] lectura=8/9 entrada=65/113 marcadores=86/344 cubos=121/138 proceso=209/483 vista=33/41 al_publicar=274/569
[estado] fase=IDLE cuadros=28098 fallos=189 emitidos=104735 clientes=0 pisados=0 fps=10.0 edad=233 ms conservados=546/14 acopio=0/3 duplicados=0 rechazados=12
[latencia ms promedio/max] lectura=8/13 entrada=54/104 marcadores=116/316 cubos=111/129 proceso=228/436 vista=28/38 al_publicar=283/497
[estado] fase=IDLE cuadros=28117 fallos=189 emitidos=104836 clientes=0 pisados=0 fps=10.0 edad=166 ms conservados=546/14 acopio=0/3 duplicados=0 rechazados=12
[latencia ms promedio/max] lectura=8/12 entrada=63/115 marcadores=57/269 cubos=102/117 proceso=159/370 vista=25/33 al_publicar=223/465
[estado] fase=IDLE cuadros=28144 fallos=189 emitidos=104940 clientes=0 pisados=0 fps=10.0 edad=465 ms conservados=546/14 acopio=0/3 duplicados=0 rechazados=12
[latencia ms promedio/max] lectura=7/13 entrada=58/103 marcadores=71/261 cubos=97/109 proceso=169/365 vista=25/35 al_publicar=227/442
[estado] fase=IDLE cuadros=28168 fallos=189 emitidos=105037 clientes=0 pisados=0 fps=10.0 edad=423 ms conservados=546/14 acopio=0/3 duplicados=0 rechazados=12
[latencia ms promedio/max] lectura=8/11 entrada=51/103 marcadores=99/259 cubos=100/110 proceso=201/365 vista=28/34 al_publicar=252/435
[estado] fase=IDLE cuadros=28189 fallos=189 emitidos=105136 clientes=0 pisados=0 fps=10.0 edad=190 ms conservados=546/14 acopio=0/3 duplicados=0 rechazados=12
[latencia ms promedio/max] lectura=7/13 entrada=62/117 marcadores=78/301 cubos=110/130 proceso=190/433 vista=28/36 al_publicar=252/479
[estado] fase=IDLE cuadros=28211 fallos=189 emitidos=105235 clientes=0 pisados=0 fps=10.0 edad=251 ms conservados=546/14 acopio=0/3 duplicados=0 rechazados=12
[latencia ms promedio/max] lectura=7/9 entrada=45/106 marcadores=88/297 cubos=125/146 proceso=214/423 vista=32/40 al_publicar=260/469
[estado] fase=IDLE cuadros=28232 fallos=189 emitidos=105342 clientes=0 pisados=0 fps=10.0 edad=473 ms conservados=546/14 acopio=0/3 duplicados=0 rechazados=12
[latencia ms promedio/max] lectura=7/8 entrada=55/103 marcadores=48/293 cubos=120/140 proceso=170/412 vista=30/39 al_publicar=225/473
[estado] fase=IDLE cuadros=28255 fallos=189 emitidos=105437 clientes=0 pisados=0 fps=10.0 edad=230 ms conservados=546/14 acopio=0/3 duplicados=0 rechazados=12
[latencia ms promedio/max] lectura=8/9 entrada=61/113 marcadores=53/319 cubos=131/140 proceso=186/455 vista=33/40 al_publicar=247/567
[estado] fase=IDLE cuadros=28277 fallos=189 emitidos=105537 clientes=0 pisados=0 fps=10.0 edad=233 ms conservados=546/14 acopio=0/3 duplicados=0 rechazados=12
[latencia ms promedio/max] lectura=7/9 entrada=50/100 marcadores=130/329 cubos=119/133 proceso=250/464 vista=30/39 al_publicar=300/563
[estado] fase=IDLE cuadros=28295 fallos=189 emitidos=105640 clientes=0 pisados=0 fps=10.0 edad=505 ms conservados=546/14 acopio=0/3 duplicados=0 rechazados=12
[latencia ms promedio/max] lectura=8/12 entrada=56/111 marcadores=128/286 cubos=102/128 proceso=231/404 vista=26/31 al_publicar=286/515
[estado] fase=IDLE cuadros=28313 fallos=189 emitidos=105736 clientes=0 pisados=0 fps=10.0 edad=471 ms conservados=546/14 acopio=0/3 duplicados=0 rechazados=12
[latencia ms promedio/max] lectura=7/12 entrada=64/117 marcadores=81/255 cubos=101/110 proceso=184/361 vista=26/33 al_publicar=247/450
[estado] fase=IDLE cuadros=28336 fallos=189 emitidos=105835 clientes=0 pisados=0 fps=10.0 edad=452 ms conservados=546/14 acopio=0/3 duplicados=0 rechazados=12
[latencia ms promedio/max] lectura=8/15 entrada=54/101 marcadores=162/299 cubos=106/132 proceso=269/433 vista=27/34 al_publicar=323/533
[estado] fase=IDLE cuadros=28353 fallos=189 emitidos=105939 clientes=0 pisados=0 fps=10.0 edad=430 ms conservados=546/14 acopio=0/3 duplicados=0 rechazados=12
[latencia ms promedio/max] lectura=7/10 entrada=49/81 marcadores=135/263 cubos=100/118 proceso=236/367 vista=28/39 al_publicar=286/434
[estado] fase=IDLE cuadros=28371 fallos=189 emitidos=106037 clientes=0 pisados=0 fps=10.0 edad=218 ms conservados=546/14 acopio=0/3 duplicados=0 rechazados=12
[latencia ms promedio/max] lectura=9/13 entrada=59/106 marcadores=188/286 cubos=103/110 proceso=292/391 vista=27/32 al_publicar=351/497
[estado] fase=IDLE cuadros=28387 fallos=189 emitidos=106142 clientes=0 pisados=0 fps=10.0 edad=485 ms conservados=546/14 acopio=0/3 duplicados=0 rechazados=12
[latencia ms promedio/max] lectura=8/12 entrada=65/103 marcadores=154/270 cubos=100/108 proceso=255/373 vista=26/33 al_publicar=320/449
[estado] fase=IDLE cuadros=28403 fallos=189 emitidos=106235 clientes=0 pisados=0 fps=10.0 edad=424 ms conservados=546/14 acopio=0/3 duplicados=0 rechazados=12
[latencia ms promedio/max] lectura=8/12 entrada=57/106 marcadores=201/256 cubos=100/106 proceso=302/362 vista=26/35 al_publicar=359/463
[estado] fase=IDLE cuadros=28418 fallos=189 emitidos=106336 clientes=0 pisados=0 fps=10.0 edad=172 ms conservados=546/14 acopio=0/3 duplicados=0 rechazados=12
[aviso] marcadores vistos que NO son ni esquina ni rover declarado, y por eso se descartan: [37]. Si alguno es un robot de verdad, hay que agregarlo a deteccion_rovers.ids_rover; si no, son detecciones falsas de la cuadrícula.
[latencia ms promedio/max] lectura=8/11 entrada=63/118 marcadores=132/263 cubos=100/109 proceso=233/372 vista=27/33 al_publicar=296/450
[estado] fase=IDLE cuadros=28437 fallos=189 emitidos=106437 clientes=0 pisados=0 fps=10.0 edad=250 ms conservados=546/14 acopio=0/3 duplicados=0 rechazados=12
[latencia ms promedio/max] lectura=8/11 entrada=47/94 marcadores=146/321 cubos=102/114 proceso=249/436 vista=29/36 al_publicar=296/490
[estado] fase=IDLE cuadros=28455 fallos=189 emitidos=106540 clientes=0 pisados=0 fps=10.0 edad=402 ms conservados=546/14 acopio=0/3 duplicados=0 rechazados=12
[latencia ms promedio/max] lectura=9/13 entrada=67/115 marcadores=146/263 cubos=101/111 proceso=248/366 vista=27/34 al_publicar=315/456
[estado] fase=IDLE cuadros=28472 fallos=189 emitidos=106637 clientes=0 pisados=0 fps=10.0 edad=220 ms conservados=546/14 acopio=0/3 duplicados=0 rechazados=12
[latencia ms promedio/max] lectura=8/12 entrada=57/102 marcadores=132/275 cubos=101/112 proceso=234/385 vista=27/36 al_publicar=291/469
[estado] fase=IDLE cuadros=28491 fallos=189 emitidos=106739 clientes=0 pisados=0 fps=10.0 edad=444 ms conservados=546/14 acopio=0/3 duplicados=0 rechazados=12
[latencia ms promedio/max] lectura=7/10 entrada=37/74 marcadores=182/266 cubos=104/124 proceso=287/372 vista=27/35 al_publicar=324/428
[estado] fase=IDLE cuadros=28507 fallos=189 emitidos=106842 clientes=0 pisados=0 fps=10.0 edad=393 ms conservados=546/14 acopio=0/3 duplicados=0 rechazados=12
[latencia ms promedio/max] lectura=8/13 entrada=60/113 marcadores=111/271 cubos=99/115 proceso=211/386 vista=27/34 al_publicar=271/495
[estado] fase=IDLE cuadros=28526 fallos=189 emitidos=106936 clientes=0 pisados=0 fps=10.0 edad=470 ms conservados=546/14 acopio=0/3 duplicados=0 rechazados=12
[aviso] marcadores vistos que NO son ni esquina ni rover declarado, y por eso se descartan: [37]. Si alguno es un robot de verdad, hay que agregarlo a deteccion_rovers.ids_rover; si no, son detecciones falsas de la cuadrícula.
[latencia ms promedio/max] lectura=7/13 entrada=61/103 marcadores=58/264 cubos=100/111 proceso=159/364 vista=27/38 al_publicar=220/450
[estado] fase=IDLE cuadros=28552 fallos=189 emitidos=107037 clientes=0 pisados=0 fps=10.0 edad=207 ms conservados=546/14 acopio=0/3 duplicados=0 rechazados=12
[latencia ms promedio/max] lectura=7/12 entrada=48/99 marcadores=22/29 cubos=108/141 proceso=131/171 vista=27/39 al_publicar=178/270
[estado] fase=IDLE cuadros=28582 fallos=189 emitidos=107136 clientes=0 pisados=0 fps=10.0 edad=169 ms conservados=546/14 acopio=0/3 duplicados=0 rechazados=12
[latencia ms promedio/max] lectura=8/14 entrada=54/109 marcadores=29/261 cubos=101/113 proceso=132/361 vista=26/35 al_publicar=186/382
[estado] fase=IDLE cuadros=28612 fallos=189 emitidos=107235 clientes=0 pisados=0 fps=10.0 edad=242 ms conservados=546/14 acopio=0/3 duplicados=0 rechazados=12
[latencia ms promedio/max] lectura=8/13 entrada=54/104 marcadores=46/262 cubos=101/116 proceso=148/366 vista=25/35 al_publicar=203/379
[estado] fase=IDLE cuadros=28640 fallos=189 emitidos=107337 clientes=0 pisados=0 fps=10.0 edad=409 ms conservados=546/14 acopio=0/3 duplicados=0 rechazados=12
[aviso] marcadores vistos que NO son ni esquina ni rover declarado, y por eso se descartan: [37]. Si alguno es un robot de verdad, hay que agregarlo a deteccion_rovers.ids_rover; si no, son detecciones falsas de la cuadrícula.
[latencia ms promedio/max] lectura=7/10 entrada=42/113 marcadores=181/271 cubos=100/103 proceso=282/374 vista=28/35 al_publicar=324/446
[estado] fase=IDLE cuadros=28656 fallos=189 emitidos=107438 clientes=0 pisados=0 fps=10.0 edad=479 ms conservados=546/14 acopio=0/3 duplicados=0 rechazados=12
[latencia ms promedio/max] lectura=8/13 entrada=72/109 marcadores=117/269 cubos=95/110 proceso=212/369 vista=25/35 al_publicar=285/470
[estado] fase=IDLE cuadros=28676 fallos=189 emitidos=107536 clientes=0 pisados=0 fps=10.0 edad=490 ms conservados=546/14 acopio=0/3 duplicados=0 rechazados=12
[latencia ms promedio/max] lectura=8/12 entrada=62/98 marcadores=154/300 cubos=107/129 proceso=263/430 vista=28/37 al_publicar=325/514
[estado] fase=IDLE cuadros=28693 fallos=189 emitidos=107638 clientes=0 pisados=0 fps=10.0 edad=273 ms conservados=546/14 acopio=0/3 duplicados=0 rechazados=12
[latencia ms promedio/max] lectura=7/8 entrada=65/98 marcadores=200/334 cubos=114/129 proceso=315/462 vista=31/38 al_publicar=380/541
[estado] fase=IDLE cuadros=28707 fallos=189 emitidos=107737 clientes=0 pisados=0 fps=10.0 edad=529 ms conservados=546/14 acopio=0/3 duplicados=0 rechazados=12
[latencia ms promedio/max] lectura=7/8 entrada=55/109 marcadores=210/296 cubos=119/127 proceso=330/415 vista=31/38 al_publicar=386/517
[estado] fase=IDLE cuadros=28721 fallos=189 emitidos=107840 clientes=0 pisados=0 fps=10.0 edad=480 ms conservados=546/14 acopio=0/3 duplicados=0 rechazados=12
[aviso] marcadores vistos que NO son ni esquina ni rover declarado, y por eso se descartan: [37]. Si alguno es un robot de verdad, hay que agregarlo a deteccion_rovers.ids_rover; si no, son detecciones falsas de la cuadrícula.
[latencia ms promedio/max] lectura=8/9 entrada=71/86 marcadores=223/326 cubos=131/138 proceso=355/460 vista=34/41 al_publicar=427/539
[estado] fase=IDLE cuadros=28733 fallos=189 emitidos=107935 clientes=0 pisados=0 fps=10.0 edad=550 ms conservados=546/14 acopio=0/3 duplicados=0 rechazados=12
[aviso] marcadores vistos que NO son ni esquina ni rover declarado, y por eso se descartan: [37]. Si alguno es un robot de verdad, hay que agregarlo a deteccion_rovers.ids_rover; si no, son detecciones falsas de la cuadrícula.
[latencia ms promedio/max] lectura=7/9 entrada=50/86 marcadores=234/334 cubos=119/137 proceso=354/472 vista=31/37 al_publicar=404/510
[estado] fase=IDLE cuadros=28746 fallos=189 emitidos=108037 clientes=0 pisados=0 fps=10.0 edad=458 ms conservados=546/14 acopio=0/3 duplicados=0 rechazados=13
[aviso] marcadores rechazados por no ser plausibles: 1 por posición. No pueden ser marcadores de esta cancha: el detector los inventa sobre la cuadrícula del tablero. Ejemplo: ID 17 rechazado por posición, midió 17.7 mm donde se esperaban 0.0, en la celda (7.7, -3.5)
[latencia ms promedio/max] lectura=7/11 entrada=56/93 marcadores=137/296 cubos=101/121 proceso=240/402 vista=27/34 al_publicar=296/450
[estado] fase=IDLE cuadros=28764 fallos=189 emitidos=108136 clientes=0 pisados=0 fps=10.0 edad=176 ms conservados=546/14 acopio=0/3 duplicados=0 rechazados=13
[latencia ms promedio/max] lectura=8/13 entrada=46/83 marcadores=177/264 cubos=99/107 proceso=278/367 vista=28/35 al_publicar=324/440
[estado] fase=IDLE cuadros=28780 fallos=189 emitidos=108236 clientes=0 pisados=0 fps=10.0 edad=409 ms conservados=546/14 acopio=0/3 duplicados=0 rechazados=13
[aviso] marcadores vistos que NO son ni esquina ni rover declarado, y por eso se descartan: [34]. Si alguno es un robot de verdad, hay que agregarlo a deteccion_rovers.ids_rover; si no, son detecciones falsas de la cuadrícula.
[latencia ms promedio/max] lectura=7/13 entrada=69/102 marcadores=228/330 cubos=107/131 proceso=336/444 vista=27/39 al_publicar=405/518
[estado] fase=IDLE cuadros=28794 fallos=189 emitidos=108340 clientes=0 pisados=0 fps=10.0 edad=402 ms conservados=546/14 acopio=0/3 duplicados=0 rechazados=13
[latencia ms promedio/max] lectura=8/11 entrada=40/102 marcadores=178/267 cubos=93/106 proceso=272/373 vista=27/35 al_publicar=312/470
[estado] fase=IDLE cuadros=28810 fallos=189 emitidos=108439 clientes=0 pisados=0 fps=10.0 edad=406 ms conservados=546/14 acopio=0/3 duplicados=0 rechazados=13
[latencia ms promedio/max] lectura=8/13 entrada=75/120 marcadores=208/282 cubos=98/122 proceso=307/382 vista=27/34 al_publicar=382/476
[estado] fase=IDLE cuadros=28825 fallos=189 emitidos=108541 clientes=0 pisados=0 fps=10.0 edad=450 ms conservados=546/14 acopio=0/3 duplicados=0 rechazados=13
[latencia ms promedio/max] lectura=8/11 entrada=52/81 marcadores=177/263 cubos=100/109 proceso=279/370 vista=27/34 al_publicar=331/445
[estado] fase=IDLE cuadros=28840 fallos=189 emitidos=108635 clientes=0 pisados=0 fps=10.0 edad=459 ms conservados=546/14 acopio=0/3 duplicados=0 rechazados=13
[latencia ms promedio/max] lectura=7/12 entrada=65/117 marcadores=160/266 cubos=99/105 proceso=261/370 vista=27/34 al_publicar=326/468
[estado] fase=IDLE cuadros=28857 fallos=189 emitidos=108736 clientes=0 pisados=0 fps=10.0 edad=467 ms conservados=546/14 acopio=0/3 duplicados=0 rechazados=13
[latencia ms promedio/max] lectura=7/12 entrada=49/96 marcadores=130/266 cubos=103/107 proceso=234/370 vista=27/34 al_publicar=283/449
[estado] fase=IDLE cuadros=28876 fallos=189 emitidos=108838 clientes=0 pisados=0 fps=10.0 edad=481 ms conservados=546/14 acopio=0/3 duplicados=0 rechazados=13
[latencia ms promedio/max] lectura=8/14 entrada=44/89 marcadores=200/316 cubos=106/133 proceso=308/440 vista=28/37 al_publicar=352/510
[estado] fase=IDLE cuadros=28891 fallos=189 emitidos=108941 clientes=0 pisados=0 fps=10.0 edad=439 ms conservados=546/14 acopio=0/3 duplicados=0 rechazados=13
[latencia ms promedio/max] lectura=7/11 entrada=62/101 marcadores=177/260 cubos=102/114 proceso=281/371 vista=27/35 al_publicar=343/457
[estado] fase=IDLE cuadros=28906 fallos=189 emitidos=109035 clientes=0 pisados=0 fps=10.0 edad=246 ms conservados=546/14 acopio=0/3 duplicados=0 rechazados=13
[latencia ms promedio/max] lectura=7/11 entrada=50/110 marcadores=152/268 cubos=97/114 proceso=250/382 vista=28/37 al_publicar=300/483
[estado] fase=IDLE cuadros=28924 fallos=189 emitidos=109138 clientes=0 pisados=0 fps=10.0 edad=390 ms conservados=546/14 acopio=0/3 duplicados=0 rechazados=13
[latencia ms promedio/max] lectura=8/14 entrada=58/97 marcadores=229/274 cubos=101/104 proceso=331/374 vista=29/35 al_publicar=389/467
[estado] fase=IDLE cuadros=28938 fallos=189 emitidos=109241 clientes=0 pisados=0 fps=10.0 edad=440 ms conservados=546/14 acopio=0/3 duplicados=0 rechazados=13
[latencia ms promedio/max] lectura=7/12 entrada=47/114 marcadores=91/275 cubos=101/114 proceso=194/376 vista=27/33 al_publicar=241/443
[estado] fase=IDLE cuadros=28959 fallos=189 emitidos=109337 clientes=0 pisados=0 fps=10.0 edad=246 ms conservados=546/14 acopio=0/3 duplicados=0 rechazados=13
[latencia ms promedio/max] lectura=7/14 entrada=53/101 marcadores=150/285 cubos=104/126 proceso=255/390 vista=28/34 al_publicar=309/490
[estado] fase=IDLE cuadros=28976 fallos=189 emitidos=109436 clientes=0 pisados=0 fps=10.0 edad=479 ms conservados=546/14 acopio=0/3 duplicados=0 rechazados=13
[aviso] marcadores vistos que NO son ni esquina ni rover declarado, y por eso se descartan: [37]. Si alguno es un robot de verdad, hay que agregarlo a deteccion_rovers.ids_rover; si no, son detecciones falsas de la cuadrícula.
[latencia ms promedio/max] lectura=7/12 entrada=64/116 marcadores=109/281 cubos=107/138 proceso=217/408 vista=26/40 al_publicar=281/486
[estado] fase=IDLE cuadros=28996 fallos=189 emitidos=109537 clientes=0 pisados=0 fps=10.0 edad=407 ms conservados=546/14 acopio=0/3 duplicados=0 rechazados=13
[latencia ms promedio/max] lectura=8/13 entrada=55/107 marcadores=142/265 cubos=100/119 proceso=244/377 vista=27/34 al_publicar=299/475
[estado] fase=IDLE cuadros=29015 fallos=189 emitidos=109643 clientes=0 pisados=0 fps=10.0 edad=509 ms conservados=546/14 acopio=0/3 duplicados=0 rechazados=13
[latencia ms promedio/max] lectura=7/12 entrada=40/90 marcadores=178/270 cubos=102/108 proceso=281/373 vista=26/32 al_publicar=321/439
[estado] fase=IDLE cuadros=29030 fallos=189 emitidos=109737 clientes=0 pisados=0 fps=10.0 edad=239 ms conservados=546/14 acopio=0/3 duplicados=0 rechazados=13
[latencia ms promedio/max] lectura=9/14 entrada=54/121 marcadores=169/269 cubos=102/111 proceso=272/373 vista=30/34 al_publicar=327/471
[estado] fase=IDLE cuadros=29046 fallos=189 emitidos=109837 clientes=0 pisados=0 fps=10.0 edad=413 ms conservados=546/14 acopio=0/3 duplicados=0 rechazados=13
[latencia ms promedio/max] lectura=7/11 entrada=50/106 marcadores=170/270 cubos=102/109 proceso=273/372 vista=28/36 al_publicar=324/459
[estado] fase=IDLE cuadros=29062 fallos=189 emitidos=109935 clientes=0 pisados=0 fps=10.0 edad=254 ms conservados=546/14 acopio=0/3 duplicados=0 rechazados=13
[latencia ms promedio/max] lectura=8/10 entrada=46/101 marcadores=170/309 cubos=103/125 proceso=274/430 vista=30/37 al_publicar=320/514
[estado] fase=IDLE cuadros=29079 fallos=189 emitidos=110042 clientes=0 pisados=0 fps=10.0 edad=462 ms conservados=546/14 acopio=0/3 duplicados=0 rechazados=13
[latencia ms promedio/max] lectura=8/9 entrada=60/112 marcadores=234/331 cubos=120/133 proceso=356/466 vista=30/39 al_publicar=415/525
[estado] fase=IDLE cuadros=29091 fallos=189 emitidos=110136 clientes=0 pisados=0 fps=10.0 edad=482 ms conservados=546/14 acopio=0/3 duplicados=0 rechazados=13
[latencia ms promedio/max] lectura=7/8 entrada=60/102 marcadores=184/296 cubos=114/124 proceso=299/414 vista=30/38 al_publicar=359/509
[estado] fase=IDLE cuadros=29106 fallos=189 emitidos=110237 clientes=0 pisados=0 fps=10.0 edad=540 ms conservados=546/14 acopio=0/3 duplicados=0 rechazados=13
[latencia ms promedio/max] lectura=8/11 entrada=40/76 marcadores=231/334 cubos=130/144 proceso=362/475 vista=32/38 al_publicar=402/525
[estado] fase=IDLE cuadros=29119 fallos=189 emitidos=110342 clientes=0 pisados=0 fps=10.0 edad=565 ms conservados=546/14 acopio=0/3 duplicados=0 rechazados=13
[latencia ms promedio/max] lectura=8/9 entrada=64/106 marcadores=259/334 cubos=122/139 proceso=382/474 vista=34/38 al_publicar=446/569
[estado] fase=IDLE cuadros=29130 fallos=189 emitidos=110435 clientes=0 pisados=0 fps=10.0 edad=215 ms conservados=546/14 acopio=0/3 duplicados=0 rechazados=13
[latencia ms promedio/max] lectura=8/13 entrada=49/103 marcadores=123/277 cubos=105/119 proceso=229/380 vista=27/34 al_publicar=278/470
[estado] fase=IDLE cuadros=29149 fallos=189 emitidos=110535 clientes=0 pisados=0 fps=10.0 edad=437 ms conservados=546/14 acopio=0/3 duplicados=0 rechazados=13
[latencia ms promedio/max] lectura=7/10 entrada=49/107 marcadores=173/277 cubos=98/111 proceso=272/372 vista=29/34 al_publicar=321/462
[estado] fase=IDLE cuadros=29166 fallos=189 emitidos=110640 clientes=0 pisados=0 fps=10.0 edad=378 ms conservados=546/14 acopio=0/3 duplicados=0 rechazados=13
[latencia ms promedio/max] lectura=8/13 entrada=51/96 marcadores=135/334 cubos=105/128 proceso=241/464 vista=27/36 al_publicar=292/474
[estado] fase=IDLE cuadros=29184 fallos=189 emitidos=110740 clientes=0 pisados=0 fps=10.0 edad=469 ms conservados=546/14 acopio=0/3 duplicados=0 rechazados=13
[latencia ms promedio/max] lectura=7/11 entrada=58/89 marcadores=207/267 cubos=100/103 proceso=308/370 vista=26/34 al_publicar=367/445
[estado] fase=IDLE cuadros=29198 fallos=189 emitidos=110835 clientes=0 pisados=0 fps=10.0 edad=453 ms conservados=546/14 acopio=0/3 duplicados=0 rechazados=13
[aviso] marcadores vistos que NO son ni esquina ni rover declarado, y por eso se descartan: [37]. Si alguno es un robot de verdad, hay que agregarlo a deteccion_rovers.ids_rover; si no, son detecciones falsas de la cuadrícula.
[latencia ms promedio/max] lectura=8/13 entrada=51/89 marcadores=246/285 cubos=101/121 proceso=348/398 vista=28/35 al_publicar=399/480
[estado] fase=IDLE cuadros=29211 fallos=189 emitidos=110935 clientes=0 pisados=0 fps=10.0 edad=437 ms conservados=546/14 acopio=0/3 duplicados=0 rechazados=13
[latencia ms promedio/max] lectura=7/11 entrada=53/104 marcadores=172/272 cubos=103/115 proceso=276/389 vista=28/34 al_publicar=329/438
[estado] fase=IDLE cuadros=29227 fallos=189 emitidos=111035 clientes=0 pisados=0 fps=10.0 edad=428 ms conservados=546/14 acopio=0/3 duplicados=0 rechazados=13
[latencia ms promedio/max] lectura=8/12 entrada=62/105 marcadores=180/267 cubos=101/105 proceso=282/369 vista=27/35 al_publicar=343/457
[estado] fase=IDLE cuadros=29243 fallos=189 emitidos=111136 clientes=0 pisados=0 fps=10.0 edad=202 ms conservados=546/14 acopio=0/3 duplicados=0 rechazados=13
[latencia ms promedio/max] lectura=7/10 entrada=65/117 marcadores=160/264 cubos=103/117 proceso=264/368 vista=25/31 al_publicar=329/475
[estado] fase=IDLE cuadros=29260 fallos=189 emitidos=111237 clientes=0 pisados=0 fps=10.0 edad=438 ms conservados=546/14 acopio=0/3 duplicados=0 rechazados=13
[aviso] marcadores vistos que NO son ni esquina ni rover declarado, y por eso se descartan: [37]. Si alguno es un robot de verdad, hay que agregarlo a deteccion_rovers.ids_rover; si no, son detecciones falsas de la cuadrícula.
[latencia ms promedio/max] lectura=7/9 entrada=49/100 marcadores=85/338 cubos=122/137 proceso=208/469 vista=32/38 al_publicar=258/513
[estado] fase=IDLE cuadros=29280 fallos=189 emitidos=111336 clientes=0 pisados=0 fps=10.0 edad=191 ms conservados=546/14 acopio=0/3 duplicados=0 rechazados=13
[latencia ms promedio/max] lectura=7/12 entrada=59/97 marcadores=31/261 cubos=106/129 proceso=138/363 vista=29/40 al_publicar=197/440
[estado] fase=IDLE cuadros=29309 fallos=189 emitidos=111438 clientes=0 pisados=0 fps=10.0 edad=250 ms conservados=546/14 acopio=0/3 duplicados=0 rechazados=13
[latencia ms promedio/max] lectura=8/12 entrada=47/117 marcadores=117/274 cubos=96/115 proceso=215/378 vista=25/31 al_publicar=262/429
[estado] fase=IDLE cuadros=29329 fallos=189 emitidos=111537 clientes=0 pisados=0 fps=10.0 edad=409 ms conservados=546/14 acopio=0/3 duplicados=0 rechazados=13
[latencia ms promedio/max] lectura=8/11 entrada=59/118 marcadores=152/272 cubos=99/107 proceso=253/374 vista=27/34 al_publicar=312/487
[estado] fase=IDLE cuadros=29347 fallos=189 emitidos=111640 clientes=0 pisados=0 fps=10.0 edad=477 ms conservados=546/14 acopio=0/3 duplicados=0 rechazados=13
[latencia ms promedio/max] lectura=8/13 entrada=47/101 marcadores=115/271 cubos=98/120 proceso=214/372 vista=28/34 al_publicar=261/422
[estado] fase=IDLE cuadros=29367 fallos=189 emitidos=111740 clientes=0 pisados=0 fps=10.0 edad=397 ms conservados=546/14 acopio=0/3 duplicados=0 rechazados=13
[aviso] marcadores vistos que NO son ni esquina ni rover declarado, y por eso se descartan: [37]. Si alguno es un robot de verdad, hay que agregarlo a deteccion_rovers.ids_rover; si no, son detecciones falsas de la cuadrícula.
[latencia ms promedio/max] lectura=7/12 entrada=57/116 marcadores=129/268 cubos=100/107 proceso=230/370 vista=28/33 al_publicar=287/485
[estado] fase=IDLE cuadros=29385 fallos=189 emitidos=111836 clientes=0 pisados=0 fps=10.0 edad=177 ms conservados=546/14 acopio=0/3 duplicados=0 rechazados=13
[latencia ms promedio/max] lectura=8/12 entrada=58/100 marcadores=153/314 cubos=104/133 proceso=258/435 vista=27/38 al_publicar=316/535
[estado] fase=IDLE cuadros=29402 fallos=189 emitidos=111936 clientes=0 pisados=0 fps=10.0 edad=462 ms conservados=546/14 acopio=0/3 duplicados=0 rechazados=13
[latencia ms promedio/max] lectura=7/8 entrada=58/98 marcadores=229/304 cubos=116/125 proceso=346/422 vista=29/35 al_publicar=404/517
[estado] fase=IDLE cuadros=29415 fallos=189 emitidos=112035 clientes=0 pisados=0 fps=10.0 edad=236 ms conservados=546/14 acopio=0/3 duplicados=0 rechazados=13
[latencia ms promedio/max] lectura=7/8 entrada=56/112 marcadores=58/299 cubos=115/129 proceso=174/416 vista=29/38 al_publicar=231/475
[estado] fase=IDLE cuadros=29439 fallos=189 emitidos=112136 clientes=0 pisados=0 fps=10.0 edad=207 ms conservados=546/14 acopio=0/3 duplicados=0 rechazados=13
[latencia ms promedio/max] lectura=7/9 entrada=52/105 marcadores=25/28 cubos=115/130 proceso=141/157 vista=29/39 al_publicar=194/253
[estado] fase=IDLE cuadros=29467 fallos=189 emitidos=112236 clientes=0 pisados=0 fps=10.0 edad=267 ms conservados=546/14 acopio=0/3 duplicados=0 rechazados=13
[latencia ms promedio/max] lectura=7/8 entrada=59/108 marcadores=24/26 cubos=115/125 proceso=141/151 vista=28/38 al_publicar=200/259
[estado] fase=IDLE cuadros=29496 fallos=189 emitidos=112338 clientes=0 pisados=0 fps=10.0 edad=278 ms conservados=546/14 acopio=0/3 duplicados=0 rechazados=13
[latencia ms promedio/max] lectura=7/8 entrada=53/104 marcadores=35/291 cubos=116/127 proceso=153/412 vista=28/36 al_publicar=206/498
[estado] fase=IDLE cuadros=29522 fallos=189 emitidos=112435 clientes=0 pisados=0 fps=10.0 edad=249 ms conservados=546/14 acopio=0/3 duplicados=0 rechazados=13
[latencia ms promedio/max] lectura=7/9 entrada=62/113 marcadores=25/29 cubos=116/140 proceso=142/170 vista=29/40 al_publicar=204/260
[estado] fase=IDLE cuadros=29550 fallos=189 emitidos=112536 clientes=0 pisados=0 fps=10.0 edad=266 ms conservados=546/14 acopio=0/3 duplicados=0 rechazados=13
[latencia ms promedio/max] lectura=8/9 entrada=54/91 marcadores=26/28 cubos=130/139 proceso=157/168 vista=32/40 al_publicar=210/244
[estado] fase=IDLE cuadros=29576 fallos=189 emitidos=112638 clientes=0 pisados=0 fps=10.0 edad=265 ms conservados=546/14 acopio=0/3 duplicados=0 rechazados=13
[latencia ms promedio/max] lectura=8/9 entrada=58/102 marcadores=26/28 cubos=130/140 proceso=158/168 vista=34/40 al_publicar=215/267
[estado] fase=IDLE cuadros=29601 fallos=189 emitidos=112738 clientes=0 pisados=0 fps=10.0 edad=265 ms conservados=546/14 acopio=0/3 duplicados=0 rechazados=13
[latencia ms promedio/max] lectura=8/9 entrada=52/98 marcadores=25/27 cubos=123/136 proceso=149/163 vista=31/39 al_publicar=202/247
[estado] fase=IDLE cuadros=29627 fallos=189 emitidos=112835 clientes=0 pisados=0 fps=10.0 edad=234 ms conservados=546/14 acopio=0/3 duplicados=0 rechazados=13
[latencia ms promedio/max] lectura=7/8 entrada=49/99 marcadores=35/287 cubos=117/131 proceso=153/406 vista=29/38 al_publicar=202/485
[estado] fase=IDLE cuadros=29654 fallos=189 emitidos=112938 clientes=0 pisados=0 fps=10.0 edad=269 ms conservados=546/14 acopio=0/3 duplicados=0 rechazados=13
[latencia ms promedio/max] lectura=7/9 entrada=55/106 marcadores=25/26 cubos=115/128 proceso=141/151 vista=30/38 al_publicar=196/248
[estado] fase=IDLE cuadros=29682 fallos=189 emitidos=113037 clientes=0 pisados=0 fps=10.0 edad=242 ms conservados=546/14 acopio=0/3 duplicados=0 rechazados=13
[latencia ms promedio/max] lectura=7/9 entrada=54/107 marcadores=25/29 cubos=120/133 proceso=146/164 vista=31/40 al_publicar=200/258
[estado] fase=IDLE cuadros=29709 fallos=189 emitidos=113137 clientes=0 pisados=0 fps=10.0 edad=241 ms conservados=546/14 acopio=0/3 duplicados=0 rechazados=13
[latencia ms promedio/max] lectura=7/8 entrada=48/109 marcadores=24/26 cubos=118/134 proceso=144/161 vista=30/37 al_publicar=191/246
[estado] fase=IDLE cuadros=29736 fallos=189 emitidos=113235 clientes=0 pisados=0 fps=10.0 edad=207 ms conservados=546/14 acopio=0/3 duplicados=0 rechazados=13
[latencia ms promedio/max] lectura=7/8 entrada=57/115 marcadores=88/308 cubos=119/127 proceso=208/429 vista=31/40 al_publicar=265/507
[estado] fase=IDLE cuadros=29758 fallos=189 emitidos=113343 clientes=0 pisados=0 fps=10.0 edad=539 ms conservados=546/14 acopio=0/3 duplicados=0 rechazados=13
[latencia ms promedio/max] lectura=7/9 entrada=55/114 marcadores=64/316 cubos=117/123 proceso=183/440 vista=30/38 al_publicar=238/480
[estado] fase=IDLE cuadros=29779 fallos=189 emitidos=113436 clientes=0 pisados=0 fps=10.0 edad=254 ms conservados=546/14 acopio=0/3 duplicados=0 rechazados=13
[latencia ms promedio/max] lectura=7/8 entrada=54/117 marcadores=24/26 cubos=116/127 proceso=142/149 vista=29/39 al_publicar=196/258
[estado] fase=IDLE cuadros=29807 fallos=189 emitidos=113535 clientes=0 pisados=0 fps=10.0 edad=242 ms conservados=546/14 acopio=0/3 duplicados=0 rechazados=13
[latencia ms promedio/max] lectura=7/8 entrada=51/101 marcadores=25/27 cubos=116/124 proceso=142/150 vista=27/38 al_publicar=194/240
[estado] fase=IDLE cuadros=29836 fallos=189 emitidos=113638 clientes=0 pisados=0 fps=10.0 edad=175 ms conservados=546/14 acopio=0/3 duplicados=0 rechazados=13
[latencia ms promedio/max] lectura=7/9 entrada=56/100 marcadores=26/31 cubos=120/144 proceso=147/174 vista=30/39 al_publicar=203/262
[estado] fase=IDLE cuadros=29863 fallos=189 emitidos=113738 clientes=0 pisados=0 fps=10.0 edad=257 ms conservados=546/14 acopio=0/3 duplicados=0 rechazados=13
[latencia ms promedio/max] lectura=7/9 entrada=58/98 marcadores=35/297 cubos=116/130 proceso=152/409 vista=28/37 al_publicar=211/460
[estado] fase=IDLE cuadros=29889 fallos=189 emitidos=113835 clientes=0 pisados=0 fps=10.0 edad=227 ms conservados=546/14 acopio=0/3 duplicados=0 rechazados=13
[latencia ms promedio/max] lectura=7/8 entrada=61/119 marcadores=25/28 cubos=118/133 proceso=144/162 vista=29/41 al_publicar=205/262
[estado] fase=IDLE cuadros=29917 fallos=189 emitidos=113936 clientes=0 pisados=0 fps=10.0 edad=181 ms conservados=546/14 acopio=0/3 duplicados=0 rechazados=13
[latencia ms promedio/max] lectura=7/12 entrada=61/103 marcadores=25/28 cubos=113/124 proceso=139/150 vista=30/39 al_publicar=200/249
[estado] fase=IDLE cuadros=29946 fallos=189 emitidos=114038 clientes=0 pisados=0 fps=10.0 edad=182 ms conservados=546/14 acopio=0/3 duplicados=0 rechazados=13
[latencia ms promedio/max] lectura=7/9 entrada=57/99 marcadores=25/27 cubos=113/129 proceso=139/157 vista=30/40 al_publicar=196/247
[estado] fase=IDLE cuadros=29974 fallos=189 emitidos=114137 clientes=0 pisados=0 fps=10.0 edad=213 ms conservados=546/14 acopio=0/3 duplicados=0 rechazados=13
[latencia ms promedio/max] lectura=7/9 entrada=57/117 marcadores=73/305 cubos=113/121 proceso=187/419 vista=31/38 al_publicar=244/510
[estado] fase=IDLE cuadros=29996 fallos=189 emitidos=114236 clientes=0 pisados=0 fps=10.0 edad=262 ms conservados=546/14 acopio=0/3 duplicados=0 rechazados=13
[latencia ms promedio/max] lectura=7/10 entrada=62/99 marcadores=75/331 cubos=118/137 proceso=194/467 vista=29/39 al_publicar=255/561
[estado] fase=IDLE cuadros=30018 fallos=189 emitidos=114337 clientes=0 pisados=0 fps=10.0 edad=247 ms conservados=546/14 acopio=0/3 duplicados=0 rechazados=13
[latencia ms promedio/max] lectura=7/8 entrada=60/113 marcadores=34/277 cubos=115/123 proceso=150/400 vista=28/35 al_publicar=210/450
[estado] fase=IDLE cuadros=30045 fallos=189 emitidos=114437 clientes=0 pisados=0 fps=10.0 edad=235 ms conservados=546/14 acopio=0/3 duplicados=0 rechazados=13
[latencia ms promedio/max] lectura=7/9 entrada=54/102 marcadores=25/27 cubos=115/129 proceso=141/154 vista=30/39 al_publicar=195/248
[estado] fase=IDLE cuadros=30073 fallos=189 emitidos=114537 clientes=0 pisados=0 fps=10.0 edad=220 ms conservados=546/14 acopio=0/3 duplicados=0 rechazados=13
[latencia ms promedio/max] lectura=7/8 entrada=52/98 marcadores=25/26 cubos=115/125 proceso=141/152 vista=27/37 al_publicar=193/242
[estado] fase=IDLE cuadros=30101 fallos=189 emitidos=114634 clientes=0 pisados=0 fps=10.0 edad=205 ms conservados=546/14 acopio=0/3 duplicados=0 rechazados=13
[latencia ms promedio/max] lectura=7/8 entrada=60/117 marcadores=24/26 cubos=115/130 proceso=141/157 vista=28/37 al_publicar=201/257
[estado] fase=IDLE cuadros=30130 fallos=189 emitidos=114737 clientes=0 pisados=0 fps=10.0 edad=221 ms conservados=546/14 acopio=0/3 duplicados=0 rechazados=13
[latencia ms promedio/max] lectura=7/8 entrada=54/104 marcadores=25/26 cubos=117/129 proceso=143/156 vista=29/40 al_publicar=197/245
[estado] fase=IDLE cuadros=30158 fallos=189 emitidos=114837 clientes=0 pisados=0 fps=10.0 edad=230 ms conservados=546/14 acopio=0/3 duplicados=0 rechazados=13
[latencia ms promedio/max] lectura=7/9 entrada=63/121 marcadores=25/28 cubos=119/140 proceso=145/168 vista=29/39 al_publicar=208/263
[estado] fase=IDLE cuadros=30185 fallos=189 emitidos=114935 clientes=0 pisados=0 fps=10.0 edad=246 ms conservados=546/14 acopio=0/3 duplicados=0 rechazados=13
[latencia ms promedio/max] lectura=7/8 entrada=52/102 marcadores=24/26 cubos=116/124 proceso=141/150 vista=30/37 al_publicar=194/244
[estado] fase=IDLE cuadros=30213 fallos=189 emitidos=115035 clientes=0 pisados=0 fps=10.0 edad=231 ms conservados=546/14 acopio=0/3 duplicados=0 rechazados=13
[latencia ms promedio/max] lectura=7/10 entrada=57/112 marcadores=25/29 cubos=120/143 proceso=147/172 vista=31/39 al_publicar=204/259
[estado] fase=IDLE cuadros=30240 fallos=189 emitidos=115136 clientes=0 pisados=0 fps=10.0 edad=263 ms conservados=546/14 acopio=0/3 duplicados=0 rechazados=13
[latencia ms promedio/max] lectura=8/9 entrada=67/102 marcadores=26/27 cubos=131/142 proceso=158/169 vista=33/41 al_publicar=225/264
[estado] fase=IDLE cuadros=30265 fallos=189 emitidos=115235 clientes=0 pisados=0 fps=10.0 edad=232 ms conservados=546/14 acopio=0/3 duplicados=0 rechazados=13
[latencia ms promedio/max] lectura=7/8 entrada=58/116 marcadores=24/27 cubos=115/129 proceso=141/156 vista=28/36 al_publicar=199/255
[estado] fase=IDLE cuadros=30294 fallos=189 emitidos=115337 clientes=0 pisados=0 fps=10.0 edad=234 ms conservados=546/14 acopio=0/3 duplicados=0 rechazados=13
[latencia ms promedio/max] lectura=7/8 entrada=49/106 marcadores=24/27 cubos=114/126 proceso=139/152 vista=28/38 al_publicar=188/250
[estado] fase=IDLE cuadros=30323 fallos=189 emitidos=115438 clientes=0 pisados=0 fps=10.0 edad=197 ms conservados=546/14 acopio=0/3 duplicados=0 rechazados=13
[latencia ms promedio/max] lectura=7/9 entrada=50/108 marcadores=25/29 cubos=120/131 proceso=147/161 vista=30/40 al_publicar=197/260
[estado] fase=IDLE cuadros=30350 fallos=189 emitidos=115538 clientes=0 pisados=0 fps=10.0 edad=276 ms conservados=546/14 acopio=0/3 duplicados=0 rechazados=13
[latencia ms promedio/max] lectura=7/12 entrada=61/108 marcadores=23/26 cubos=111/127 proceso=135/154 vista=27/38 al_publicar=196/253
[estado] fase=IDLE cuadros=30379 fallos=189 emitidos=115637 clientes=0 pisados=0 fps=10.0 edad=206 ms conservados=546/14 acopio=0/3 duplicados=0 rechazados=13
[latencia ms promedio/max] lectura=8/11 entrada=59/113 marcadores=22/30 cubos=100/127 proceso=123/156 vista=27/35 al_publicar=182/270
[estado] fase=IDLE cuadros=30410 fallos=189 emitidos=115735 clientes=0 pisados=0 fps=10.0 edad=227 ms conservados=546/14 acopio=0/3 duplicados=0 rechazados=13
[latencia ms promedio/max] lectura=8/13 entrada=58/103 marcadores=23/28 cubos=104/136 proceso=129/165 vista=28/37 al_publicar=187/225
[estado] fase=IDLE cuadros=30441 fallos=189 emitidos=115837 clientes=0 pisados=0 fps=10.0 edad=221 ms conservados=546/14 acopio=0/3 duplicados=0 rechazados=13
[latencia ms promedio/max] lectura=8/12 entrada=58/114 marcadores=21/27 cubos=98/107 proceso=120/131 vista=24/31 al_publicar=179/237
[estado] fase=IDLE cuadros=30473 fallos=189 emitidos=115935 clientes=0 pisados=0 fps=10.0 edad=216 ms conservados=546/14 acopio=0/3 duplicados=0 rechazados=13
[latencia ms promedio/max] lectura=7/10 entrada=55/103 marcadores=21/25 cubos=98/118 proceso=120/140 vista=27/35 al_publicar=176/230
[estado] fase=IDLE cuadros=30506 fallos=189 emitidos=116037 clientes=0 pisados=0 fps=10.0 edad=208 ms conservados=546/14 acopio=0/3 duplicados=0 rechazados=13
[latencia ms promedio/max] lectura=8/13 entrada=60/104 marcadores=23/28 cubos=107/129 proceso=131/157 vista=27/42 al_publicar=191/256
[estado] fase=IDLE cuadros=30536 fallos=189 emitidos=116137 clientes=0 pisados=0 fps=10.0 edad=220 ms conservados=546/14 acopio=0/3 duplicados=0 rechazados=13
[latencia ms promedio/max] lectura=7/13 entrada=54/101 marcadores=21/27 cubos=101/115 proceso=123/137 vista=27/34 al_publicar=178/229
[estado] fase=IDLE cuadros=30568 fallos=189 emitidos=116238 clientes=0 pisados=0 fps=10.0 edad=262 ms conservados=546/14 acopio=0/3 duplicados=0 rechazados=13
[latencia ms promedio/max] lectura=8/12 entrada=58/117 marcadores=21/25 cubos=100/113 proceso=123/136 vista=27/35 al_publicar=181/240
[estado] fase=IDLE cuadros=30599 fallos=189 emitidos=116335 clientes=0 pisados=0 fps=10.0 edad=162 ms conservados=546/14 acopio=0/3 duplicados=0 rechazados=13
[latencia ms promedio/max] lectura=7/12 entrada=52/100 marcadores=22/26 cubos=99/113 proceso=122/136 vista=27/35 al_publicar=174/223
[estado] fase=IDLE cuadros=30631 fallos=189 emitidos=116436 clientes=0 pisados=0 fps=10.0 edad=164 ms conservados=546/14 acopio=0/3 duplicados=0 rechazados=13
[latencia ms promedio/max] lectura=7/13 entrada=60/119 marcadores=21/25 cubos=98/110 proceso=120/133 vista=26/37 al_publicar=180/246
[estado] fase=IDLE cuadros=30664 fallos=189 emitidos=116537 clientes=0 pisados=0 fps=10.0 edad=249 ms conservados=546/14 acopio=0/3 duplicados=0 rechazados=13
[latencia ms promedio/max] lectura=7/13 entrada=53/101 marcadores=21/26 cubos=99/110 proceso=121/134 vista=27/35 al_publicar=174/231
[estado] fase=IDLE cuadros=30696 fallos=189 emitidos=116637 clientes=0 pisados=0 fps=10.0 edad=223 ms conservados=546/14 acopio=0/3 duplicados=0 rechazados=13
[latencia ms promedio/max] lectura=8/12 entrada=60/103 marcadores=25/29 cubos=121/152 proceso=148/181 vista=31/38 al_publicar=208/254
[estado] fase=IDLE cuadros=30723 fallos=189 emitidos=116738 clientes=0 pisados=0 fps=10.0 edad=284 ms conservados=546/14 acopio=0/3 duplicados=0 rechazados=13
[latencia ms promedio/max] lectura=7/11 entrada=52/109 marcadores=23/26 cubos=108/131 proceso=133/159 vista=29/36 al_publicar=185/247
[estado] fase=IDLE cuadros=30752 fallos=189 emitidos=116836 clientes=0 pisados=0 fps=10.0 edad=168 ms conservados=546/14 acopio=0/3 duplicados=0 rechazados=13
[latencia ms promedio/max] lectura=7/11 entrada=53/103 marcadores=22/27 cubos=97/114 proceso=120/141 vista=26/34 al_publicar=173/230
[estado] fase=IDLE cuadros=30785 fallos=189 emitidos=116937 clientes=0 pisados=0 fps=10.0 edad=221 ms conservados=546/14 acopio=0/3 duplicados=0 rechazados=13
[latencia ms promedio/max] lectura=8/13 entrada=56/102 marcadores=22/26 cubos=102/121 proceso=125/146 vista=26/36 al_publicar=181/226
[estado] fase=IDLE cuadros=30816 fallos=189 emitidos=117036 clientes=0 pisados=0 fps=10.0 edad=184 ms conservados=546/14 acopio=0/3 duplicados=0 rechazados=13
[latencia ms promedio/max] lectura=8/13 entrada=56/106 marcadores=22/26 cubos=99/108 proceso=122/131 vista=25/34 al_publicar=178/232
[estado] fase=IDLE cuadros=30848 fallos=189 emitidos=117135 clientes=0 pisados=0 fps=10.0 edad=227 ms conservados=546/14 acopio=0/3 duplicados=0 rechazados=13
[latencia ms promedio/max] lectura=8/13 entrada=52/104 marcadores=22/26 cubos=105/128 proceso=128/155 vista=27/36 al_publicar=180/246
[estado] fase=IDLE cuadros=30879 fallos=189 emitidos=117236 clientes=0 pisados=0 fps=10.0 edad=177 ms conservados=546/14 acopio=0/3 duplicados=0 rechazados=13
[latencia ms promedio/max] lectura=7/9 entrada=67/113 marcadores=26/31 cubos=122/138 proceso=149/166 vista=30/38 al_publicar=216/267
[estado] fase=IDLE cuadros=30906 fallos=189 emitidos=117337 clientes=0 pisados=0 fps=10.0 edad=221 ms conservados=546/14 acopio=0/3 duplicados=0 rechazados=13
[latencia ms promedio/max] lectura=7/8 entrada=49/98 marcadores=25/27 cubos=117/130 proceso=143/158 vista=29/38 al_publicar=193/244
[estado] fase=IDLE cuadros=30934 fallos=189 emitidos=117437 clientes=0 pisados=0 fps=10.0 edad=235 ms conservados=546/14 acopio=0/3 duplicados=0 rechazados=13
[latencia ms promedio/max] lectura=7/8 entrada=63/114 marcadores=25/27 cubos=120/142 proceso=146/170 vista=30/37 al_publicar=209/259
[estado] fase=IDLE cuadros=30961 fallos=189 emitidos=117536 clientes=0 pisados=0 fps=10.0 edad=283 ms conservados=546/14 acopio=0/3 duplicados=0 rechazados=13
[latencia ms promedio/max] lectura=8/9 entrada=64/120 marcadores=26/29 cubos=130/137 proceso=157/166 vista=33/40 al_publicar=221/277
[estado] fase=IDLE cuadros=30986 fallos=189 emitidos=117635 clientes=0 pisados=0 fps=10.0 edad=222 ms conservados=546/14 acopio=0/3 duplicados=0 rechazados=13
[latencia ms promedio/max] lectura=7/8 entrada=46/87 marcadores=25/28 cubos=120/136 proceso=146/163 vista=32/38 al_publicar=192/231
[estado] fase=IDLE cuadros=31013 fallos=189 emitidos=117735 clientes=0 pisados=0 fps=10.0 edad=251 ms conservados=546/14 acopio=0/3 duplicados=0 rechazados=13
[latencia ms promedio/max] lectura=7/8 entrada=55/98 marcadores=25/26 cubos=114/133 proceso=140/159 vista=28/40 al_publicar=195/237
[estado] fase=IDLE cuadros=31042 fallos=189 emitidos=117837 clientes=0 pisados=0 fps=10.0 edad=222 ms conservados=546/14 acopio=0/3 duplicados=0 rechazados=13
[latencia ms promedio/max] lectura=7/9 entrada=60/117 marcadores=26/32 cubos=119/138 proceso=146/167 vista=30/39 al_publicar=206/261
[estado] fase=IDLE cuadros=31069 fallos=189 emitidos=117936 clientes=0 pisados=0 fps=10.0 edad=284 ms conservados=546/14 acopio=0/3 duplicados=0 rechazados=13
[latencia ms promedio/max] lectura=7/9 entrada=60/118 marcadores=25/27 cubos=114/126 proceso=140/149 vista=28/38 al_publicar=199/246
[estado] fase=IDLE cuadros=31098 fallos=189 emitidos=118038 clientes=0 pisados=0 fps=10.0 edad=266 ms conservados=546/14 acopio=0/3 duplicados=0 rechazados=13
[latencia ms promedio/max] lectura=7/8 entrada=58/113 marcadores=25/26 cubos=114/130 proceso=140/157 vista=28/37 al_publicar=198/254
[estado] fase=IDLE cuadros=31126 fallos=189 emitidos=118136 clientes=0 pisados=0 fps=10.0 edad=176 ms conservados=546/14 acopio=0/3 duplicados=0 rechazados=13
[latencia ms promedio/max] lectura=7/8 entrada=63/97 marcadores=25/27 cubos=114/134 proceso=140/162 vista=30/39 al_publicar=203/249
[estado] fase=IDLE cuadros=31154 fallos=189 emitidos=118235 clientes=0 pisados=0 fps=10.0 edad=233 ms conservados=546/14 acopio=0/3 duplicados=0 rechazados=13
[latencia ms promedio/max] lectura=7/9 entrada=55/102 marcadores=25/27 cubos=113/126 proceso=139/153 vista=29/40 al_publicar=194/251
[estado] fase=IDLE cuadros=31183 fallos=189 emitidos=118337 clientes=0 pisados=0 fps=10.0 edad=219 ms conservados=546/14 acopio=0/3 duplicados=0 rechazados=13
[latencia ms promedio/max] lectura=7/8 entrada=53/109 marcadores=25/27 cubos=115/129 proceso=141/155 vista=30/39 al_publicar=194/245
[estado] fase=IDLE cuadros=31211 fallos=189 emitidos=118437 clientes=0 pisados=0 fps=10.0 edad=222 ms conservados=546/14 acopio=0/3 duplicados=0 rechazados=13
[latencia ms promedio/max] lectura=7/9 entrada=56/105 marcadores=25/28 cubos=120/135 proceso=146/163 vista=30/40 al_publicar=202/254
[estado] fase=IDLE cuadros=31238 fallos=189 emitidos=118536 clientes=0 pisados=0 fps=10.0 edad=291 ms conservados=546/14 acopio=0/3 duplicados=0 rechazados=13
[latencia ms promedio/max] lectura=7/8 entrada=52/105 marcadores=24/26 cubos=116/126 proceso=142/153 vista=28/37 al_publicar=194/242
[estado] fase=IDLE cuadros=31266 fallos=189 emitidos=118635 clientes=0 pisados=0 fps=10.0 edad=239 ms conservados=546/14 acopio=0/3 duplicados=0 rechazados=13
[latencia ms promedio/max] lectura=7/9 entrada=61/103 marcadores=25/28 cubos=116/131 proceso=143/160 vista=30/39 al_publicar=204/255
[estado] fase=IDLE cuadros=31294 fallos=189 emitidos=118736 clientes=0 pisados=0 fps=10.0 edad=293 ms conservados=546/14 acopio=0/3 duplicados=0 rechazados=13
[latencia ms promedio/max] lectura=7/10 entrada=61/117 marcadores=25/27 cubos=117/132 proceso=143/159 vista=30/37 al_publicar=204/259
[estado] fase=IDLE cuadros=31322 fallos=189 emitidos=118837 clientes=0 pisados=0 fps=10.0 edad=226 ms conservados=546/14 acopio=0/3 duplicados=0 rechazados=13
[latencia ms promedio/max] lectura=7/9 entrada=53/100 marcadores=24/27 cubos=117/128 proceso=143/154 vista=29/37 al_publicar=196/254
[estado] fase=IDLE cuadros=31350 fallos=189 emitidos=118937 clientes=0 pisados=0 fps=10.0 edad=224 ms conservados=546/14 acopio=0/3 duplicados=0 rechazados=13
[latencia ms promedio/max] lectura=7/8 entrada=53/116 marcadores=25/27 cubos=116/123 proceso=142/151 vista=27/39 al_publicar=196/263
[estado] fase=IDLE cuadros=31378 fallos=189 emitidos=119036 clientes=0 pisados=0 fps=10.0 edad=283 ms conservados=546/14 acopio=0/3 duplicados=0 rechazados=13
[latencia ms promedio/max] lectura=7/9 entrada=55/105 marcadores=25/29 cubos=117/139 proceso=144/169 vista=30/38 al_publicar=200/270
[estado] fase=IDLE cuadros=31406 fallos=189 emitidos=119138 clientes=0 pisados=0 fps=10.0 edad=264 ms conservados=546/14 acopio=0/3 duplicados=0 rechazados=13
[latencia ms promedio/max] lectura=7/8 entrada=58/105 marcadores=25/26 cubos=117/124 proceso=143/150 vista=29/39 al_publicar=201/246
[estado] fase=IDLE cuadros=31434 fallos=189 emitidos=119238 clientes=0 pisados=0 fps=10.0 edad=268 ms conservados=546/14 acopio=0/3 duplicados=0 rechazados=13
[latencia ms promedio/max] lectura=7/9 entrada=61/111 marcadores=25/29 cubos=115/138 proceso=141/163 vista=29/37 al_publicar=202/250
[estado] fase=IDLE cuadros=31462 fallos=189 emitidos=119337 clientes=0 pisados=0 fps=10.0 edad=236 ms conservados=546/14 acopio=0/3 duplicados=0 rechazados=13
[latencia ms promedio/max] lectura=7/9 entrada=52/108 marcadores=25/28 cubos=117/131 proceso=143/158 vista=27/40 al_publicar=195/245
[estado] fase=IDLE cuadros=31490 fallos=189 emitidos=119436 clientes=0 pisados=0 fps=10.0 edad=197 ms conservados=546/14 acopio=0/3 duplicados=0 rechazados=13
[latencia ms promedio/max] lectura=7/8 entrada=56/113 marcadores=25/27 cubos=114/120 proceso=140/147 vista=28/36 al_publicar=196/254
[estado] fase=IDLE cuadros=31518 fallos=189 emitidos=119535 clientes=0 pisados=0 fps=10.0 edad=215 ms conservados=546/14 acopio=0/3 duplicados=0 rechazados=13
[latencia ms promedio/max] lectura=7/9 entrada=61/112 marcadores=24/27 cubos=112/132 proceso=137/159 vista=29/41 al_publicar=198/252
[estado] fase=IDLE cuadros=31547 fallos=189 emitidos=119635 clientes=0 pisados=0 fps=10.0 edad=238 ms conservados=546/14 acopio=0/3 duplicados=0 rechazados=13
[latencia ms promedio/max] lectura=7/9 entrada=55/102 marcadores=25/29 cubos=121/149 proceso=148/178 vista=31/42 al_publicar=202/266
[estado] fase=IDLE cuadros=31574 fallos=189 emitidos=119736 clientes=0 pisados=0 fps=10.0 edad=262 ms conservados=546/14 acopio=0/3 duplicados=0 rechazados=13
[latencia ms promedio/max] lectura=7/9 entrada=56/99 marcadores=23/26 cubos=107/118 proceso=131/143 vista=26/38 al_publicar=187/231
[estado] fase=IDLE cuadros=31605 fallos=189 emitidos=119838 clientes=0 pisados=0 fps=10.0 edad=167 ms conservados=546/14 acopio=0/3 duplicados=0 rechazados=13
[latencia ms promedio/max] lectura=7/9 entrada=57/117 marcadores=25/29 cubos=111/120 proceso=138/144 vista=29/40 al_publicar=195/259
[estado] fase=IDLE cuadros=31633 fallos=189 emitidos=119935 clientes=0 pisados=0 fps=10.0 edad=237 ms conservados=546/14 acopio=0/3 duplicados=0 rechazados=13
[latencia ms promedio/max] lectura=8/9 entrada=56/99 marcadores=26/27 cubos=132/143 proceso=159/171 vista=33/42 al_publicar=215/261
[estado] fase=IDLE cuadros=31658 fallos=189 emitidos=120035 clientes=0 pisados=0 fps=10.0 edad=226 ms conservados=546/14 acopio=0/3 duplicados=0 rechazados=13
[latencia ms promedio/max] lectura=8/9 entrada=50/111 marcadores=26/28 cubos=123/141 proceso=150/170 vista=32/42 al_publicar=200/257
[estado] fase=IDLE cuadros=31685 fallos=189 emitidos=120138 clientes=0 pisados=0 fps=10.0 edad=256 ms conservados=546/14 acopio=0/3 duplicados=0 rechazados=13
[latencia ms promedio/max] lectura=7/8 entrada=54/98 marcadores=25/27 cubos=116/131 proceso=142/158 vista=29/38 al_publicar=196/238
[estado] fase=IDLE cuadros=31713 fallos=189 emitidos=120238 clientes=0 pisados=0 fps=10.0 edad=255 ms conservados=546/14 acopio=0/3 duplicados=0 rechazados=13
[latencia ms promedio/max] lectura=7/9 entrada=57/104 marcadores=25/29 cubos=123/143 proceso=150/173 vista=30/42 al_publicar=207/274
[estado] fase=IDLE cuadros=31739 fallos=189 emitidos=120335 clientes=0 pisados=0 fps=10.0 edad=232 ms conservados=546/14 acopio=0/3 duplicados=0 rechazados=13
[latencia ms promedio/max] lectura=7/8 entrada=58/113 marcadores=25/27 cubos=115/124 proceso=141/151 vista=30/38 al_publicar=199/263
[estado] fase=IDLE cuadros=31768 fallos=189 emitidos=120438 clientes=0 pisados=0 fps=10.0 edad=273 ms conservados=546/14 acopio=0/3 duplicados=0 rechazados=13
[latencia ms promedio/max] lectura=7/9 entrada=58/116 marcadores=25/30 cubos=119/135 proceso=145/166 vista=28/38 al_publicar=202/262
[estado] fase=IDLE cuadros=31795 fallos=189 emitidos=120535 clientes=0 pisados=0 fps=10.0 edad=240 ms conservados=546/14 acopio=0/3 duplicados=0 rechazados=13
[latencia ms promedio/max] lectura=8/9 entrada=59/103 marcadores=25/29 cubos=114/134 proceso=140/165 vista=28/35 al_publicar=199/251
[estado] fase=IDLE cuadros=31824 fallos=189 emitidos=120637 clientes=0 pisados=0 fps=10.0 edad=244 ms conservados=546/14 acopio=0/3 duplicados=0 rechazados=13
[latencia ms promedio/max] lectura=7/8 entrada=60/118 marcadores=24/26 cubos=114/129 proceso=140/155 vista=29/37 al_publicar=200/266
[estado] fase=IDLE cuadros=31852 fallos=189 emitidos=120736 clientes=0 pisados=0 fps=10.0 edad=267 ms conservados=546/14 acopio=0/3 duplicados=0 rechazados=13
[latencia ms promedio/max] lectura=7/10 entrada=64/113 marcadores=24/26 cubos=110/127 proceso=135/152 vista=27/41 al_publicar=199/255
[estado] fase=IDLE cuadros=31882 fallos=189 emitidos=120838 clientes=0 pisados=0 fps=10.0 edad=248 ms conservados=546/14 acopio=0/3 duplicados=0 rechazados=13
[latencia ms promedio/max] lectura=8/10 entrada=61/102 marcadores=26/30 cubos=123/144 proceso=150/173 vista=31/39 al_publicar=211/273
[estado] fase=IDLE cuadros=31908 fallos=189 emitidos=120935 clientes=0 pisados=0 fps=10.0 edad=255 ms conservados=546/14 acopio=0/3 duplicados=0 rechazados=13
[latencia ms promedio/max] lectura=7/9 entrada=54/101 marcadores=24/26 cubos=117/127 proceso=142/152 vista=29/38 al_publicar=196/241
[estado] fase=IDLE cuadros=31936 fallos=189 emitidos=121035 clientes=0 pisados=0 fps=10.0 edad=237 ms conservados=546/14 acopio=0/3 duplicados=0 rechazados=13
[latencia ms promedio/max] lectura=7/9 entrada=56/116 marcadores=25/26 cubos=112/128 proceso=138/154 vista=30/38 al_publicar=195/255
[estado] fase=IDLE cuadros=31965 fallos=189 emitidos=121137 clientes=0 pisados=0 fps=10.0 edad=232 ms conservados=546/14 acopio=0/3 duplicados=0 rechazados=13
[latencia ms promedio/max] lectura=8/12 entrada=57/119 marcadores=22/25 cubos=104/128 proceso=128/155 vista=28/36 al_publicar=185/251
[estado] fase=IDLE cuadros=31995 fallos=189 emitidos=121235 clientes=0 pisados=0 fps=10.0 edad=245 ms conservados=546/14 acopio=0/3 duplicados=0 rechazados=13
[latencia ms promedio/max] lectura=8/11 entrada=53/101 marcadores=22/27 cubos=100/117 proceso=123/144 vista=26/35 al_publicar=176/229
[estado] fase=IDLE cuadros=32027 fallos=189 emitidos=121336 clientes=0 pisados=0 fps=10.0 edad=171 ms conservados=546/14 acopio=0/3 duplicados=0 rechazados=13
[latencia ms promedio/max] lectura=8/12 entrada=57/102 marcadores=22/26 cubos=102/114 proceso=125/139 vista=28/35 al_publicar=182/233
[estado] fase=IDLE cuadros=32058 fallos=189 emitidos=121436 clientes=0 pisados=0 fps=10.0 edad=173 ms conservados=546/14 acopio=0/3 duplicados=0 rechazados=13
[latencia ms promedio/max] lectura=7/12 entrada=54/96 marcadores=23/29 cubos=107/137 proceso=131/165 vista=26/36 al_publicar=185/243
[estado] fase=IDLE cuadros=32088 fallos=189 emitidos=121535 clientes=0 pisados=0 fps=10.0 edad=215 ms conservados=546/14 acopio=0/3 duplicados=0 rechazados=13
[latencia ms promedio/max] lectura=7/11 entrada=51/114 marcadores=21/26 cubos=99/119 proceso=121/144 vista=27/37 al_publicar=172/241
[estado] fase=IDLE cuadros=32121 fallos=189 emitidos=121637 clientes=0 pisados=0 fps=10.0 edad=146 ms conservados=546/14 acopio=0/3 duplicados=0 rechazados=13
[latencia ms promedio/max] lectura=7/11 entrada=64/117 marcadores=22/27 cubos=102/119 proceso=125/145 vista=26/34 al_publicar=189/257
[estado] fase=IDLE cuadros=32152 fallos=189 emitidos=121735 clientes=0 pisados=0 fps=10.0 edad=251 ms conservados=546/14 acopio=0/3 duplicados=0 rechazados=13
[latencia ms promedio/max] lectura=8/14 entrada=64/116 marcadores=22/27 cubos=104/123 proceso=127/152 vista=27/35 al_publicar=191/256
[estado] fase=IDLE cuadros=32183 fallos=189 emitidos=121835 clientes=0 pisados=0 fps=10.0 edad=238 ms conservados=546/14 acopio=0/3 duplicados=0 rechazados=13
[latencia ms promedio/max] lectura=8/13 entrada=55/114 marcadores=21/26 cubos=95/105 proceso=118/132 vista=25/34 al_publicar=173/241
[estado] fase=IDLE cuadros=32216 fallos=189 emitidos=121935 clientes=0 pisados=0 fps=10.0 edad=221 ms conservados=546/14 acopio=0/3 duplicados=0 rechazados=13
[latencia ms promedio/max] lectura=8/13 entrada=57/105 marcadores=22/28 cubos=100/127 proceso=123/156 vista=26/36 al_publicar=180/235
[estado] fase=IDLE cuadros=32248 fallos=189 emitidos=122036 clientes=0 pisados=0 fps=10.0 edad=160 ms conservados=546/14 acopio=0/3 duplicados=0 rechazados=13
[latencia ms promedio/max] lectura=8/13 entrada=53/111 marcadores=23/28 cubos=104/131 proceso=128/160 vista=27/39 al_publicar=181/242
[estado] fase=IDLE cuadros=32279 fallos=189 emitidos=122137 clientes=0 pisados=0 fps=10.0 edad=202 ms conservados=546/14 acopio=0/3 duplicados=0 rechazados=13
[latencia ms promedio/max] lectura=8/12 entrada=54/99 marcadores=22/25 cubos=98/106 proceso=121/130 vista=24/32 al_publicar=175/231
[estado] fase=IDLE cuadros=32312 fallos=189 emitidos=122238 clientes=0 pisados=0 fps=10.0 edad=167 ms conservados=546/14 acopio=0/3 duplicados=0 rechazados=13
[latencia ms promedio/max] lectura=8/11 entrada=55/99 marcadores=22/28 cubos=98/112 proceso=121/140 vista=28/35 al_publicar=176/229
[estado] fase=IDLE cuadros=32343 fallos=189 emitidos=122335 clientes=0 pisados=0 fps=10.0 edad=212 ms conservados=546/14 acopio=0/3 duplicados=0 rechazados=13
[latencia ms promedio/max] lectura=8/12 entrada=57/105 marcadores=25/27 cubos=120/147 proceso=146/174 vista=32/44 al_publicar=203/264
[estado] fase=IDLE cuadros=32371 fallos=189 emitidos=122439 clientes=0 pisados=0 fps=10.0 edad=300 ms conservados=546/14 acopio=0/3 duplicados=0 rechazados=13
[latencia ms promedio/max] lectura=8/13 entrada=53/108 marcadores=24/29 cubos=112/142 proceso=137/171 vista=30/42 al_publicar=190/257
[estado] fase=IDLE cuadros=32399 fallos=189 emitidos=122537 clientes=0 pisados=0 fps=10.0 edad=205 ms conservados=546/14 acopio=0/3 duplicados=0 rechazados=13
[latencia ms promedio/max] lectura=8/13 entrada=54/102 marcadores=22/25 cubos=103/116 proceso=126/138 vista=27/36 al_publicar=180/231
[estado] fase=IDLE cuadros=32430 fallos=189 emitidos=122636 clientes=0 pisados=0 fps=10.0 edad=201 ms conservados=546/14 acopio=0/3 duplicados=0 rechazados=13
[latencia ms promedio/max] lectura=8/13 entrada=59/119 marcadores=23/28 cubos=105/140 proceso=130/167 vista=27/41 al_publicar=189/248
[estado] fase=IDLE cuadros=32460 fallos=189 emitidos=122735 clientes=0 pisados=0 fps=10.0 edad=259 ms conservados=546/14 acopio=0/3 duplicados=0 rechazados=13
[latencia ms promedio/max] lectura=8/14 entrada=58/112 marcadores=22/25 cubos=102/108 proceso=125/130 vista=26/33 al_publicar=183/236
[estado] fase=IDLE cuadros=32492 fallos=189 emitidos=122837 clientes=0 pisados=0 fps=10.0 edad=237 ms conservados=546/14 acopio=0/3 duplicados=0 rechazados=13
[latencia ms promedio/max] lectura=8/11 entrada=51/97 marcadores=22/26 cubos=99/107 proceso=121/134 vista=26/35 al_publicar=172/222
[estado] fase=IDLE cuadros=32524 fallos=189 emitidos=122936 clientes=0 pisados=0 fps=10.0 edad=195 ms conservados=546/14 acopio=0/3 duplicados=0 rechazados=13
[latencia ms promedio/max] lectura=9/14 entrada=55/109 marcadores=23/26 cubos=106/129 proceso=130/153 vista=28/38 al_publicar=185/243
[estado] fase=IDLE cuadros=32554 fallos=189 emitidos=123037 clientes=0 pisados=0 fps=10.0 edad=203 ms conservados=546/14 acopio=0/3 duplicados=0 rechazados=13
[latencia ms promedio/max] lectura=7/10 entrada=62/117 marcadores=25/29 cubos=119/131 proceso=145/157 vista=31/39 al_publicar=207/257
[estado] fase=IDLE cuadros=32581 fallos=189 emitidos=123135 clientes=0 pisados=0 fps=10.0 edad=249 ms conservados=546/14 acopio=0/3 duplicados=0 rechazados=13
[latencia ms promedio/max] lectura=7/8 entrada=58/106 marcadores=24/26 cubos=115/124 proceso=141/151 vista=29/39 al_publicar=199/249
[estado] fase=IDLE cuadros=32609 fallos=189 emitidos=123235 clientes=0 pisados=0 fps=10.0 edad=206 ms conservados=546/14 acopio=0/3 duplicados=0 rechazados=13
[latencia ms promedio/max] lectura=7/9 entrada=67/103 marcadores=25/31 cubos=119/137 proceso=145/165 vista=30/38 al_publicar=212/266
[estado] fase=IDLE cuadros=32637 fallos=189 emitidos=123337 clientes=0 pisados=0 fps=10.0 edad=217 ms conservados=546/14 acopio=0/3 duplicados=0 rechazados=13
[latencia ms promedio/max] lectura=7/9 entrada=61/114 marcadores=24/26 cubos=113/127 proceso=139/152 vista=30/37 al_publicar=199/261
[estado] fase=IDLE cuadros=32665 fallos=189 emitidos=123435 clientes=0 pisados=0 fps=10.0 edad=235 ms conservados=546/14 acopio=0/3 duplicados=0 rechazados=13
[latencia ms promedio/max] lectura=7/9 entrada=50/98 marcadores=25/31 cubos=115/132 proceso=141/159 vista=32/41 al_publicar=191/242
[estado] fase=IDLE cuadros=32693 fallos=189 emitidos=123536 clientes=0 pisados=0 fps=10.0 edad=179 ms conservados=546/14 acopio=0/3 duplicados=0 rechazados=13
[latencia ms promedio/max] lectura=7/9 entrada=61/113 marcadores=25/26 cubos=116/126 proceso=142/151 vista=29/37 al_publicar=203/263
[estado] fase=IDLE cuadros=32721 fallos=189 emitidos=123636 clientes=0 pisados=0 fps=10.0 edad=278 ms conservados=546/14 acopio=0/3 duplicados=0 rechazados=13
[latencia ms promedio/max] lectura=7/8 entrada=53/112 marcadores=25/26 cubos=116/126 proceso=142/153 vista=30/37 al_publicar=195/253
[estado] fase=IDLE cuadros=32749 fallos=189 emitidos=123736 clientes=0 pisados=0 fps=10.0 edad=186 ms conservados=546/14 acopio=0/3 duplicados=0 rechazados=13
[latencia ms promedio/max] lectura=7/8 entrada=61/116 marcadores=25/26 cubos=117/131 proceso=143/158 vista=28/39 al_publicar=204/253
[estado] fase=IDLE cuadros=32777 fallos=189 emitidos=123836 clientes=0 pisados=0 fps=10.0 edad=284 ms conservados=546/14 acopio=0/3 duplicados=0 rechazados=13
[latencia ms promedio/max] lectura=7/9 entrada=57/110 marcadores=26/28 cubos=119/136 proceso=146/165 vista=31/39 al_publicar=204/260
[estado] fase=IDLE cuadros=32804 fallos=189 emitidos=123936 clientes=0 pisados=0 fps=10.0 edad=184 ms conservados=546/14 acopio=0/3 duplicados=0 rechazados=13
[latencia ms promedio/max] lectura=7/10 entrada=55/115 marcadores=24/26 cubos=115/122 proceso=141/148 vista=28/38 al_publicar=196/257
[estado] fase=IDLE cuadros=32832 fallos=189 emitidos=124035 clientes=0 pisados=0 fps=10.0 edad=220 ms conservados=546/14 acopio=0/3 duplicados=0 rechazados=13
[latencia ms promedio/max] lectura=7/8 entrada=58/104 marcadores=58/293 cubos=114/122 proceso=174/410 vista=27/34 al_publicar=231/507
[estado] fase=IDLE cuadros=32856 fallos=189 emitidos=124135 clientes=0 pisados=0 fps=10.0 edad=218 ms conservados=546/14 acopio=0/3 duplicados=0 rechazados=13
[latencia ms promedio/max] lectura=7/8 entrada=44/118 marcadores=103/297 cubos=113/120 proceso=217/415 vista=29/38 al_publicar=262/506
[estado] fase=IDLE cuadros=32876 fallos=189 emitidos=124236 clientes=0 pisados=0 fps=10.0 edad=193 ms conservados=546/14 acopio=0/3 duplicados=0 rechazados=13
[latencia ms promedio/max] lectura=7/8 entrada=53/108 marcadores=83/287 cubos=110/122 proceso=194/405 vista=29/36 al_publicar=247/490
[estado] fase=IDLE cuadros=32898 fallos=189 emitidos=124338 clientes=0 pisados=0 fps=10.0 edad=257 ms conservados=546/14 acopio=0/3 duplicados=0 rechazados=13
[latencia ms promedio/max] lectura=7/8 entrada=56/99 marcadores=135/311 cubos=115/125 proceso=251/427 vista=28/40 al_publicar=308/507
[estado] fase=IDLE cuadros=32915 fallos=189 emitidos=124435 clientes=0 pisados=0 fps=10.0 edad=227 ms conservados=546/14 acopio=0/3 duplicados=0 rechazados=13
[latencia ms promedio/max] lectura=7/9 entrada=63/102 marcadores=59/310 cubos=117/136 proceso=177/413 vista=29/37 al_publicar=240/448
[estado] fase=IDLE cuadros=32939 fallos=189 emitidos=124538 clientes=0 pisados=0 fps=10.0 edad=243 ms conservados=546/14 acopio=0/3 duplicados=1 rechazados=13
[aviso] IDs que aparecieron DUPLICADOS en un mismo cuadro: [37]. Un fantasma con el ID de un marcador de verdad lo pisaría en silencio; se resolvieron 1 midiendo los candidatos y 0 cuadros se descartaron por no poder decidir. Ejemplo: 37 con lados de 13.4, 18.2 mm, ganó 13.4
[aviso] marcadores vistos que NO son ni esquina ni rover declarado, y por eso se descartan: [37]. Si alguno es un robot de verdad, hay que agregarlo a deteccion_rovers.ids_rover; si no, son detecciones falsas de la cuadrícula.
[latencia ms promedio/max] lectura=7/9 entrada=51/102 marcadores=25/28 cubos=112/122 proceso=139/148 vista=30/39 al_publicar=190/244
[estado] fase=IDLE cuadros=32967 fallos=189 emitidos=124636 clientes=0 pisados=0 fps=10.0 edad=193 ms conservados=546/14 acopio=0/3 duplicados=1 rechazados=13
[latencia ms promedio/max] lectura=7/8 entrada=63/115 marcadores=25/28 cubos=115/123 proceso=141/150 vista=28/38 al_publicar=204/255
[estado] fase=IDLE cuadros=32995 fallos=189 emitidos=124735 clientes=0 pisados=0 fps=10.0 edad=232 ms conservados=546/14 acopio=0/3 duplicados=1 rechazados=13
[latencia ms promedio/max] lectura=7/9 entrada=57/110 marcadores=104/333 cubos=123/136 proceso=229/468 vista=31/39 al_publicar=285/578
[estado] fase=IDLE cuadros=33014 fallos=189 emitidos=124837 clientes=0 pisados=0 fps=10.0 edad=215 ms conservados=546/14 acopio=0/3 duplicados=1 rechazados=13
[latencia ms promedio/max] lectura=8/9 entrada=77/113 marcadores=110/339 cubos=127/136 proceso=238/471 vista=31/40 al_publicar=315/573
[estado] fase=IDLE cuadros=33032 fallos=189 emitidos=124937 clientes=0 pisados=0 fps=10.0 edad=202 ms conservados=546/14 acopio=0/3 duplicados=1 rechazados=13
[latencia ms promedio/max] lectura=7/9 entrada=62/116 marcadores=25/27 cubos=119/127 proceso=146/156 vista=30/36 al_publicar=208/271
[estado] fase=IDLE cuadros=33059 fallos=189 emitidos=125036 clientes=0 pisados=0 fps=10.0 edad=254 ms conservados=546/14 acopio=0/3 duplicados=1 rechazados=13
[latencia ms promedio/max] lectura=7/9 entrada=59/106 marcadores=25/29 cubos=120/143 proceso=147/173 vista=28/38 al_publicar=206/256
[estado] fase=IDLE cuadros=33087 fallos=189 emitidos=125138 clientes=0 pisados=0 fps=10.0 edad=261 ms conservados=546/14 acopio=0/3 duplicados=1 rechazados=13
[latencia ms promedio/max] lectura=7/8 entrada=66/111 marcadores=176/307 cubos=112/119 proceso=289/423 vista=27/32 al_publicar=355/514
[estado] fase=IDLE cuadros=33103 fallos=189 emitidos=125241 clientes=0 pisados=0 fps=10.0 edad=538 ms conservados=546/14 acopio=0/3 duplicados=1 rechazados=13
[latencia ms promedio/max] lectura=7/8 entrada=48/97 marcadores=133/299 cubos=113/123 proceso=247/415 vista=29/38 al_publicar=295/484
[estado] fase=IDLE cuadros=33120 fallos=189 emitidos=125338 clientes=0 pisados=0 fps=10.0 edad=255 ms conservados=546/14 acopio=0/3 duplicados=1 rechazados=13
[latencia ms promedio/max] lectura=7/11 entrada=61/104 marcadores=233/299 cubos=107/129 proceso=341/429 vista=31/39 al_publicar=401/500
[estado] fase=IDLE cuadros=33133 fallos=189 emitidos=125436 clientes=0 pisados=0 fps=10.0 edad=495 ms conservados=546/14 acopio=0/3 duplicados=1 rechazados=13
[latencia ms promedio/max] lectura=7/9 entrada=61/100 marcadores=175/285 cubos=103/121 proceso=278/407 vista=27/33 al_publicar=340/459
[estado] fase=IDLE cuadros=33150 fallos=189 emitidos=125543 clientes=0 pisados=0 fps=10.0 edad=493 ms conservados=546/14 acopio=0/3 duplicados=1 rechazados=13
[latencia ms promedio/max] lectura=8/13 entrada=57/101 marcadores=119/261 cubos=97/112 proceso=218/369 vista=26/34 al_publicar=275/455
[estado] fase=IDLE cuadros=33169 fallos=189 emitidos=125638 clientes=0 pisados=0 fps=10.0 edad=379 ms conservados=546/14 acopio=0/3 duplicados=1 rechazados=13
[latencia ms promedio/max] lectura=8/13 entrada=53/112 marcadores=107/315 cubos=105/134 proceso=213/433 vista=28/34 al_publicar=266/496
[estado] fase=IDLE cuadros=33189 fallos=189 emitidos=125738 clientes=0 pisados=0 fps=10.0 edad=376 ms conservados=546/14 acopio=0/3 duplicados=1 rechazados=13
[latencia ms promedio/max] lectura=8/14 entrada=53/111 marcadores=144/264 cubos=95/106 proceso=240/363 vista=27/34 al_publicar=293/437
[estado] fase=IDLE cuadros=33208 fallos=189 emitidos=125842 clientes=0 pisados=0 fps=10.0 edad=403 ms conservados=546/14 acopio=0/3 duplicados=1 rechazados=13
[latencia ms promedio/max] lectura=7/11 entrada=51/84 marcadores=164/264 cubos=102/113 proceso=267/361 vista=29/34 al_publicar=318/433
[estado] fase=IDLE cuadros=33224 fallos=189 emitidos=125939 clientes=0 pisados=0 fps=10.0 edad=457 ms conservados=546/14 acopio=0/3 duplicados=1 rechazados=13
[latencia ms promedio/max] lectura=7/12 entrada=43/111 marcadores=182/261 cubos=99/106 proceso=281/364 vista=26/33 al_publicar=324/423
[estado] fase=IDLE cuadros=33240 fallos=189 emitidos=126040 clientes=0 pisados=0 fps=10.0 edad=401 ms conservados=546/14 acopio=0/3 duplicados=1 rechazados=13
[latencia ms promedio/max] lectura=7/10 entrada=49/88 marcadores=128/259 cubos=100/120 proceso=229/360 vista=28/35 al_publicar=278/427
[estado] fase=IDLE cuadros=33259 fallos=189 emitidos=126141 clientes=0 pisados=0 fps=10.0 edad=412 ms conservados=546/14 acopio=0/3 duplicados=1 rechazados=13
[latencia ms promedio/max] lectura=7/11 entrada=46/99 marcadores=108/262 cubos=106/127 proceso=216/363 vista=27/35 al_publicar=262/431
[estado] fase=IDLE cuadros=33278 fallos=189 emitidos=126236 clientes=0 pisados=0 fps=10.0 edad=271 ms conservados=546/14 acopio=0/3 duplicados=1 rechazados=13
[aviso] marcadores vistos que NO son ni esquina ni rover declarado, y por eso se descartan: [17]. Si alguno es un robot de verdad, hay que agregarlo a deteccion_rovers.ids_rover; si no, son detecciones falsas de la cuadrícula.
[latencia ms promedio/max] lectura=7/9 entrada=65/110 marcadores=168/333 cubos=124/142 proceso=294/465 vista=31/40 al_publicar=358/539
[estado] fase=IDLE cuadros=33293 fallos=189 emitidos=126336 clientes=0 pisados=0 fps=10.0 edad=460 ms conservados=546/14 acopio=0/3 duplicados=1 rechazados=13
[aviso] marcadores vistos que NO son ni esquina ni rover declarado, y por eso se descartan: [17]. Si alguno es un robot de verdad, hay que agregarlo a deteccion_rovers.ids_rover; si no, son detecciones falsas de la cuadrícula.
[latencia ms promedio/max] lectura=7/9 entrada=53/93 marcadores=121/296 cubos=118/129 proceso=241/416 vista=29/38 al_publicar=294/504
[estado] fase=IDLE cuadros=33312 fallos=189 emitidos=126441 clientes=0 pisados=0 fps=10.0 edad=522 ms conservados=546/14 acopio=0/3 duplicados=1 rechazados=13
[latencia ms promedio/max] lectura=7/8 entrada=57/117 marcadores=155/301 cubos=119/125 proceso=275/416 vista=30/38 al_publicar=332/521
[estado] fase=IDLE cuadros=33328 fallos=189 emitidos=126541 clientes=0 pisados=0 fps=10.0 edad=521 ms conservados=546/14 acopio=0/3 duplicados=1 rechazados=13
[latencia ms promedio/max] lectura=7/7 entrada=50/100 marcadores=125/289 cubos=116/123 proceso=242/413 vista=30/38 al_publicar=292/494
[estado] fase=IDLE cuadros=33346 fallos=189 emitidos=126641 clientes=0 pisados=0 fps=10.0 edad=434 ms conservados=546/14 acopio=0/3 duplicados=1 rechazados=13
[latencia ms promedio/max] lectura=7/8 entrada=61/102 marcadores=111/291 cubos=114/128 proceso=227/405 vista=30/37 al_publicar=288/496
[estado] fase=IDLE cuadros=33364 fallos=189 emitidos=126736 clientes=0 pisados=0 fps=10.0 edad=269 ms conservados=546/14 acopio=0/3 duplicados=1 rechazados=13
[latencia ms promedio/max] lectura=7/8 entrada=48/105 marcadores=102/289 cubos=115/127 proceso=218/405 vista=30/38 al_publicar=267/441
[estado] fase=IDLE cuadros=33384 fallos=189 emitidos=126838 clientes=0 pisados=0 fps=10.0 edad=273 ms conservados=546/14 acopio=0/3 duplicados=1 rechazados=13
[latencia ms promedio/max] lectura=7/8 entrada=47/94 marcadores=195/328 cubos=119/139 proceso=316/464 vista=31/39 al_publicar=363/508
[estado] fase=IDLE cuadros=33398 fallos=189 emitidos=126937 clientes=0 pisados=0 fps=10.0 edad=435 ms conservados=546/14 acopio=0/3 duplicados=1 rechazados=13
[latencia ms promedio/max] lectura=7/8 entrada=53/96 marcadores=195/291 cubos=114/123 proceso=311/403 vista=29/37 al_publicar=364/500
[estado] fase=IDLE cuadros=33413 fallos=189 emitidos=127041 clientes=0 pisados=0 fps=10.0 edad=446 ms conservados=546/14 acopio=0/3 duplicados=1 rechazados=13
[latencia ms promedio/max] lectura=7/8 entrada=64/110 marcadores=239/295 cubos=117/126 proceso=357/414 vista=30/38 al_publicar=421/524
[estado] fase=IDLE cuadros=33425 fallos=189 emitidos=127136 clientes=0 pisados=0 fps=10.0 edad=469 ms conservados=546/14 acopio=0/3 duplicados=1 rechazados=13
[latencia ms promedio/max] lectura=7/9 entrada=50/108 marcadores=188/325 cubos=122/138 proceso=311/460 vista=31/38 al_publicar=361/488
[estado] fase=IDLE cuadros=33440 fallos=189 emitidos=127241 clientes=0 pisados=0 fps=10.0 edad=511 ms conservados=546/14 acopio=0/3 duplicados=1 rechazados=13
[latencia ms promedio/max] lectura=8/9 entrada=26/103 marcadores=144/336 cubos=129/138 proceso=274/467 vista=32/41 al_publicar=300/487
[estado] fase=IDLE cuadros=33455 fallos=189 emitidos=127335 clientes=0 pisados=0 fps=10.0 edad=222 ms conservados=546/14 acopio=0/3 duplicados=1 rechazados=13
[latencia ms promedio/max] lectura=7/9 entrada=59/104 marcadores=57/289 cubos=115/134 proceso=174/407 vista=27/35 al_publicar=233/485
[estado] fase=IDLE cuadros=33479 fallos=189 emitidos=127435 clientes=0 pisados=0 fps=10.0 edad=228 ms conservados=546/14 acopio=0/3 duplicados=1 rechazados=13
[latencia ms promedio/max] lectura=7/9 entrada=65/115 marcadores=86/329 cubos=119/139 proceso=207/466 vista=29/35 al_publicar=272/562
[estado] fase=IDLE cuadros=33501 fallos=189 emitidos=127542 clientes=0 pisados=0 fps=10.0 edad=487 ms conservados=546/14 acopio=0/3 duplicados=1 rechazados=13
[latencia ms promedio/max] lectura=7/8 entrada=49/98 marcadores=94/293 cubos=113/126 proceso=208/408 vista=29/36 al_publicar=257/504
[estado] fase=IDLE cuadros=33520 fallos=189 emitidos=127635 clientes=0 pisados=0 fps=10.0 edad=232 ms conservados=546/14 acopio=0/3 duplicados=1 rechazados=14
[aviso] marcadores rechazados por no ser plausibles: 1 por tamaño. No pueden ser marcadores de esta cancha: el detector los inventa sobre la cuadrícula del tablero. Ejemplo: ID 10 rechazado por tamaño, midió 13.7 mm donde se esperaban 42.0, en la celda (1.0, 21.1)
[latencia ms promedio/max] lectura=7/8 entrada=59/101 marcadores=100/301 cubos=114/122 proceso=216/414 vista=29/38 al_publicar=275/493
[estado] fase=IDLE cuadros=33541 fallos=189 emitidos=127741 clientes=0 pisados=0 fps=10.0 edad=521 ms conservados=546/14 acopio=0/3 duplicados=1 rechazados=14
[latencia ms promedio/max] lectura=7/8 entrada=52/103 marcadores=194/308 cubos=111/118 proceso=307/417 vista=28/33 al_publicar=359/500
[estado] fase=IDLE cuadros=33555 fallos=189 emitidos=127837 clientes=0 pisados=0 fps=10.0 edad=517 ms conservados=546/14 acopio=0/3 duplicados=1 rechazados=14
[latencia ms promedio/max] lectura=7/8 entrada=50/100 marcadores=125/316 cubos=115/125 proceso=242/438 vista=28/36 al_publicar=292/516
[estado] fase=IDLE cuadros=33574 fallos=189 emitidos=127942 clientes=0 pisados=0 fps=10.0 edad=491 ms conservados=546/14 acopio=0/3 duplicados=1 rechazados=14
[latencia ms promedio/max] lectura=7/8 entrada=59/101 marcadores=77/289 cubos=116/127 proceso=195/402 vista=30/38 al_publicar=254/465
[estado] fase=IDLE cuadros=33594 fallos=189 emitidos=128035 clientes=0 pisados=0 fps=10.0 edad=232 ms conservados=546/14 acopio=0/3 duplicados=1 rechazados=14
[latencia ms promedio/max] lectura=7/9 entrada=50/97 marcadores=199/325 cubos=119/141 proceso=320/455 vista=31/42 al_publicar=370/490
[estado] fase=IDLE cuadros=33608 fallos=189 emitidos=128136 clientes=0 pisados=0 fps=10.0 edad=454 ms conservados=546/14 acopio=0/3 duplicados=1 rechazados=14
[latencia ms promedio/max] lectura=7/8 entrada=62/98 marcadores=124/293 cubos=115/124 proceso=241/413 vista=28/37 al_publicar=303/495
[estado] fase=IDLE cuadros=33626 fallos=189 emitidos=128235 clientes=0 pisados=0 fps=10.0 edad=520 ms conservados=546/14 acopio=0/3 duplicados=1 rechazados=14
[latencia ms promedio/max] lectura=7/8 entrada=54/93 marcadores=210/295 cubos=115/134 proceso=327/410 vista=31/39 al_publicar=381/497
[estado] fase=IDLE cuadros=33640 fallos=189 emitidos=128337 clientes=0 pisados=0 fps=10.0 edad=431 ms conservados=546/14 acopio=0/3 duplicados=1 rechazados=14
[latencia ms promedio/max] lectura=7/8 entrada=56/108 marcadores=103/293 cubos=114/128 proceso=218/420 vista=29/39 al_publicar=274/521
[estado] fase=IDLE cuadros=33660 fallos=189 emitidos=128439 clientes=0 pisados=0 fps=10.0 edad=433 ms conservados=546/14 acopio=0/3 duplicados=1 rechazados=14
[latencia ms promedio/max] lectura=7/8 entrada=45/80 marcadores=151/308 cubos=112/120 proceso=264/428 vista=29/39 al_publicar=309/502
[estado] fase=IDLE cuadros=33677 fallos=189 emitidos=128541 clientes=0 pisados=0 fps=10.0 edad=528 ms conservados=546/14 acopio=0/3 duplicados=1 rechazados=14
[latencia ms promedio/max] lectura=7/8 entrada=59/102 marcadores=74/306 cubos=117/130 proceso=193/420 vista=28/37 al_publicar=252/507
[estado] fase=IDLE cuadros=33698 fallos=189 emitidos=128637 clientes=0 pisados=0 fps=10.0 edad=226 ms conservados=546/14 acopio=0/3 duplicados=1 rechazados=14
[latencia ms promedio/max] lectura=8/9 entrada=51/101 marcadores=101/324 cubos=130/139 proceso=233/463 vista=34/40 al_publicar=285/522
[estado] fase=IDLE cuadros=33717 fallos=189 emitidos=128742 clientes=0 pisados=0 fps=10.0 edad=549 ms conservados=546/14 acopio=0/3 duplicados=1 rechazados=14
[aviso] marcadores vistos que NO son ni esquina ni rover declarado, y por eso se descartan: [17]. Si alguno es un robot de verdad, hay que agregarlo a deteccion_rovers.ids_rover; si no, son detecciones falsas de la cuadrícula.
[latencia ms promedio/max] lectura=7/9 entrada=57/100 marcadores=157/329 cubos=121/139 proceso=279/468 vista=31/38 al_publicar=336/522
[estado] fase=IDLE cuadros=33732 fallos=189 emitidos=128837 clientes=0 pisados=0 fps=10.0 edad=513 ms conservados=546/14 acopio=0/3 duplicados=1 rechazados=14
[latencia ms promedio/max] lectura=7/8 entrada=51/105 marcadores=85/289 cubos=115/122 proceso=201/411 vista=28/36 al_publicar=252/492
[estado] fase=IDLE cuadros=33753 fallos=189 emitidos=128936 clientes=0 pisados=0 fps=10.0 edad=178 ms conservados=546/14 acopio=0/3 duplicados=1 rechazados=14
[latencia ms promedio/max] lectura=7/8 entrada=51/94 marcadores=145/290 cubos=115/131 proceso=261/403 vista=29/39 al_publicar=313/492
[estado] fase=IDLE cuadros=33770 fallos=189 emitidos=129037 clientes=0 pisados=0 fps=10.0 edad=528 ms conservados=546/14 acopio=0/3 duplicados=1 rechazados=14
[latencia ms promedio/max] lectura=7/8 entrada=51/103 marcadores=147/293 cubos=113/123 proceso=261/414 vista=31/37 al_publicar=312/497
[estado] fase=IDLE cuadros=33787 fallos=189 emitidos=129139 clientes=0 pisados=0 fps=10.0 edad=526 ms conservados=546/14 acopio=0/3 duplicados=1 rechazados=15
[aviso] marcadores rechazados por no ser plausibles: 1 por tamaño. No pueden ser marcadores de esta cancha: el detector los inventa sobre la cuadrícula del tablero. Ejemplo: ID 10 rechazado por tamaño, midió 13.7 mm donde se esperaban 42.0, en la celda (2.9, 31.1)
[latencia ms promedio/max] lectura=7/8 entrada=65/104 marcadores=101/289 cubos=113/125 proceso=215/410 vista=29/37 al_publicar=280/509
[estado] fase=IDLE cuadros=33807 fallos=189 emitidos=129239 clientes=0 pisados=0 fps=10.0 edad=448 ms conservados=546/14 acopio=0/3 duplicados=1 rechazados=15
[latencia ms promedio/max] lectura=9/13 entrada=56/116 marcadores=56/320 cubos=107/146 proceso=165/459 vista=26/37 al_publicar=220/559
[estado] fase=IDLE cuadros=33831 fallos=189 emitidos=129335 clientes=0 pisados=0 fps=10.0 edad=238 ms conservados=546/14 acopio=0/3 duplicados=1 rechazados=15
[latencia ms promedio/max] lectura=9/13 entrada=63/116 marcadores=84/267 cubos=97/125 proceso=182/373 vista=26/33 al_publicar=245/444
[estado] fase=IDLE cuadros=33854 fallos=189 emitidos=129435 clientes=0 pisados=0 fps=10.0 edad=236 ms conservados=546/14 acopio=0/3 duplicados=1 rechazados=15
[latencia ms promedio/max] lectura=7/12 entrada=58/99 marcadores=71/272 cubos=103/117 proceso=175/379 vista=28/33 al_publicar=234/458
[estado] fase=IDLE cuadros=33878 fallos=189 emitidos=129536 clientes=0 pisados=0 fps=10.0 edad=398 ms conservados=546/14 acopio=0/3 duplicados=1 rechazados=15
[latencia ms promedio/max] lectura=7/11 entrada=75/117 marcadores=189/316 cubos=106/127 proceso=296/444 vista=27/37 al_publicar=372/523
[estado] fase=IDLE cuadros=33893 fallos=189 emitidos=129636 clientes=0 pisados=0 fps=10.0 edad=558 ms conservados=546/14 acopio=0/3 duplicados=1 rechazados=15
[latencia ms promedio/max] lectura=8/10 entrada=55/98 marcadores=159/334 cubos=122/139 proceso=283/470 vista=28/37 al_publicar=338/543
[estado] fase=IDLE cuadros=33910 fallos=189 emitidos=129744 clientes=0 pisados=0 fps=10.0 edad=570 ms conservados=546/14 acopio=0/3 duplicados=1 rechazados=15
[latencia ms promedio/max] lectura=7/11 entrada=63/115 marcadores=168/274 cubos=99/104 proceso=268/380 vista=26/33 al_publicar=331/488
[estado] fase=IDLE cuadros=33925 fallos=189 emitidos=129835 clientes=0 pisados=0 fps=10.0 edad=399 ms conservados=546/14 acopio=0/3 duplicados=1 rechazados=15
[latencia ms promedio/max] lectura=7/13 entrada=59/112 marcadores=161/341 cubos=105/139 proceso=267/448 vista=28/39 al_publicar=325/547
[estado] fase=IDLE cuadros=33942 fallos=189 emitidos=129937 clientes=0 pisados=0 fps=10.0 edad=442 ms conservados=546/14 acopio=0/3 duplicados=1 rechazados=15
[latencia ms promedio/max] lectura=9/15 entrada=48/90 marcadores=208/268 cubos=98/107 proceso=308/371 vista=28/35 al_publicar=356/453
[estado] fase=IDLE cuadros=33957 fallos=189 emitidos=130041 clientes=0 pisados=0 fps=10.0 edad=422 ms conservados=546/14 acopio=0/3 duplicados=1 rechazados=15
[latencia ms promedio/max] lectura=8/10 entrada=42/92 marcadores=169/270 cubos=102/107 proceso=271/372 vista=27/33 al_publicar=313/431
[estado] fase=IDLE cuadros=33973 fallos=189 emitidos=130139 clientes=0 pisados=0 fps=10.0 edad=410 ms conservados=546/14 acopio=0/3 duplicados=1 rechazados=15
[latencia ms promedio/max] lectura=7/13 entrada=68/105 marcadores=209/273 cubos=103/120 proceso=314/394 vista=28/33 al_publicar=381/468
[estado] fase=IDLE cuadros=33987 fallos=189 emitidos=130236 clientes=0 pisados=0 fps=10.0 edad=488 ms conservados=546/14 acopio=0/3 duplicados=1 rechazados=15
[aviso] marcadores vistos que NO son ni esquina ni rover declarado, y por eso se descartan: [17]. Si alguno es un robot de verdad, hay que agregarlo a deteccion_rovers.ids_rover; si no, son detecciones falsas de la cuadrícula.
[latencia ms promedio/max] lectura=9/13 entrada=73/107 marcadores=245/285 cubos=105/125 proceso=351/396 vista=28/34 al_publicar=425/503
[estado] fase=IDLE cuadros=34000 fallos=189 emitidos=130338 clientes=0 pisados=0 fps=10.0 edad=452 ms conservados=546/14 acopio=0/3 duplicados=1 rechazados=15
[aviso] marcadores vistos que NO son ni esquina ni rover declarado, y por eso se descartan: [17]. Si alguno es un robot de verdad, hay que agregarlo a deteccion_rovers.ids_rover; si no, son detecciones falsas de la cuadrícula.
[latencia ms promedio/max] lectura=8/11 entrada=48/96 marcadores=184/310 cubos=108/127 proceso=293/435 vista=29/35 al_publicar=341/469
[estado] fase=IDLE cuadros=34015 fallos=189 emitidos=130437 clientes=0 pisados=0 fps=10.0 edad=505 ms conservados=546/14 acopio=0/3 duplicados=1 rechazados=15
[latencia ms promedio/max] lectura=7/9 entrada=48/110 marcadores=204/335 cubos=122/133 proceso=327/468 vista=32/37 al_publicar=376/518
[estado] fase=IDLE cuadros=34029 fallos=189 emitidos=130539 clientes=0 pisados=0 fps=10.0 edad=550 ms conservados=546/14 acopio=0/3 duplicados=1 rechazados=15
[aviso] marcadores vistos que NO son ni esquina ni rover declarado, y por eso se descartan: [17]. Si alguno es un robot de verdad, hay que agregarlo a deteccion_rovers.ids_rover; si no, son detecciones falsas de la cuadrícula.
[latencia ms promedio/max] lectura=7/11 entrada=53/117 marcadores=132/304 cubos=112/125 proceso=245/421 vista=31/37 al_publicar=298/503
[estado] fase=IDLE cuadros=34046 fallos=189 emitidos=130636 clientes=0 pisados=0 fps=10.0 edad=171 ms conservados=546/14 acopio=0/3 duplicados=1 rechazados=15
[latencia ms promedio/max] lectura=7/12 entrada=59/116 marcadores=107/273 cubos=103/118 proceso=211/375 vista=28/39 al_publicar=270/485
[estado] fase=IDLE cuadros=34066 fallos=189 emitidos=130735 clientes=0 pisados=0 fps=10.0 edad=202 ms conservados=546/14 acopio=0/3 duplicados=1 rechazados=15
[latencia ms promedio/max] lectura=8/14 entrada=45/95 marcadores=57/329 cubos=111/145 proceso=169/456 vista=29/41 al_publicar=214/552
[estado] fase=IDLE cuadros=34091 fallos=189 emitidos=130838 clientes=0 pisados=0 fps=10.0 edad=255 ms conservados=546/14 acopio=0/3 duplicados=1 rechazados=15
[latencia ms promedio/max] lectura=7/8 entrada=49/120 marcadores=23/26 cubos=109/127 proceso=133/147 vista=27/37 al_publicar=183/268
[estado] fase=IDLE cuadros=34120 fallos=189 emitidos=130935 clientes=0 pisados=0 fps=10.0 edad=204 ms conservados=546/14 acopio=0/3 duplicados=1 rechazados=15
[latencia ms promedio/max] lectura=7/11 entrada=55/110 marcadores=21/28 cubos=99/117 proceso=121/144 vista=27/36 al_publicar=176/243
[estado] fase=IDLE cuadros=34153 fallos=189 emitidos=131038 clientes=0 pisados=0 fps=10.0 edad=250 ms conservados=546/14 acopio=0/3 duplicados=1 rechazados=15
[latencia ms promedio/max] lectura=7/12 entrada=53/96 marcadores=23/29 cubos=105/139 proceso=129/169 vista=27/39 al_publicar=182/242
[estado] fase=IDLE cuadros=34183 fallos=189 emitidos=131136 clientes=0 pisados=0 fps=10.0 edad=178 ms conservados=546/14 acopio=0/3 duplicados=1 rechazados=15
[latencia ms promedio/max] lectura=8/14 entrada=66/116 marcadores=22/28 cubos=104/133 proceso=127/160 vista=27/37 al_publicar=193/252
[estado] fase=IDLE cuadros=34214 fallos=189 emitidos=131237 clientes=0 pisados=0 fps=10.0 edad=210 ms conservados=546/14 acopio=0/3 duplicados=1 rechazados=15
[latencia ms promedio/max] lectura=8/13 entrada=52/110 marcadores=22/27 cubos=98/107 proceso=121/131 vista=27/36 al_publicar=174/236
[estado] fase=IDLE cuadros=34246 fallos=189 emitidos=131337 clientes=0 pisados=0 fps=10.0 edad=200 ms conservados=546/14 acopio=0/3 duplicados=1 rechazados=15
[latencia ms promedio/max] lectura=7/13 entrada=59/112 marcadores=22/26 cubos=100/121 proceso=123/148 vista=26/34 al_publicar=182/246
[estado] fase=IDLE cuadros=34278 fallos=189 emitidos=131437 clientes=0 pisados=0 fps=10.0 edad=210 ms conservados=546/14 acopio=0/3 duplicados=1 rechazados=15
[latencia ms promedio/max] lectura=7/13 entrada=55/101 marcadores=21/26 cubos=96/110 proceso=118/133 vista=27/37 al_publicar=173/230
[estado] fase=IDLE cuadros=34311 fallos=189 emitidos=131537 clientes=0 pisados=0 fps=10.0 edad=224 ms conservados=546/14 acopio=0/3 duplicados=1 rechazados=15
[latencia ms promedio/max] lectura=8/14 entrada=55/116 marcadores=22/26 cubos=101/114 proceso=124/139 vista=27/35 al_publicar=179/242
[estado] fase=IDLE cuadros=34342 fallos=189 emitidos=131636 clientes=0 pisados=0 fps=10.0 edad=164 ms conservados=546/14 acopio=0/3 duplicados=1 rechazados=15
[latencia ms promedio/max] lectura=8/13 entrada=55/105 marcadores=32/263 cubos=105/137 proceso=138/368 vista=28/40 al_publicar=193/461
[estado] fase=IDLE cuadros=34371 fallos=189 emitidos=131737 clientes=0 pisados=0 fps=10.0 edad=210 ms conservados=546/14 acopio=0/3 duplicados=1 rechazados=15
[latencia ms promedio/max] lectura=8/13 entrada=60/101 marcadores=174/270 cubos=99/108 proceso=274/374 vista=27/34 al_publicar=334/465
[estado] fase=IDLE cuadros=34388 fallos=189 emitidos=131842 clientes=0 pisados=0 fps=10.0 edad=486 ms conservados=546/14 acopio=0/3 duplicados=1 rechazados=15
[latencia ms promedio/max] lectura=8/11 entrada=55/112 marcadores=182/267 cubos=98/111 proceso=281/379 vista=25/33 al_publicar=336/481
[estado] fase=IDLE cuadros=34403 fallos=189 emitidos=131936 clientes=0 pisados=0 fps=10.0 edad=183 ms conservados=546/14 acopio=0/3 duplicados=1 rechazados=15
[latencia ms promedio/max] lectura=8/13 entrada=58/96 marcadores=211/273 cubos=102/106 proceso=314/376 vista=30/33 al_publicar=372/467
[estado] fase=IDLE cuadros=34417 fallos=189 emitidos=132035 clientes=0 pisados=0 fps=10.0 edad=214 ms conservados=546/14 acopio=0/3 duplicados=1 rechazados=15
[aviso] marcadores vistos que NO son ni esquina ni rover declarado, y por eso se descartan: [37]. Si alguno es un robot de verdad, hay que agregarlo a deteccion_rovers.ids_rover; si no, son detecciones falsas de la cuadrícula.
[latencia ms promedio/max] lectura=8/9 entrada=48/104 marcadores=241/334 cubos=117/130 proceso=360/461 vista=30/37 al_publicar=407/527
[estado] fase=IDLE cuadros=34430 fallos=189 emitidos=132138 clientes=0 pisados=0 fps=10.0 edad=482 ms conservados=546/14 acopio=0/3 duplicados=1 rechazados=15
[aviso] marcadores vistos que NO son ni esquina ni rover declarado, y por eso se descartan: [17]. Si alguno es un robot de verdad, hay que agregarlo a deteccion_rovers.ids_rover; si no, son detecciones falsas de la cuadrícula.
[latencia ms promedio/max] lectura=7/11 entrada=74/114 marcadores=227/335 cubos=107/147 proceso=335/473 vista=29/41 al_publicar=409/562
[estado] fase=IDLE cuadros=34443 fallos=189 emitidos=132235 clientes=0 pisados=0 fps=10.0 edad=403 ms conservados=546/14 acopio=0/3 duplicados=1 rechazados=15
[latencia ms promedio/max] lectura=7/10 entrada=45/83 marcadores=191/346 cubos=103/130 proceso=295/472 vista=29/42 al_publicar=339/549
[estado] fase=IDLE cuadros=34459 fallos=189 emitidos=132341 clientes=0 pisados=0 fps=10.0 edad=399 ms conservados=546/14 acopio=0/3 duplicados=1 rechazados=15
[latencia ms promedio/max] lectura=8/11 entrada=54/95 marcadores=226/270 cubos=101/108 proceso=328/373 vista=31/35 al_publicar=383/453
[estado] fase=IDLE cuadros=34472 fallos=189 emitidos=132436 clientes=0 pisados=0 fps=10.0 edad=466 ms conservados=546/14 acopio=0/3 duplicados=1 rechazados=15
[latencia ms promedio/max] lectura=8/12 entrada=57/97 marcadores=195/270 cubos=105/125 proceso=301/375 vista=28/35 al_publicar=358/459
[estado] fase=IDLE cuadros=34487 fallos=189 emitidos=132537 clientes=0 pisados=0 fps=10.0 edad=220 ms conservados=546/14 acopio=0/3 duplicados=1 rechazados=15
[aviso] marcadores vistos que NO son ni esquina ni rover declarado, y por eso se descartan: [17]. Si alguno es un robot de verdad, hay que agregarlo a deteccion_rovers.ids_rover; si no, son detecciones falsas de la cuadrícula.
[latencia ms promedio/max] lectura=8/13 entrada=54/113 marcadores=32/284 cubos=106/141 proceso=139/395 vista=28/36 al_publicar=193/419
[estado] fase=IDLE cuadros=34516 fallos=189 emitidos=132638 clientes=0 pisados=0 fps=10.0 edad=295 ms conservados=546/14 acopio=0/3 duplicados=1 rechazados=15
[aviso] marcadores vistos que NO son ni esquina ni rover declarado, y por eso se descartan: [37]. Si alguno es un robot de verdad, hay que agregarlo a deteccion_rovers.ids_rover; si no, son detecciones falsas de la cuadrícula.
[latencia ms promedio/max] lectura=7/9 entrada=56/108 marcadores=36/310 cubos=120/135 proceso=157/447 vista=31/41 al_publicar=213/544
[estado] fase=IDLE cuadros=34541 fallos=189 emitidos=132736 clientes=0 pisados=0 fps=10.0 edad=265 ms conservados=546/14 acopio=0/3 duplicados=1 rechazados=15
[latencia ms promedio/max] lectura=7/9 entrada=56/107 marcadores=25/28 cubos=118/137 proceso=144/167 vista=29/38 al_publicar=200/258
[estado] fase=IDLE cuadros=34569 fallos=189 emitidos=132837 clientes=0 pisados=0 fps=10.0 edad=219 ms conservados=546/14 acopio=0/3 duplicados=1 rechazados=15
[latencia ms promedio/max] lectura=7/9 entrada=55/115 marcadores=25/29 cubos=120/134 proceso=147/163 vista=30/39 al_publicar=202/276
[estado] fase=IDLE cuadros=34596 fallos=189 emitidos=132936 clientes=0 pisados=0 fps=10.0 edad=283 ms conservados=546/14 acopio=0/3 duplicados=1 rechazados=15
[latencia ms promedio/max] lectura=7/9 entrada=60/108 marcadores=34/292 cubos=113/126 proceso=148/406 vista=27/38 al_publicar=208/430
[estado] fase=IDLE cuadros=34623 fallos=189 emitidos=133035 clientes=0 pisados=0 fps=10.0 edad=236 ms conservados=546/14 acopio=0/3 duplicados=1 rechazados=15
[latencia ms promedio/max] lectura=7/8 entrada=55/111 marcadores=58/303 cubos=112/124 proceso=172/413 vista=28/38 al_publicar=227/496
[estado] fase=IDLE cuadros=34647 fallos=189 emitidos=133135 clientes=0 pisados=0 fps=10.0 edad=202 ms conservados=546/14 acopio=0/3 duplicados=1 rechazados=15
[latencia ms promedio/max] lectura=7/9 entrada=50/108 marcadores=88/301 cubos=115/125 proceso=205/422 vista=29/37 al_publicar=256/478
[estado] fase=IDLE cuadros=34668 fallos=189 emitidos=133236 clientes=0 pisados=0 fps=10.0 edad=186 ms conservados=546/14 acopio=0/3 duplicados=1 rechazados=15
[latencia ms promedio/max] lectura=7/8 entrada=50/109 marcadores=69/295 cubos=114/123 proceso=184/412 vista=28/36 al_publicar=235/493
[estado] fase=IDLE cuadros=34691 fallos=189 emitidos=133337 clientes=0 pisados=0 fps=10.0 edad=236 ms conservados=546/14 acopio=0/3 duplicados=1 rechazados=15
[latencia ms promedio/max] lectura=7/9 entrada=56/112 marcadores=159/308 cubos=116/125 proceso=277/433 vista=29/35 al_publicar=334/520
[estado] fase=IDLE cuadros=34707 fallos=189 emitidos=133438 clientes=0 pisados=0 fps=10.0 edad=258 ms conservados=546/14 acopio=0/3 duplicados=1 rechazados=15
[latencia ms promedio/max] lectura=7/9 entrada=55/99 marcadores=202/341 cubos=120/143 proceso=323/472 vista=30/39 al_publicar=378/526
[estado] fase=IDLE cuadros=34721 fallos=189 emitidos=133539 clientes=0 pisados=0 fps=10.0 edad=513 ms conservados=546/14 acopio=0/3 duplicados=1 rechazados=15
[latencia ms promedio/max] lectura=7/8 entrada=60/108 marcadores=147/293 cubos=114/122 proceso=263/411 vista=29/37 al_publicar=323/498
[estado] fase=IDLE cuadros=34738 fallos=189 emitidos=133640 clientes=0 pisados=0 fps=10.0 edad=496 ms conservados=546/14 acopio=0/3 duplicados=1 rechazados=15
[latencia ms promedio/max] lectura=7/8 entrada=58/110 marcadores=34/286 cubos=114/124 proceso=150/396 vista=30/39 al_publicar=208/422
[estado] fase=IDLE cuadros=34764 fallos=189 emitidos=133738 clientes=0 pisados=0 fps=10.0 edad=243 ms conservados=546/14 acopio=0/3 duplicados=1 rechazados=15
[latencia ms promedio/max] lectura=7/9 entrada=60/114 marcadores=69/295 cubos=113/126 proceso=184/412 vista=28/39 al_publicar=244/516
[estado] fase=IDLE cuadros=34787 fallos=189 emitidos=133839 clientes=0 pisados=0 fps=10.0 edad=497 ms conservados=546/14 acopio=0/3 duplicados=1 rechazados=15
[latencia ms promedio/max] lectura=7/8 entrada=50/102 marcadores=87/298 cubos=115/127 proceso=203/418 vista=30/39 al_publicar=253/514
[estado] fase=IDLE cuadros=34808 fallos=189 emitidos=133939 clientes=0 pisados=0 fps=10.0 edad=552 ms conservados=546/14 acopio=0/3 duplicados=1 rechazados=15
[aviso] marcadores vistos que NO son ni esquina ni rover declarado, y por eso se descartan: [37]. Si alguno es un robot de verdad, hay que agregarlo a deteccion_rovers.ids_rover; si no, son detecciones falsas de la cuadrícula.
[latencia ms promedio/max] lectura=7/8 entrada=55/103 marcadores=25/27 cubos=117/128 proceso=143/155 vista=29/39 al_publicar=199/253
[estado] fase=IDLE cuadros=34835 fallos=189 emitidos=134036 clientes=0 pisados=0 fps=10.0 edad=188 ms conservados=546/14 acopio=0/3 duplicados=1 rechazados=15
[latencia ms promedio/max] lectura=7/9 entrada=64/104 marcadores=48/291 cubos=119/138 proceso=168/405 vista=32/40 al_publicar=232/509
[estado] fase=IDLE cuadros=34859 fallos=189 emitidos=134136 clientes=0 pisados=0 fps=10.0 edad=255 ms conservados=546/14 acopio=0/3 duplicados=1 rechazados=15
[latencia ms promedio/max] lectura=7/8 entrada=49/102 marcadores=86/292 cubos=115/121 proceso=202/412 vista=28/38 al_publicar=251/506
[estado] fase=IDLE cuadros=34880 fallos=189 emitidos=134236 clientes=0 pisados=0 fps=10.0 edad=442 ms conservados=546/14 acopio=0/3 duplicados=1 rechazados=15
[latencia ms promedio/max] lectura=7/9 entrada=60/108 marcadores=73/298 cubos=114/124 proceso=188/422 vista=31/38 al_publicar=249/490
[estado] fase=IDLE cuadros=34902 fallos=189 emitidos=134335 clientes=0 pisados=0 fps=10.0 edad=522 ms conservados=546/14 acopio=0/3 duplicados=1 rechazados=15
[latencia ms promedio/max] lectura=7/8 entrada=58/96 marcadores=158/297 cubos=118/129 proceso=278/413 vista=29/39 al_publicar=336/501
[estado] fase=IDLE cuadros=34918 fallos=189 emitidos=134436 clientes=0 pisados=0 fps=10.0 edad=446 ms conservados=546/14 acopio=0/3 duplicados=1 rechazados=15
[latencia ms promedio/max] lectura=8/9 entrada=52/114 marcadores=121/331 cubos=128/138 proceso=251/462 vista=32/39 al_publicar=303/565
[estado] fase=IDLE cuadros=34936 fallos=189 emitidos=134540 clientes=0 pisados=0 fps=10.0 edad=587 ms conservados=546/14 acopio=0/3 duplicados=1 rechazados=15
[aviso] marcadores vistos que NO son ni esquina ni rover declarado, y por eso se descartan: [37]. Si alguno es un robot de verdad, hay que agregarlo a deteccion_rovers.ids_rover; si no, son detecciones falsas de la cuadrícula.
[latencia ms promedio/max] lectura=8/9 entrada=70/95 marcadores=137/334 cubos=122/139 proceso=260/471 vista=30/37 al_publicar=330/550
[estado] fase=IDLE cuadros=34952 fallos=189 emitidos=134635 clientes=0 pisados=0 fps=10.0 edad=242 ms conservados=546/14 acopio=0/3 duplicados=1 rechazados=15
[latencia ms promedio/max] lectura=7/9 entrada=61/115 marcadores=78/342 cubos=117/139 proceso=197/462 vista=28/39 al_publicar=257/566
[estado] fase=IDLE cuadros=34974 fallos=189 emitidos=134738 clientes=0 pisados=0 fps=10.0 edad=251 ms conservados=546/14 acopio=0/3 duplicados=1 rechazados=15
[latencia ms promedio/max] lectura=7/8 entrada=54/98 marcadores=89/291 cubos=116/123 proceso=207/408 vista=29/37 al_publicar=261/471
[estado] fase=IDLE cuadros=34994 fallos=189 emitidos=134835 clientes=0 pisados=0 fps=10.0 edad=224 ms conservados=546/14 acopio=0/3 duplicados=1 rechazados=15
[latencia ms promedio/max] lectura=7/8 entrada=53/113 marcadores=34/285 cubos=114/129 proceso=149/400 vista=27/39 al_publicar=202/411
[estado] fase=IDLE cuadros=35022 fallos=189 emitidos=134938 clientes=0 pisados=0 fps=10.0 edad=268 ms conservados=546/14 acopio=0/3 duplicados=1 rechazados=15
[latencia ms promedio/max] lectura=8/13 entrada=58/116 marcadores=22/26 cubos=101/127 proceso=124/154 vista=27/39 al_publicar=183/238
[estado] fase=IDLE cuadros=35053 fallos=189 emitidos=135037 clientes=0 pisados=0 fps=10.0 edad=210 ms conservados=546/14 acopio=0/3 duplicados=1 rechazados=15
[latencia ms promedio/max] lectura=7/8 entrada=49/101 marcadores=25/27 cubos=120/132 proceso=146/160 vista=30/37 al_publicar=196/244
[estado] fase=IDLE cuadros=35080 fallos=189 emitidos=135136 clientes=0 pisados=0 fps=10.0 edad=253 ms conservados=546/14 acopio=0/3 duplicados=1 rechazados=15
[latencia ms promedio/max] lectura=7/9 entrada=57/113 marcadores=36/300 cubos=118/132 proceso=154/417 vista=31/38 al_publicar=212/473
[estado] fase=IDLE cuadros=35106 fallos=189 emitidos=135236 clientes=0 pisados=0 fps=10.0 edad=267 ms conservados=546/14 acopio=0/3 duplicados=1 rechazados=15
[latencia ms promedio/max] lectura=7/9 entrada=59/100 marcadores=25/30 cubos=121/139 proceso=148/168 vista=30/40 al_publicar=206/249
[estado] fase=IDLE cuadros=35133 fallos=189 emitidos=135336 clientes=0 pisados=0 fps=10.0 edad=254 ms conservados=546/14 acopio=0/3 duplicados=1 rechazados=15
[latencia ms promedio/max] lectura=7/9 entrada=57/112 marcadores=24/26 cubos=113/133 proceso=138/157 vista=28/38 al_publicar=195/250
[estado] fase=IDLE cuadros=35162 fallos=189 emitidos=135436 clientes=0 pisados=0 fps=10.0 edad=176 ms conservados=546/14 acopio=0/3 duplicados=1 rechazados=15
[latencia ms promedio/max] lectura=7/8 entrada=50/99 marcadores=25/27 cubos=115/128 proceso=141/153 vista=29/39 al_publicar=191/244
[estado] fase=IDLE cuadros=35190 fallos=189 emitidos=135535 clientes=0 pisados=0 fps=10.0 edad=223 ms conservados=546/14 acopio=0/3 duplicados=1 rechazados=15
[latencia ms promedio/max] lectura=7/8 entrada=60/116 marcadores=25/26 cubos=117/130 proceso=143/156 vista=29/37 al_publicar=203/265
[estado] fase=IDLE cuadros=35218 fallos=189 emitidos=135635 clientes=0 pisados=0 fps=10.0 edad=240 ms conservados=546/14 acopio=0/3 duplicados=1 rechazados=15
[latencia ms promedio/max] lectura=7/8 entrada=52/99 marcadores=25/27 cubos=116/125 proceso=142/151 vista=29/37 al_publicar=194/247
[estado] fase=IDLE cuadros=35246 fallos=189 emitidos=135735 clientes=0 pisados=0 fps=10.0 edad=222 ms conservados=546/14 acopio=0/3 duplicados=1 rechazados=15
[latencia ms promedio/max] lectura=7/8 entrada=55/115 marcadores=25/26 cubos=113/126 proceso=139/153 vista=29/38 al_publicar=194/255
[estado] fase=IDLE cuadros=35275 fallos=189 emitidos=135836 clientes=0 pisados=0 fps=10.0 edad=192 ms conservados=546/14 acopio=0/3 duplicados=1 rechazados=15
[latencia ms promedio/max] lectura=7/9 entrada=62/97 marcadores=25/29 cubos=121/141 proceso=148/170 vista=30/38 al_publicar=210/255
[estado] fase=IDLE cuadros=35302 fallos=189 emitidos=135936 clientes=0 pisados=0 fps=10.0 edad=182 ms conservados=546/14 acopio=0/3 duplicados=1 rechazados=15
[latencia ms promedio/max] lectura=7/8 entrada=60/107 marcadores=25/27 cubos=116/130 proceso=142/156 vista=28/38 al_publicar=203/251
[estado] fase=IDLE cuadros=35330 fallos=189 emitidos=136035 clientes=0 pisados=0 fps=10.0 edad=250 ms conservados=546/14 acopio=0/3 duplicados=1 rechazados=15
[latencia ms promedio/max] lectura=7/8 entrada=58/107 marcadores=25/28 cubos=114/121 proceso=140/150 vista=28/39 al_publicar=198/249
[estado] fase=IDLE cuadros=35359 fallos=189 emitidos=136137 clientes=0 pisados=0 fps=10.0 edad=233 ms conservados=546/14 acopio=0/3 duplicados=1 rechazados=15
[latencia ms promedio/max] lectura=7/8 entrada=54/106 marcadores=24/27 cubos=116/125 proceso=141/152 vista=29/39 al_publicar=195/252
[estado] fase=IDLE cuadros=35387 fallos=189 emitidos=136237 clientes=0 pisados=0 fps=10.0 edad=197 ms conservados=546/14 acopio=0/3 duplicados=1 rechazados=15
[latencia ms promedio/max] lectura=7/8 entrada=54/103 marcadores=24/27 cubos=115/128 proceso=141/154 vista=29/39 al_publicar=195/241
[estado] fase=IDLE cuadros=35415 fallos=189 emitidos=136336 clientes=0 pisados=0 fps=10.0 edad=250 ms conservados=546/14 acopio=0/3 duplicados=1 rechazados=15
[latencia ms promedio/max] lectura=7/8 entrada=52/99 marcadores=25/26 cubos=114/121 proceso=140/148 vista=29/40 al_publicar=192/244
[estado] fase=IDLE cuadros=35443 fallos=189 emitidos=136435 clientes=0 pisados=0 fps=10.0 edad=211 ms conservados=546/14 acopio=0/3 duplicados=1 rechazados=15
[latencia ms promedio/max] lectura=7/9 entrada=57/102 marcadores=61/329 cubos=118/138 proceso=181/459 vista=31/39 al_publicar=237/554
[estado] fase=IDLE cuadros=35466 fallos=189 emitidos=136535 clientes=0 pisados=0 fps=10.0 edad=241 ms conservados=546/14 acopio=0/3 duplicados=1 rechazados=15
[latencia ms promedio/max] lectura=7/8 entrada=62/111 marcadores=25/27 cubos=115/129 proceso=142/157 vista=28/37 al_publicar=203/257
[estado] fase=IDLE cuadros=35495 fallos=189 emitidos=136638 clientes=0 pisados=0 fps=10.0 edad=273 ms conservados=546/14 acopio=0/3 duplicados=1 rechazados=15
[latencia ms promedio/max] lectura=7/8 entrada=62/113 marcadores=24/27 cubos=115/132 proceso=141/158 vista=29/39 al_publicar=203/259
[estado] fase=IDLE cuadros=35523 fallos=189 emitidos=136737 clientes=0 pisados=0 fps=10.0 edad=233 ms conservados=546/14 acopio=0/3 duplicados=1 rechazados=15
[latencia ms promedio/max] lectura=7/8 entrada=54/117 marcadores=34/280 cubos=117/123 proceso=153/391 vista=28/39 al_publicar=207/403
[estado] fase=IDLE cuadros=35549 fallos=189 emitidos=136835 clientes=0 pisados=0 fps=10.0 edad=234 ms conservados=546/14 acopio=0/3 duplicados=1 rechazados=15
[latencia ms promedio/max] lectura=8/9 entrada=62/101 marcadores=25/29 cubos=125/139 proceso=152/167 vista=31/40 al_publicar=214/263
[estado] fase=IDLE cuadros=35575 fallos=189 emitidos=136935 clientes=0 pisados=0 fps=10.0 edad=296 ms conservados=546/14 acopio=0/3 duplicados=1 rechazados=15
[latencia ms promedio/max] lectura=8/9 entrada=43/104 marcadores=26/28 cubos=127/143 proceso=155/170 vista=32/39 al_publicar=197/263
[estado] fase=IDLE cuadros=35601 fallos=189 emitidos=137036 clientes=0 pisados=0 fps=10.0 edad=269 ms conservados=546/14 acopio=0/3 duplicados=1 rechazados=15
[latencia ms promedio/max] lectura=7/9 entrada=66/102 marcadores=26/34 cubos=119/143 proceso=146/173 vista=30/39 al_publicar=212/262
[estado] fase=IDLE cuadros=35628 fallos=189 emitidos=137135 clientes=0 pisados=0 fps=10.0 edad=213 ms conservados=546/14 acopio=0/3 duplicados=1 rechazados=15
[latencia ms promedio/max] lectura=7/8 entrada=48/100 marcadores=127/295 cubos=114/120 proceso=243/410 vista=28/37 al_publicar=291/507
[estado] fase=IDLE cuadros=35646 fallos=189 emitidos=137235 clientes=0 pisados=0 fps=10.0 edad=227 ms conservados=546/14 acopio=0/3 duplicados=1 rechazados=15
[latencia ms promedio/max] lectura=7/8 entrada=60/116 marcadores=42/282 cubos=114/121 proceso=158/398 vista=27/35 al_publicar=218/462
[estado] fase=IDLE cuadros=35674 fallos=189 emitidos=137343 clientes=0 pisados=0 fps=10.0 edad=497 ms conservados=546/14 acopio=0/3 duplicados=1 rechazados=15
[aviso] marcadores vistos que NO son ni esquina ni rover declarado, y por eso se descartan: [37]. Si alguno es un robot de verdad, hay que agregarlo a deteccion_rovers.ids_rover; si no, son detecciones falsas de la cuadrícula.
[latencia ms promedio/max] lectura=8/11 entrada=53/111 marcadores=23/27 cubos=104/128 proceso=128/153 vista=28/39 al_publicar=181/239
[estado] fase=IDLE cuadros=35703 fallos=189 emitidos=137438 clientes=0 pisados=0 fps=10.0 edad=235 ms conservados=546/14 acopio=0/3 duplicados=1 rechazados=15
[latencia ms promedio/max] lectura=8/11 entrada=52/114 marcadores=23/27 cubos=101/120 proceso=124/145 vista=27/38 al_publicar=177/244
[estado] fase=IDLE cuadros=35734 fallos=189 emitidos=137536 clientes=0 pisados=0 fps=10.0 edad=165 ms conservados=546/14 acopio=0/3 duplicados=1 rechazados=15
[latencia ms promedio/max] lectura=8/12 entrada=55/115 marcadores=22/28 cubos=101/122 proceso=124/146 vista=27/37 al_publicar=179/240
[estado] fase=IDLE cuadros=35766 fallos=189 emitidos=137638 clientes=0 pisados=0 fps=10.0 edad=234 ms conservados=546/14 acopio=0/3 duplicados=1 rechazados=15
[latencia ms promedio/max] lectura=7/12 entrada=49/111 marcadores=23/28 cubos=104/133 proceso=128/160 vista=28/41 al_publicar=177/237
[estado] fase=IDLE cuadros=35796 fallos=189 emitidos=137735 clientes=0 pisados=0 fps=10.0 edad=224 ms conservados=546/14 acopio=0/3 duplicados=1 rechazados=15
[latencia ms promedio/max] lectura=7/11 entrada=50/96 marcadores=21/26 cubos=95/109 proceso=117/133 vista=27/34 al_publicar=167/227
[estado] fase=IDLE cuadros=35829 fallos=189 emitidos=137835 clientes=0 pisados=0 fps=10.0 edad=228 ms conservados=546/14 acopio=0/3 duplicados=1 rechazados=15
[latencia ms promedio/max] lectura=8/12 entrada=55/117 marcadores=22/26 cubos=97/109 proceso=119/135 vista=26/34 al_publicar=175/251
[estado] fase=IDLE cuadros=35862 fallos=189 emitidos=137937 clientes=0 pisados=0 fps=10.0 edad=196 ms conservados=546/14 acopio=0/3 duplicados=1 rechazados=15
[latencia ms promedio/max] lectura=8/13 entrada=55/107 marcadores=23/28 cubos=99/113 proceso=123/141 vista=26/37 al_publicar=178/235
[estado] fase=IDLE cuadros=35894 fallos=189 emitidos=138037 clientes=0 pisados=0 fps=10.0 edad=223 ms conservados=546/14 acopio=0/3 duplicados=1 rechazados=15
[latencia ms promedio/max] lectura=8/12 entrada=48/98 marcadores=21/25 cubos=100/106 proceso=122/130 vista=25/32 al_publicar=170/226
[estado] fase=IDLE cuadros=35926 fallos=189 emitidos=138136 clientes=0 pisados=0 fps=10.0 edad=193 ms conservados=546/14 acopio=0/3 duplicados=1 rechazados=15
[latencia ms promedio/max] lectura=7/12 entrada=55/113 marcadores=22/26 cubos=102/121 proceso=125/146 vista=27/37 al_publicar=180/239
[estado] fase=IDLE cuadros=35957 fallos=189 emitidos=138235 clientes=0 pisados=0 fps=10.0 edad=235 ms conservados=546/14 acopio=0/3 duplicados=1 rechazados=15
[latencia ms promedio/max] lectura=7/9 entrada=49/113 marcadores=25/30 cubos=121/141 proceso=148/169 vista=31/39 al_publicar=197/282
[estado] fase=IDLE cuadros=35984 fallos=189 emitidos=138336 clientes=0 pisados=0 fps=10.0 edad=261 ms conservados=546/14 acopio=0/3 duplicados=1 rechazados=15
[latencia ms promedio/max] lectura=7/12 entrada=61/107 marcadores=25/27 cubos=116/126 proceso=142/152 vista=29/39 al_publicar=202/249
[estado] fase=IDLE cuadros=36012 fallos=189 emitidos=138436 clientes=0 pisados=0 fps=10.0 edad=259 ms conservados=546/14 acopio=0/3 duplicados=1 rechazados=15
[latencia ms promedio/max] lectura=7/12 entrada=55/116 marcadores=23/31 cubos=101/124 proceso=125/153 vista=27/41 al_publicar=180/243
[estado] fase=IDLE cuadros=36043 fallos=189 emitidos=138535 clientes=0 pisados=0 fps=10.0 edad=214 ms conservados=546/14 acopio=0/3 duplicados=1 rechazados=15
[latencia ms promedio/max] lectura=8/14 entrada=63/116 marcadores=22/26 cubos=97/113 proceso=120/137 vista=26/34 al_publicar=183/247
[estado] fase=IDLE cuadros=36076 fallos=189 emitidos=138637 clientes=0 pisados=0 fps=10.0 edad=205 ms conservados=546/14 acopio=0/3 duplicados=1 rechazados=15
[latencia ms promedio/max] lectura=8/13 entrada=49/99 marcadores=22/26 cubos=99/106 proceso=122/134 vista=26/34 al_publicar=171/226
[estado] fase=IDLE cuadros=36108 fallos=189 emitidos=138737 clientes=0 pisados=0 fps=10.0 edad=229 ms conservados=546/14 acopio=0/3 duplicados=1 rechazados=15
[latencia ms promedio/max] lectura=7/10 entrada=61/116 marcadores=23/27 cubos=99/122 proceso=122/146 vista=27/38 al_publicar=184/246
[estado] fase=IDLE cuadros=36140 fallos=189 emitidos=138838 clientes=0 pisados=0 fps=10.0 edad=233 ms conservados=546/14 acopio=0/3 duplicados=1 rechazados=15
[latencia ms promedio/max] lectura=8/13 entrada=59/110 marcadores=22/28 cubos=100/139 proceso=124/169 vista=27/39 al_publicar=183/253
[estado] fase=IDLE cuadros=36171 fallos=189 emitidos=138936 clientes=0 pisados=0 fps=10.0 edad=173 ms conservados=546/14 acopio=0/3 duplicados=1 rechazados=15
[latencia ms promedio/max] lectura=7/12 entrada=58/116 marcadores=21/27 cubos=97/108 proceso=119/129 vista=26/33 al_publicar=178/241
[estado] fase=IDLE cuadros=36204 fallos=189 emitidos=139037 clientes=0 pisados=0 fps=10.0 edad=213 ms conservados=546/14 acopio=0/3 duplicados=1 rechazados=15
[latencia ms promedio/max] lectura=8/13 entrada=53/104 marcadores=22/26 cubos=102/112 proceso=125/139 vista=27/35 al_publicar=178/227
[estado] fase=IDLE cuadros=36235 fallos=189 emitidos=139136 clientes=0 pisados=0 fps=10.0 edad=171 ms conservados=546/14 acopio=0/3 duplicados=1 rechazados=15
[latencia ms promedio/max] lectura=7/12 entrada=58/104 marcadores=22/27 cubos=99/108 proceso=122/129 vista=27/33 al_publicar=180/226
[estado] fase=IDLE cuadros=36267 fallos=189 emitidos=139236 clientes=0 pisados=0 fps=10.0 edad=165 ms conservados=546/14 acopio=0/3 duplicados=1 rechazados=15
[latencia ms promedio/max] lectura=8/12 entrada=51/107 marcadores=23/28 cubos=107/134 proceso=130/161 vista=27/39 al_publicar=181/267
[estado] fase=IDLE cuadros=36297 fallos=189 emitidos=139335 clientes=0 pisados=0 fps=10.0 edad=132 ms conservados=546/14 acopio=0/3 duplicados=1 rechazados=15
[latencia ms promedio/max] lectura=7/9 entrada=68/118 marcadores=25/28 cubos=120/140 proceso=147/167 vista=30/40 al_publicar=215/274
[estado] fase=IDLE cuadros=36324 fallos=189 emitidos=139435 clientes=0 pisados=0 fps=10.0 edad=211 ms conservados=546/14 acopio=0/3 duplicados=1 rechazados=15
[latencia ms promedio/max] lectura=8/14 entrada=59/110 marcadores=23/28 cubos=99/135 proceso=123/157 vista=28/39 al_publicar=182/241
[estado] fase=IDLE cuadros=36356 fallos=189 emitidos=139537 clientes=0 pisados=0 fps=10.0 edad=218 ms conservados=546/14 acopio=0/3 duplicados=1 rechazados=15
[latencia ms promedio/max] lectura=7/12 entrada=55/104 marcadores=21/26 cubos=99/110 proceso=122/134 vista=27/34 al_publicar=177/228
[estado] fase=IDLE cuadros=36388 fallos=189 emitidos=139637 clientes=0 pisados=0 fps=10.0 edad=195 ms conservados=546/14 acopio=0/3 duplicados=1 rechazados=15
[latencia ms promedio/max] lectura=7/12 entrada=51/108 marcadores=21/25 cubos=100/110 proceso=122/132 vista=27/36 al_publicar=173/235
[estado] fase=IDLE cuadros=36420 fallos=189 emitidos=139736 clientes=0 pisados=0 fps=10.0 edad=187 ms conservados=546/14 acopio=0/3 duplicados=1 rechazados=15
[latencia ms promedio/max] lectura=8/13 entrada=50/107 marcadores=22/26 cubos=98/105 proceso=121/131 vista=27/35 al_publicar=171/233
[estado] fase=IDLE cuadros=36452 fallos=189 emitidos=139836 clientes=0 pisados=0 fps=10.0 edad=168 ms conservados=546/14 acopio=0/3 duplicados=1 rechazados=15
[latencia ms promedio/max] lectura=8/13 entrada=59/104 marcadores=22/26 cubos=97/121 proceso=120/145 vista=27/36 al_publicar=180/225
[estado] fase=IDLE cuadros=36484 fallos=189 emitidos=139936 clientes=0 pisados=0 fps=10.0 edad=170 ms conservados=546/14 acopio=0/3 duplicados=1 rechazados=15
[latencia ms promedio/max] lectura=8/14 entrada=60/106 marcadores=25/30 cubos=118/141 proceso=144/170 vista=29/40 al_publicar=204/266
[estado] fase=IDLE cuadros=36512 fallos=189 emitidos=140038 clientes=0 pisados=0 fps=10.0 edad=250 ms conservados=546/14 acopio=0/3 duplicados=1 rechazados=15
[latencia ms promedio/max] lectura=6/11 entrada=48/106 marcadores=19/53 cubos=95/161 proceso=114/216 vista=28/44 al_publicar=163/277
[estado] fase=IDLE cuadros=36546 fallos=189 emitidos=140139 clientes=0 pisados=0 fps=10.0 edad=299 ms conservados=546/14 acopio=0/3 duplicados=1 rechazados=15
[latencia ms promedio/max] lectura=8/9 entrada=58/104 marcadores=24/26 cubos=126/137 proceso=152/165 vista=32/41 al_publicar=210/258
[estado] fase=IDLE cuadros=36571 fallos=189 emitidos=140235 clientes=0 pisados=0 fps=10.0 edad=218 ms conservados=546/14 acopio=0/3 duplicados=1 rechazados=15
[latencia ms promedio/max] lectura=8/9 entrada=49/120 marcadores=80/333 cubos=131/140 proceso=213/464 vista=34/42 al_publicar=263/541
[estado] fase=IDLE cuadros=36592 fallos=189 emitidos=140342 clientes=0 pisados=0 fps=10.0 edad=581 ms conservados=546/14 acopio=0/3 duplicados=1 rechazados=15
[latencia ms promedio/max] lectura=8/11 entrada=52/95 marcadores=202/331 cubos=123/138 proceso=327/460 vista=32/40 al_publicar=380/526
[estado] fase=IDLE cuadros=36605 fallos=189 emitidos=140438 clientes=0 pisados=0 fps=10.0 edad=254 ms conservados=546/14 acopio=0/3 duplicados=1 rechazados=15
[latencia ms promedio/max] lectura=9/11 entrada=64/113 marcadores=212/366 cubos=134/152 proceso=347/497 vista=33/45 al_publicar=411/610
[estado] fase=IDLE cuadros=36618 fallos=189 emitidos=140539 clientes=0 pisados=0 fps=10.0 edad=318 ms conservados=546/14 acopio=0/3 duplicados=1 rechazados=15
[latencia ms promedio/max] lectura=8/9 entrada=53/99 marcadores=106/327 cubos=133/153 proceso=241/465 vista=35/44 al_publicar=294/529
[estado] fase=IDLE cuadros=36636 fallos=189 emitidos=140641 clientes=0 pisados=0 fps=10.0 edad=535 ms conservados=546/14 acopio=0/3 duplicados=1 rechazados=15
[latencia ms promedio/max] lectura=9/11 entrada=48/99 marcadores=155/344 cubos=135/155 proceso=292/492 vista=33/43 al_publicar=340/560
[estado] fase=IDLE cuadros=36650 fallos=189 emitidos=140735 clientes=0 pisados=0 fps=10.0 edad=599 ms conservados=546/14 acopio=0/3 duplicados=1 rechazados=15
[latencia ms promedio/max] lectura=9/10 entrada=69/118 marcadores=118/350 cubos=138/151 proceso=257/489 vista=35/44 al_publicar=327/591
[estado] fase=IDLE cuadros=36667 fallos=189 emitidos=140837 clientes=0 pisados=0 fps=10.0 edad=222 ms conservados=546/14 acopio=0/3 duplicados=1 rechazados=15
[latencia ms promedio/max] lectura=9/9 entrada=59/104 marcadores=256/362 cubos=140/150 proceso=397/508 vista=36/41 al_publicar=457/585
[estado] fase=IDLE cuadros=36678 fallos=189 emitidos=140935 clientes=0 pisados=0 fps=10.0 edad=599 ms conservados=546/14 acopio=0/3 duplicados=1 rechazados=16
[aviso] marcadores rechazados por no ser plausibles: 1 por posición. No pueden ser marcadores de esta cancha: el detector los inventa sobre la cuadrícula del tablero. Ejemplo: ID 37 rechazado por posición, midió 16.5 mm donde se esperaban 0.0, en la celda (45.9, 34.2)
[latencia ms promedio/max] lectura=8/10 entrada=50/89 marcadores=134/357 cubos=120/152 proceso=255/489 vista=32/43 al_publicar=306/577
[estado] fase=IDLE cuadros=36695 fallos=189 emitidos=141035 clientes=0 pisados=0 fps=10.0 edad=238 ms conservados=546/14 acopio=0/3 duplicados=1 rechazados=16
[latencia ms promedio/max] lectura=8/12 entrada=61/102 marcadores=211/357 cubos=116/144 proceso=328/496 vista=30/40 al_publicar=388/583
[estado] fase=IDLE cuadros=36709 fallos=189 emitidos=141138 clientes=0 pisados=0 fps=10.0 edad=258 ms conservados=546/14 acopio=0/3 duplicados=1 rechazados=16
[latencia ms promedio/max] lectura=8/9 entrada=55/96 marcadores=170/331 cubos=114/136 proceso=285/469 vista=31/39 al_publicar=340/537
[estado] fase=IDLE cuadros=36724 fallos=189 emitidos=141235 clientes=0 pisados=0 fps=10.0 edad=503 ms conservados=546/14 acopio=0/3 duplicados=1 rechazados=16
[latencia ms promedio/max] lectura=9/11 entrada=51/109 marcadores=248/326 cubos=113/134 proceso=362/451 vista=28/38 al_publicar=413/549
[estado] fase=IDLE cuadros=36737 fallos=189 emitidos=141339 clientes=0 pisados=0 fps=10.0 edad=487 ms conservados=546/14 acopio=0/3 duplicados=1 rechazados=16
[latencia ms promedio/max] lectura=8/10 entrada=58/108 marcadores=249/338 cubos=118/136 proceso=368/471 vista=29/36 al_publicar=426/552
[estado] fase=IDLE cuadros=36749 fallos=189 emitidos=141436 clientes=0 pisados=0 fps=10.0 edad=557 ms conservados=546/14 acopio=0/3 duplicados=1 rechazados=16
[aviso] marcadores vistos que NO son ni esquina ni rover declarado, y por eso se descartan: [37]. Si alguno es un robot de verdad, hay que agregarlo a deteccion_rovers.ids_rover; si no, son detecciones falsas de la cuadrícula.
[latencia ms promedio/max] lectura=7/8 entrada=54/93 marcadores=153/326 cubos=121/134 proceso=276/452 vista=31/38 al_publicar=330/538
[estado] fase=IDLE cuadros=36765 fallos=189 emitidos=141537 clientes=0 pisados=0 fps=10.0 edad=508 ms conservados=546/14 acopio=0/3 duplicados=1 rechazados=16
[aviso] marcadores vistos que NO son ni esquina ni rover declarado, y por eso se descartan: [37]. Si alguno es un robot de verdad, hay que agregarlo a deteccion_rovers.ids_rover; si no, son detecciones falsas de la cuadrícula.
[latencia ms promedio/max] lectura=8/9 entrada=61/118 marcadores=118/333 cubos=124/133 proceso=244/461 vista=31/39 al_publicar=305/540
[estado] fase=IDLE cuadros=36784 fallos=189 emitidos=141644 clientes=0 pisados=0 fps=10.0 edad=578 ms conservados=546/14 acopio=0/3 duplicados=1 rechazados=16
[latencia ms promedio/max] lectura=8/11 entrada=72/115 marcadores=168/338 cubos=126/143 proceso=295/475 vista=33/39 al_publicar=368/552
[estado] fase=IDLE cuadros=36798 fallos=189 emitidos=141738 clientes=0 pisados=0 fps=10.0 edad=292 ms conservados=546/14 acopio=0/3 duplicados=1 rechazados=16
[latencia ms promedio/max] lectura=8/10 entrada=61/104 marcadores=233/362 cubos=135/143 proceso=369/497 vista=36/41 al_publicar=430/580
[estado] fase=IDLE cuadros=36810 fallos=189 emitidos=141838 clientes=0 pisados=0 fps=10.0 edad=551 ms conservados=546/14 acopio=0/3 duplicados=1 rechazados=16
[latencia ms promedio/max] lectura=8/13 entrada=47/98 marcadores=162/350 cubos=107/134 proceso=270/469 vista=28/38 al_publicar=317/569
[estado] fase=IDLE cuadros=36826 fallos=189 emitidos=141936 clientes=0 pisados=0 fps=10.0 edad=162 ms conservados=546/14 acopio=0/3 duplicados=1 rechazados=16
[latencia ms promedio/max] lectura=8/11 entrada=44/96 marcadores=158/338 cubos=111/155 proceso=271/475 vista=31/40 al_publicar=315/506
[estado] fase=IDLE cuadros=36843 fallos=189 emitidos=142041 clientes=0 pisados=0 fps=10.0 edad=413 ms conservados=546/14 acopio=0/3 duplicados=1 rechazados=16
[latencia ms promedio/max] lectura=8/10 entrada=50/93 marcadores=123/306 cubos=103/139 proceso=227/422 vista=29/38 al_publicar=277/470
[estado] fase=IDLE cuadros=36861 fallos=189 emitidos=142136 clientes=0 pisados=0 fps=10.0 edad=277 ms conservados=546/14 acopio=0/3 duplicados=1 rechazados=16
[aviso] marcadores vistos que NO son ni esquina ni rover declarado, y por eso se descartan: [37]. Si alguno es un robot de verdad, hay que agregarlo a deteccion_rovers.ids_rover; si no, son detecciones falsas de la cuadrícula.
[latencia ms promedio/max] lectura=8/13 entrada=49/95 marcadores=48/338 cubos=111/143 proceso=160/478 vista=29/44 al_publicar=209/524
[estado] fase=IDLE cuadros=36886 fallos=189 emitidos=142235 clientes=0 pisados=0 fps=10.0 edad=228 ms conservados=546/14 acopio=0/3 duplicados=1 rechazados=16
[latencia ms promedio/max] lectura=9/13 entrada=54/96 marcadores=104/331 cubos=114/146 proceso=219/454 vista=31/42 al_publicar=273/526
[estado] fase=IDLE cuadros=36906 fallos=189 emitidos=142339 clientes=0 pisados=0 fps=10.0 edad=299 ms conservados=546/14 acopio=0/3 duplicados=1 rechazados=16
[latencia ms promedio/max] lectura=8/11 entrada=68/106 marcadores=75/352 cubos=109/142 proceso=186/458 vista=28/40 al_publicar=253/520
[estado] fase=IDLE cuadros=36928 fallos=189 emitidos=142436 clientes=0 pisados=0 fps=10.0 edad=171 ms conservados=546/14 acopio=0/3 duplicados=1 rechazados=16
[latencia ms promedio/max] lectura=8/11 entrada=48/97 marcadores=39/267 cubos=103/138 proceso=144/373 vista=28/40 al_publicar=192/468
[estado] fase=IDLE cuadros=36957 fallos=189 emitidos=142541 clientes=0 pisados=0 fps=10.0 edad=498 ms conservados=546/14 acopio=0/3 duplicados=1 rechazados=16
[latencia ms promedio/max] lectura=8/10 entrada=61/115 marcadores=102/328 cubos=98/107 proceso=201/403 vista=28/41 al_publicar=262/462
[estado] fase=IDLE cuadros=36977 fallos=189 emitidos=142636 clientes=0 pisados=0 fps=10.0 edad=255 ms conservados=546/14 acopio=0/3 duplicados=1 rechazados=16
[latencia ms promedio/max] lectura=8/11 entrada=51/115 marcadores=76/284 cubos=99/111 proceso=176/388 vista=27/36 al_publicar=227/503
[estado] fase=IDLE cuadros=37001 fallos=189 emitidos=142737 clientes=0 pisados=0 fps=10.0 edad=218 ms conservados=546/14 acopio=0/3 duplicados=1 rechazados=16
[latencia ms promedio/max] lectura=8/12 entrada=57/102 marcadores=63/280 cubos=103/126 proceso=167/385 vista=26/38 al_publicar=223/487
[estado] fase=IDLE cuadros=37026 fallos=189 emitidos=142837 clientes=0 pisados=0 fps=10.0 edad=436 ms conservados=546/14 acopio=0/3 duplicados=1 rechazados=16
[latencia ms promedio/max] lectura=7/12 entrada=60/116 marcadores=46/284 cubos=97/111 proceso=145/385 vista=26/35 al_publicar=205/449
[estado] fase=IDLE cuadros=37055 fallos=189 emitidos=142941 clientes=0 pisados=0 fps=10.0 edad=424 ms conservados=546/14 acopio=0/3 duplicados=1 rechazados=16
[latencia ms promedio/max] lectura=8/12 entrada=58/109 marcadores=69/303 cubos=100/132 proceso=171/428 vista=28/40 al_publicar=229/506
[estado] fase=IDLE cuadros=37078 fallos=189 emitidos=143036 clientes=0 pisados=0 fps=10.0 edad=475 ms conservados=546/14 acopio=0/3 duplicados=1 rechazados=16
[latencia ms promedio/max] lectura=8/12 entrada=59/103 marcadores=92/362 cubos=110/138 proceso=203/489 vista=28/40 al_publicar=262/582
[estado] fase=IDLE cuadros=37099 fallos=189 emitidos=143137 clientes=0 pisados=0 fps=10.0 edad=198 ms conservados=546/14 acopio=0/3 duplicados=1 rechazados=16
[latencia ms promedio/max] lectura=8/13 entrada=59/107 marcadores=63/285 cubos=98/107 proceso=162/391 vista=28/35 al_publicar=222/444
[estado] fase=IDLE cuadros=37124 fallos=189 emitidos=143236 clientes=0 pisados=0 fps=10.0 edad=255 ms conservados=546/14 acopio=0/3 duplicados=1 rechazados=16
[latencia ms promedio/max] lectura=7/11 entrada=45/106 marcadores=75/284 cubos=101/106 proceso=178/389 vista=27/35 al_publicar=222/480
[estado] fase=IDLE cuadros=37148 fallos=189 emitidos=143338 clientes=0 pisados=0 fps=10.0 edad=248 ms conservados=546/14 acopio=0/3 duplicados=1 rechazados=16
[latencia ms promedio/max] lectura=8/13 entrada=60/117 marcadores=63/288 cubos=100/107 proceso=165/386 vista=26/36 al_publicar=225/461
[estado] fase=IDLE cuadros=37173 fallos=189 emitidos=143437 clientes=0 pisados=0 fps=10.0 edad=212 ms conservados=546/14 acopio=0/3 duplicados=1 rechazados=16
[latencia ms promedio/max] lectura=8/13 entrada=52/108 marcadores=22/26 cubos=100/107 proceso=123/132 vista=27/34 al_publicar=175/235
[estado] fase=IDLE cuadros=37204 fallos=189 emitidos=143535 clientes=0 pisados=0 fps=10.0 edad=210 ms conservados=546/14 acopio=0/3 duplicados=1 rechazados=16
[latencia ms promedio/max] lectura=8/13 entrada=58/113 marcadores=31/292 cubos=103/124 proceso=135/388 vista=27/36 al_publicar=193/485
[estado] fase=IDLE cuadros=37234 fallos=189 emitidos=143637 clientes=0 pisados=0 fps=10.0 edad=519 ms conservados=546/14 acopio=0/3 duplicados=1 rechazados=16
[latencia ms promedio/max] lectura=8/12 entrada=52/103 marcadores=23/29 cubos=105/136 proceso=130/166 vista=26/33 al_publicar=181/235
[estado] fase=IDLE cuadros=37264 fallos=189 emitidos=143735 clientes=0 pisados=0 fps=10.0 edad=229 ms conservados=546/14 acopio=0/3 duplicados=1 rechazados=16
[latencia ms promedio/max] lectura=8/10 entrada=61/114 marcadores=51/340 cubos=120/138 proceso=172/467 vista=30/38 al_publicar=234/563
[estado] fase=IDLE cuadros=37288 fallos=189 emitidos=143836 clientes=0 pisados=0 fps=10.0 edad=287 ms conservados=546/14 acopio=0/3 duplicados=1 rechazados=16
[latencia ms promedio/max] lectura=8/14 entrada=72/104 marcadores=36/305 cubos=117/136 proceso=154/439 vista=31/40 al_publicar=226/544
[estado] fase=IDLE cuadros=37314 fallos=189 emitidos=143937 clientes=0 pisados=0 fps=10.0 edad=213 ms conservados=546/14 acopio=0/3 duplicados=1 rechazados=16
[latencia ms promedio/max] lectura=8/13 entrada=64/114 marcadores=31/269 cubos=101/109 proceso=134/372 vista=27/38 al_publicar=198/472
[estado] fase=IDLE cuadros=37343 fallos=189 emitidos=144035 clientes=0 pisados=0 fps=10.0 edad=208 ms conservados=546/14 acopio=0/3 duplicados=1 rechazados=16
[latencia ms promedio/max] lectura=7/12 entrada=57/107 marcadores=23/29 cubos=101/116 proceso=125/146 vista=27/36 al_publicar=182/241
[estado] fase=IDLE cuadros=37375 fallos=189 emitidos=144137 clientes=0 pisados=0 fps=10.0 edad=217 ms conservados=546/14 acopio=0/3 duplicados=1 rechazados=16
[latencia ms promedio/max] lectura=8/12 entrada=57/104 marcadores=31/255 cubos=103/129 proceso=136/376 vista=27/34 al_publicar=192/439
[estado] fase=IDLE cuadros=37404 fallos=189 emitidos=144236 clientes=0 pisados=0 fps=10.0 edad=258 ms conservados=546/14 acopio=0/3 duplicados=1 rechazados=16
[latencia ms promedio/max] lectura=8/11 entrada=60/110 marcadores=35/281 cubos=109/141 proceso=145/387 vista=32/38 al_publicar=205/421
[estado] fase=IDLE cuadros=37431 fallos=189 emitidos=144335 clientes=0 pisados=0 fps=10.0 edad=242 ms conservados=546/14 acopio=0/3 duplicados=1 rechazados=16
[latencia ms promedio/max] lectura=8/10 entrada=60/108 marcadores=24/30 cubos=106/141 proceso=131/171 vista=29/40 al_publicar=191/269
[estado] fase=IDLE cuadros=37461 fallos=189 emitidos=144437 clientes=0 pisados=0 fps=10.0 edad=189 ms conservados=546/14 acopio=0/3 duplicados=1 rechazados=16
[latencia ms promedio/max] lectura=8/14 entrada=62/101 marcadores=25/29 cubos=113/133 proceso=140/164 vista=30/41 al_publicar=202/260
[estado] fase=IDLE cuadros=37489 fallos=189 emitidos=144536 clientes=0 pisados=0 fps=10.0 edad=191 ms conservados=546/14 acopio=0/3 duplicados=1 rechazados=16
[latencia ms promedio/max] lectura=8/12 entrada=62/108 marcadores=24/29 cubos=109/139 proceso=135/169 vista=27/41 al_publicar=197/273
[estado] fase=IDLE cuadros=37518 fallos=189 emitidos=144635 clientes=0 pisados=0 fps=10.0 edad=242 ms conservados=546/14 acopio=0/3 duplicados=1 rechazados=16
[latencia ms promedio/max] lectura=8/13 entrada=61/114 marcadores=23/28 cubos=100/114 proceso=125/139 vista=27/35 al_publicar=185/243
[estado] fase=IDLE cuadros=37549 fallos=189 emitidos=144735 clientes=0 pisados=0 fps=10.0 edad=208 ms conservados=546/14 acopio=0/3 duplicados=1 rechazados=16
[latencia ms promedio/max] lectura=8/11 entrada=58/114 marcadores=23/28 cubos=101/118 proceso=125/145 vista=26/34 al_publicar=184/252
[estado] fase=IDLE cuadros=37581 fallos=189 emitidos=144837 clientes=0 pisados=0 fps=10.0 edad=194 ms conservados=546/14 acopio=0/3 duplicados=1 rechazados=16
[latencia ms promedio/max] lectura=7/11 entrada=52/107 marcadores=23/29 cubos=106/129 proceso=130/159 vista=30/39 al_publicar=183/258
[estado] fase=IDLE cuadros=37611 fallos=189 emitidos=144937 clientes=0 pisados=0 fps=10.0 edad=237 ms conservados=546/14 acopio=0/3 duplicados=1 rechazados=16
[latencia ms promedio/max] lectura=8/13 entrada=57/105 marcadores=23/27 cubos=101/117 proceso=124/140 vista=28/36 al_publicar=181/241
[estado] fase=IDLE cuadros=37642 fallos=189 emitidos=145037 clientes=0 pisados=0 fps=10.0 edad=213 ms conservados=546/14 acopio=0/3 duplicados=1 rechazados=16
[latencia ms promedio/max] lectura=8/12 entrada=59/105 marcadores=23/26 cubos=97/116 proceso=121/142 vista=29/36 al_publicar=181/233
[estado] fase=IDLE cuadros=37673 fallos=189 emitidos=145135 clientes=0 pisados=0 fps=10.0 edad=224 ms conservados=546/14 acopio=0/3 duplicados=1 rechazados=16
[latencia ms promedio/max] lectura=8/12 entrada=55/117 marcadores=22/25 cubos=100/119 proceso=123/143 vista=27/37 al_publicar=178/243
[estado] fase=IDLE cuadros=37705 fallos=189 emitidos=145236 clientes=0 pisados=0 fps=10.0 edad=176 ms conservados=546/14 acopio=0/3 duplicados=1 rechazados=16
[latencia ms promedio/max] lectura=7/13 entrada=57/107 marcadores=23/29 cubos=104/135 proceso=129/164 vista=28/40 al_publicar=185/233
[estado] fase=IDLE cuadros=37735 fallos=189 emitidos=145335 clientes=0 pisados=0 fps=10.0 edad=199 ms conservados=546/14 acopio=0/3 duplicados=1 rechazados=16
[latencia ms promedio/max] lectura=7/11 entrada=58/106 marcadores=23/26 cubos=104/120 proceso=128/144 vista=26/37 al_publicar=186/235
[estado] fase=IDLE cuadros=37766 fallos=189 emitidos=145435 clientes=0 pisados=0 fps=10.0 edad=219 ms conservados=546/14 acopio=0/3 duplicados=1 rechazados=16
[latencia ms promedio/max] lectura=8/11 entrada=53/94 marcadores=27/30 cubos=127/151 proceso=155/180 vista=31/41 al_publicar=208/262
[estado] fase=IDLE cuadros=37792 fallos=189 emitidos=145536 clientes=0 pisados=0 fps=10.0 edad=289 ms conservados=546/14 acopio=0/3 duplicados=1 rechazados=16
[latencia ms promedio/max] lectura=9/12 entrada=72/110 marcadores=28/30 cubos=133/146 proceso=162/177 vista=31/41 al_publicar=234/285
[estado] fase=IDLE cuadros=37817 fallos=189 emitidos=145638 clientes=0 pisados=0 fps=10.0 edad=265 ms conservados=546/14 acopio=0/3 duplicados=1 rechazados=16
[latencia ms promedio/max] lectura=9/10 entrada=61/105 marcadores=28/30 cubos=135/151 proceso=165/182 vista=34/43 al_publicar=226/275
[estado] fase=IDLE cuadros=37841 fallos=189 emitidos=145738 clientes=0 pisados=0 fps=10.0 edad=263 ms conservados=546/14 acopio=0/3 duplicados=1 rechazados=16
[latencia ms promedio/max] lectura=9/9 entrada=60/117 marcadores=29/32 cubos=133/145 proceso=163/177 vista=35/43 al_publicar=222/278
[estado] fase=IDLE cuadros=37865 fallos=189 emitidos=145837 clientes=0 pisados=0 fps=10.0 edad=216 ms conservados=546/14 acopio=0/3 duplicados=1 rechazados=16
[latencia ms promedio/max] lectura=8/10 entrada=57/119 marcadores=27/30 cubos=125/143 proceso=153/172 vista=32/43 al_publicar=210/272
[estado] fase=IDLE cuadros=37891 fallos=189 emitidos=145938 clientes=0 pisados=0 fps=10.0 edad=259 ms conservados=546/14 acopio=0/3 duplicados=1 rechazados=16
[latencia ms promedio/max] lectura=8/10 entrada=56/104 marcadores=23/26 cubos=99/119 proceso=123/145 vista=28/38 al_publicar=179/233
[estado] fase=IDLE cuadros=37922 fallos=189 emitidos=146037 clientes=0 pisados=0 fps=10.0 edad=189 ms conservados=546/14 acopio=0/3 duplicados=1 rechazados=16
[latencia ms promedio/max] lectura=8/11 entrada=59/104 marcadores=24/30 cubos=106/136 proceso=131/164 vista=27/38 al_publicar=190/253
[estado] fase=IDLE cuadros=37952 fallos=189 emitidos=146136 clientes=0 pisados=0 fps=10.0 edad=167 ms conservados=546/14 acopio=0/3 duplicados=1 rechazados=16
[latencia ms promedio/max] lectura=8/13 entrada=60/118 marcadores=24/28 cubos=105/140 proceso=130/169 vista=27/36 al_publicar=190/287
[estado] fase=IDLE cuadros=37983 fallos=189 emitidos=146238 clientes=0 pisados=0 fps=10.0 edad=262 ms conservados=546/14 acopio=0/3 duplicados=1 rechazados=16
[latencia ms promedio/max] lectura=8/11 entrada=61/115 marcadores=25/30 cubos=117/144 proceso=144/175 vista=29/39 al_publicar=205/274
[estado] fase=IDLE cuadros=38010 fallos=189 emitidos=146336 clientes=0 pisados=0 fps=10.0 edad=166 ms conservados=546/14 acopio=0/3 duplicados=1 rechazados=16
[latencia ms promedio/max] lectura=6/13 entrada=56/104 marcadores=17/29 cubos=79/123 proceso=97/150 vista=23/38 al_publicar=153/253
[estado] fase=IDLE cuadros=38050 fallos=189 emitidos=146437 clientes=0 pisados=0 fps=10.0 edad=194 ms conservados=546/14 acopio=0/3 duplicados=1 rechazados=16
[latencia ms promedio/max] lectura=7/10 entrada=55/118 marcadores=21/32 cubos=111/163 proceso=134/195 vista=29/41 al_publicar=189/279
[estado] fase=IDLE cuadros=38079 fallos=189 emitidos=146535 clientes=0 pisados=0 fps=10.0 edad=219 ms conservados=546/14 acopio=0/3 duplicados=1 rechazados=16
[latencia ms promedio/max] lectura=9/10 entrada=54/119 marcadores=26/27 cubos=140/149 proceso=167/177 vista=36/43 al_publicar=222/292
[estado] fase=IDLE cuadros=38103 fallos=189 emitidos=146637 clientes=0 pisados=0 fps=10.0 edad=293 ms conservados=546/14 acopio=0/3 duplicados=1 rechazados=16
[latencia ms promedio/max] lectura=9/10 entrada=58/115 marcadores=26/28 cubos=144/153 proceso=171/182 vista=38/45 al_publicar=229/286
[estado] fase=IDLE cuadros=38126 fallos=189 emitidos=146737 clientes=0 pisados=0 fps=10.0 edad=234 ms conservados=546/14 acopio=0/3 duplicados=1 rechazados=16
[latencia ms promedio/max] lectura=9/9 entrada=58/114 marcadores=26/29 cubos=141/153 proceso=169/183 vista=35/45 al_publicar=227/281
[estado] fase=IDLE cuadros=38149 fallos=189 emitidos=146835 clientes=0 pisados=0 fps=10.0 edad=230 ms conservados=546/14 acopio=0/3 duplicados=1 rechazados=16
[latencia ms promedio/max] lectura=8/9 entrada=56/119 marcadores=26/27 cubos=138/147 proceso=166/175 vista=34/42 al_publicar=222/289
[estado] fase=IDLE cuadros=38173 fallos=189 emitidos=146935 clientes=0 pisados=0 fps=10.0 edad=239 ms conservados=546/14 acopio=0/3 duplicados=1 rechazados=16
[latencia ms promedio/max] lectura=8/9 entrada=43/120 marcadores=26/27 cubos=130/143 proceso=158/170 vista=32/37 al_publicar=200/280
[estado] fase=IDLE cuadros=38199 fallos=189 emitidos=147038 clientes=0 pisados=0 fps=10.0 edad=272 ms conservados=546/14 acopio=0/3 duplicados=1 rechazados=16
[latencia ms promedio/max] lectura=8/9 entrada=57/113 marcadores=26/27 cubos=138/153 proceso=166/181 vista=34/42 al_publicar=223/280
[estado] fase=IDLE cuadros=38223 fallos=189 emitidos=147138 clientes=0 pisados=0 fps=10.0 edad=269 ms conservados=546/14 acopio=0/3 duplicados=1 rechazados=16
[latencia ms promedio/max] lectura=8/10 entrada=73/113 marcadores=26/28 cubos=137/146 proceso=164/173 vista=36/43 al_publicar=237/281
[estado] fase=IDLE cuadros=38247 fallos=189 emitidos=147238 clientes=0 pisados=0 fps=10.0 edad=269 ms conservados=546/14 acopio=0/3 duplicados=1 rechazados=16
[latencia ms promedio/max] lectura=9/9 entrada=68/120 marcadores=26/27 cubos=139/149 proceso=167/177 vista=35/42 al_publicar=235/287
[estado] fase=IDLE cuadros=38270 fallos=189 emitidos=147335 clientes=0 pisados=0 fps=10.0 edad=222 ms conservados=546/14 acopio=0/3 duplicados=1 rechazados=16
[latencia ms promedio/max] lectura=9/9 entrada=68/115 marcadores=41/342 cubos=141/147 proceso=184/488 vista=34/44 al_publicar=251/513
[estado] fase=IDLE cuadros=38292 fallos=189 emitidos=147434 clientes=0 pisados=0 fps=10.0 edad=299 ms conservados=546/14 acopio=0/3 duplicados=1 rechazados=16
[latencia ms promedio/max] lectura=7/10 entrada=64/112 marcadores=37/313 cubos=127/177 proceso=166/491 vista=31/40 al_publicar=230/603
[estado] fase=IDLE cuadros=38317 fallos=189 emitidos=147537 clientes=0 pisados=0 fps=10.0 edad=215 ms conservados=546/14 acopio=0/3 duplicados=1 rechazados=16
[latencia ms promedio/max] lectura=8/9 entrada=51/99 marcadores=26/27 cubos=141/146 proceso=168/175 vista=34/42 al_publicar=220/270
[estado] fase=IDLE cuadros=38341 fallos=189 emitidos=147638 clientes=0 pisados=0 fps=10.0 edad=276 ms conservados=546/14 acopio=0/3 duplicados=1 rechazados=16
[fase] se recuperaron las coordenadas tras 844 ms sin ver la cancha
[latencia ms promedio/max] lectura=8/9 entrada=62/113 marcadores=93/301 cubos=144/178 proceso=257/447 vista=32/45 al_publicar=323/506
[estado] fase=IDLE cuadros=38364 fallos=197 emitidos=147743 clientes=0 pisados=0 fps=10.0 edad=541 ms conservados=546/16 acopio=0/3 duplicados=1 rechazados=16
[aviso] falta un marcador de esquina: se ven 3, y se viene conservando la geometría hace 6 cuadros (desvío 0.31 mm). Las coordenadas siguen siendo válidas.
[aviso] último problema: solo se ven 2 marcadores de esquina
[fase] se recuperaron las coordenadas tras 734 ms sin ver la cancha
[latencia ms promedio/max] lectura=8/9 entrada=64/92 marcadores=154/301 cubos=140/146 proceso=285/443 vista=31/39 al_publicar=347/522
[estado] fase=IDLE cuadros=38379 fallos=199 emitidos=147839 clientes=0 pisados=0 fps=10.0 edad=288 ms conservados=546/16 acopio=0/3 duplicados=1 rechazados=16
[aviso] marcadores vistos que NO son ni esquina ni rover declarado, y por eso se descartan: [37]. Si alguno es un robot de verdad, hay que agregarlo a deteccion_rovers.ids_rover; si no, son detecciones falsas de la cuadrícula.
[aviso] último problema: solo se ven 2 marcadores de esquina
[latencia ms promedio/max] lectura=8/9 entrada=49/120 marcadores=25/27 cubos=134/140 proceso=161/167 vista=34/42 al_publicar=210/278
[estado] fase=IDLE cuadros=38403 fallos=199 emitidos=147936 clientes=0 pisados=0 fps=10.0 edad=265 ms conservados=546/16 acopio=0/3 duplicados=1 rechazados=16
[latencia ms promedio/max] lectura=8/10 entrada=54/100 marcadores=26/33 cubos=134/145 proceso=162/178 vista=34/44 al_publicar=216/266
[estado] fase=IDLE cuadros=38428 fallos=199 emitidos=148038 clientes=0 pisados=0 fps=10.0 edad=279 ms conservados=546/16 acopio=0/3 duplicados=1 rechazados=16
[latencia ms promedio/max] lectura=8/10 entrada=64/117 marcadores=26/30 cubos=136/153 proceso=164/185 vista=32/45 al_publicar=228/278
[estado] fase=IDLE cuadros=38452 fallos=199 emitidos=148137 clientes=0 pisados=0 fps=10.0 edad=291 ms conservados=546/16 acopio=0/3 duplicados=1 rechazados=16
[latencia ms promedio/max] lectura=8/10 entrada=53/92 marcadores=26/29 cubos=125/153 proceso=153/183 vista=33/42 al_publicar=206/245
[estado] fase=IDLE cuadros=38478 fallos=199 emitidos=148238 clientes=0 pisados=0 fps=10.0 edad=245 ms conservados=546/16 acopio=0/3 duplicados=1 rechazados=16
[latencia ms promedio/max] lectura=8/10 entrada=53/105 marcadores=25/30 cubos=117/147 proceso=143/178 vista=30/40 al_publicar=197/250
[estado] fase=IDLE cuadros=38505 fallos=199 emitidos=148336 clientes=0 pisados=0 fps=10.0 edad=265 ms conservados=546/16 acopio=0/3 duplicados=1 rechazados=16
[latencia ms promedio/max] lectura=8/10 entrada=44/100 marcadores=26/29 cubos=117/152 proceso=144/180 vista=31/40 al_publicar=188/239
[estado] fase=IDLE cuadros=38532 fallos=199 emitidos=148435 clientes=0 pisados=0 fps=10.0 edad=202 ms conservados=546/16 acopio=0/3 duplicados=1 rechazados=16
[latencia ms promedio/max] lectura=8/9 entrada=64/115 marcadores=26/29 cubos=124/142 proceso=151/172 vista=33/40 al_publicar=216/265
[estado] fase=IDLE cuadros=38558 fallos=199 emitidos=148535 clientes=0 pisados=0 fps=10.0 edad=299 ms conservados=546/16 acopio=0/3 duplicados=1 rechazados=16
[latencia ms promedio/max] lectura=9/12 entrada=61/115 marcadores=26/29 cubos=110/149 proceso=138/177 vista=31/42 al_publicar=199/273
[estado] fase=IDLE cuadros=38587 fallos=199 emitidos=148638 clientes=0 pisados=0 fps=10.0 edad=254 ms conservados=546/16 acopio=0/3 duplicados=1 rechazados=16
[latencia ms promedio/max] lectura=8/9 entrada=52/99 marcadores=26/30 cubos=135/146 proceso=162/174 vista=35/42 al_publicar=215/271
[estado] fase=IDLE cuadros=38611 fallos=199 emitidos=148736 clientes=0 pisados=0 fps=10.0 edad=284 ms conservados=546/16 acopio=0/3 duplicados=1 rechazados=16
[latencia ms promedio/max] lectura=8/11 entrada=66/114 marcadores=26/30 cubos=126/145 proceso=154/175 vista=32/43 al_publicar=220/267
[estado] fase=IDLE cuadros=38637 fallos=199 emitidos=148838 clientes=0 pisados=0 fps=10.0 edad=248 ms conservados=546/16 acopio=0/3 duplicados=1 rechazados=16
[latencia ms promedio/max] lectura=8/10 entrada=57/108 marcadores=25/28 cubos=111/128 proceso=138/157 vista=29/39 al_publicar=195/247
[estado] fase=IDLE cuadros=38665 fallos=199 emitidos=148936 clientes=0 pisados=0 fps=10.0 edad=266 ms conservados=546/16 acopio=0/3 duplicados=1 rechazados=16
[latencia ms promedio/max] lectura=8/14 entrada=56/115 marcadores=25/34 cubos=109/163 proceso=136/199 vista=28/37 al_publicar=191/275
[estado] fase=IDLE cuadros=38694 fallos=199 emitidos=149036 clientes=0 pisados=0 fps=10.0 edad=258 ms conservados=546/16 acopio=0/3 duplicados=1 rechazados=16
[latencia ms promedio/max] lectura=8/10 entrada=81/112 marcadores=27/30 cubos=128/146 proceso=156/176 vista=32/43 al_publicar=237/273
[estado] fase=IDLE cuadros=38720 fallos=199 emitidos=149138 clientes=0 pisados=0 fps=10.0 edad=267 ms conservados=546/16 acopio=0/3 duplicados=1 rechazados=16
[latencia ms promedio/max] lectura=8/9 entrada=58/119 marcadores=26/30 cubos=129/147 proceso=157/177 vista=32/39 al_publicar=215/282
[estado] fase=IDLE cuadros=38745 fallos=199 emitidos=149237 clientes=0 pisados=0 fps=10.0 edad=286 ms conservados=546/16 acopio=0/3 duplicados=1 rechazados=16
[latencia ms promedio/max] lectura=8/9 entrada=79/104 marcadores=27/29 cubos=130/145 proceso=158/176 vista=33/42 al_publicar=237/269
[estado] fase=IDLE cuadros=38770 fallos=199 emitidos=149336 clientes=0 pisados=0 fps=10.0 edad=288 ms conservados=546/16 acopio=0/3 duplicados=1 rechazados=16
[latencia ms promedio/max] lectura=9/10 entrada=67/118 marcadores=28/31 cubos=134/148 proceso=164/181 vista=33/42 al_publicar=231/283
[estado] fase=IDLE cuadros=38794 fallos=199 emitidos=149435 clientes=0 pisados=0 fps=10.0 edad=211 ms conservados=546/16 acopio=0/3 duplicados=1 rechazados=16
[latencia ms promedio/max] lectura=8/9 entrada=58/105 marcadores=28/30 cubos=132/149 proceso=161/179 vista=34/42 al_publicar=219/267
[estado] fase=IDLE cuadros=38819 fallos=199 emitidos=149537 clientes=0 pisados=0 fps=10.0 edad=298 ms conservados=546/16 acopio=0/3 duplicados=1 rechazados=16
[latencia ms promedio/max] lectura=8/10 entrada=54/101 marcadores=25/29 cubos=112/143 proceso=138/173 vista=30/40 al_publicar=192/262
[estado] fase=IDLE cuadros=38847 fallos=199 emitidos=149635 clientes=0 pisados=0 fps=10.0 edad=228 ms conservados=546/16 acopio=0/3 duplicados=1 rechazados=16
[latencia ms promedio/max] lectura=8/9 entrada=44/120 marcadores=25/29 cubos=133/153 proceso=159/178 vista=33/42 al_publicar=204/283
[estado] fase=IDLE cuadros=38872 fallos=199 emitidos=149736 clientes=0 pisados=0 fps=10.0 edad=255 ms conservados=546/16 acopio=0/3 duplicados=1 rechazados=16
[latencia ms promedio/max] lectura=7/8 entrada=62/116 marcadores=24/26 cubos=127/141 proceso=152/168 vista=32/40 al_publicar=214/268
[estado] fase=IDLE cuadros=38898 fallos=199 emitidos=149836 clientes=0 pisados=0 fps=10.0 edad=237 ms conservados=546/16 acopio=0/3 duplicados=1 rechazados=16
[latencia ms promedio/max] lectura=8/10 entrada=64/105 marcadores=25/31 cubos=127/146 proceso=153/178 vista=32/42 al_publicar=217/275
[estado] fase=IDLE cuadros=38924 fallos=199 emitidos=149936 clientes=0 pisados=0 fps=10.0 edad=273 ms conservados=546/16 acopio=0/3 duplicados=1 rechazados=16
[latencia ms promedio/max] lectura=8/10 entrada=60/117 marcadores=26/29 cubos=118/145 proceso=144/176 vista=29/41 al_publicar=204/252
[estado] fase=IDLE cuadros=38952 fallos=199 emitidos=150038 clientes=0 pisados=0 fps=10.0 edad=263 ms conservados=546/16 acopio=0/3 duplicados=1 rechazados=16
[latencia ms promedio/max] lectura=8/10 entrada=63/111 marcadores=25/31 cubos=109/143 proceso=135/171 vista=28/40 al_publicar=198/244
[estado] fase=IDLE cuadros=38981 fallos=199 emitidos=150137 clientes=0 pisados=0 fps=10.0 edad=235 ms conservados=546/16 acopio=0/3 duplicados=1 rechazados=16
[latencia ms promedio/max] lectura=8/9 entrada=60/116 marcadores=26/29 cubos=136/149 proceso=164/176 vista=34/41 al_publicar=224/291
[estado] fase=IDLE cuadros=39005 fallos=199 emitidos=150236 clientes=0 pisados=0 fps=10.0 edad=279 ms conservados=546/16 acopio=0/3 duplicados=1 rechazados=16
[latencia ms promedio/max] lectura=8/10 entrada=57/114 marcadores=26/29 cubos=121/150 proceso=148/179 vista=31/43 al_publicar=204/292
[estado] fase=IDLE cuadros=39032 fallos=199 emitidos=150338 clientes=0 pisados=0 fps=10.0 edad=253 ms conservados=546/16 acopio=0/3 duplicados=1 rechazados=16
[latencia ms promedio/max] lectura=8/11 entrada=58/98 marcadores=25/30 cubos=113/142 proceso=140/170 vista=31/42 al_publicar=198/243
[estado] fase=IDLE cuadros=39060 fallos=199 emitidos=150438 clientes=0 pisados=0 fps=10.0 edad=265 ms conservados=546/16 acopio=0/3 duplicados=1 rechazados=16
[latencia ms promedio/max] lectura=8/10 entrada=48/93 marcadores=26/30 cubos=123/143 proceso=150/171 vista=31/42 al_publicar=198/238
[estado] fase=IDLE cuadros=39086 fallos=199 emitidos=150536 clientes=0 pisados=0 fps=10.0 edad=191 ms conservados=546/16 acopio=0/3 duplicados=1 rechazados=16
[latencia ms promedio/max] lectura=8/12 entrada=58/112 marcadores=25/30 cubos=111/135 proceso=137/166 vista=27/37 al_publicar=195/265
[estado] fase=IDLE cuadros=39115 fallos=199 emitidos=150637 clientes=0 pisados=0 fps=10.0 edad=199 ms conservados=546/16 acopio=0/3 duplicados=1 rechazados=16
[latencia ms promedio/max] lectura=7/10 entrada=53/118 marcadores=20/28 cubos=83/144 proceso=104/174 vista=23/42 al_publicar=158/293
[estado] fase=IDLE cuadros=39152 fallos=199 emitidos=150736 clientes=0 pisados=0 fps=10.0 edad=162 ms conservados=546/16 acopio=0/3 duplicados=1 rechazados=16
[latencia ms promedio/max] lectura=5/10 entrada=55/105 marcadores=14/32 cubos=52/144 proceso=67/176 vista=14/53 al_publicar=121/264
[estado] fase=IDLE cuadros=39212 fallos=199 emitidos=150838 clientes=0 pisados=0 fps=10.0 edad=287 ms conservados=546/16 acopio=0/3 duplicados=1 rechazados=16
[latencia ms promedio/max] lectura=8/10 entrada=64/111 marcadores=26/30 cubos=123/146 proceso=151/171 vista=32/43 al_publicar=215/272
[estado] fase=IDLE cuadros=39238 fallos=199 emitidos=150938 clientes=0 pisados=0 fps=10.0 edad=257 ms conservados=546/16 acopio=0/3 duplicados=1 rechazados=16
[latencia ms promedio/max] lectura=8/11 entrada=62/116 marcadores=26/30 cubos=107/135 proceso=134/166 vista=27/37 al_publicar=196/254
[estado] fase=IDLE cuadros=39267 fallos=199 emitidos=151036 clientes=0 pisados=0 fps=10.0 edad=161 ms conservados=546/16 acopio=0/3 duplicados=1 rechazados=16
[latencia ms promedio/max] lectura=8/13 entrada=57/104 marcadores=22/26 cubos=102/125 proceso=125/148 vista=26/35 al_publicar=182/240
[estado] fase=IDLE cuadros=39298 fallos=199 emitidos=151135 clientes=0 pisados=0 fps=10.0 edad=102 ms conservados=546/16 acopio=0/3 duplicados=1 rechazados=16
[latencia ms promedio/max] lectura=8/11 entrada=70/110 marcadores=25/28 cubos=117/142 proceso=143/169 vista=29/39 al_publicar=213/262
[estado] fase=IDLE cuadros=39326 fallos=199 emitidos=151236 clientes=0 pisados=0 fps=10.0 edad=238 ms conservados=546/16 acopio=0/3 duplicados=1 rechazados=16
[latencia ms promedio/max] lectura=8/14 entrada=59/114 marcadores=23/28 cubos=97/117 proceso=121/146 vista=28/39 al_publicar=180/244
[estado] fase=IDLE cuadros=39358 fallos=199 emitidos=151336 clientes=0 pisados=0 fps=10.0 edad=178 ms conservados=546/16 acopio=0/3 duplicados=1 rechazados=16
[latencia ms promedio/max] lectura=8/13 entrada=55/104 marcadores=24/28 cubos=95/117 proceso=120/143 vista=28/37 al_publicar=175/241
[estado] fase=IDLE cuadros=39390 fallos=199 emitidos=151436 clientes=0 pisados=0 fps=10.0 edad=250 ms conservados=546/16 acopio=0/3 duplicados=1 rechazados=16
[latencia ms promedio/max] lectura=8/13 entrada=63/109 marcadores=24/30 cubos=102/131 proceso=128/160 vista=27/39 al_publicar=190/266
[estado] fase=IDLE cuadros=39421 fallos=199 emitidos=151537 clientes=0 pisados=0 fps=10.0 edad=226 ms conservados=546/16 acopio=0/3 duplicados=1 rechazados=16
[latencia ms promedio/max] lectura=8/12 entrada=52/100 marcadores=23/28 cubos=99/115 proceso=123/138 vista=27/35 al_publicar=176/236
[estado] fase=IDLE cuadros=39452 fallos=199 emitidos=151635 clientes=0 pisados=0 fps=10.0 edad=217 ms conservados=546/16 acopio=0/3 duplicados=1 rechazados=16
[latencia ms promedio/max] lectura=8/13 entrada=58/102 marcadores=23/27 cubos=101/115 proceso=125/140 vista=27/37 al_publicar=183/231
[estado] fase=IDLE cuadros=39484 fallos=199 emitidos=151737 clientes=0 pisados=0 fps=10.0 edad=239 ms conservados=546/16 acopio=0/3 duplicados=1 rechazados=16
[latencia ms promedio/max] lectura=8/12 entrada=53/103 marcadores=23/27 cubos=105/136 proceso=129/161 vista=26/37 al_publicar=183/249
[estado] fase=IDLE cuadros=39514 fallos=199 emitidos=151836 clientes=0 pisados=0 fps=10.0 edad=237 ms conservados=546/16 acopio=0/3 duplicados=1 rechazados=16
[latencia ms promedio/max] lectura=8/10 entrada=55/108 marcadores=24/29 cubos=107/141 proceso=133/167 vista=28/39 al_publicar=188/243
[estado] fase=IDLE cuadros=39544 fallos=199 emitidos=151937 clientes=0 pisados=0 fps=10.0 edad=224 ms conservados=546/16 acopio=0/3 duplicados=1 rechazados=16
[latencia ms promedio/max] lectura=8/12 entrada=61/117 marcadores=25/30 cubos=106/130 proceso=132/162 vista=28/38 al_publicar=193/255
[estado] fase=IDLE cuadros=39574 fallos=199 emitidos=152038 clientes=0 pisados=0 fps=10.0 edad=239 ms conservados=546/16 acopio=0/3 duplicados=1 rechazados=16
[latencia ms promedio/max] lectura=8/13 entrada=53/99 marcadores=24/28 cubos=110/143 proceso=135/172 vista=29/42 al_publicar=188/224
[estado] fase=IDLE cuadros=39603 fallos=199 emitidos=152137 clientes=0 pisados=0 fps=10.0 edad=231 ms conservados=546/16 acopio=0/3 duplicados=1 rechazados=16
[latencia ms promedio/max] lectura=8/12 entrada=60/116 marcadores=23/29 cubos=111/143 proceso=135/167 vista=29/42 al_publicar=195/261
[estado] fase=IDLE cuadros=39632 fallos=199 emitidos=152237 clientes=0 pisados=0 fps=10.0 edad=198 ms conservados=546/16 acopio=0/3 duplicados=1 rechazados=16
[latencia ms promedio/max] lectura=8/14 entrada=54/108 marcadores=25/30 cubos=114/143 proceso=140/174 vista=30/40 al_publicar=194/243
[estado] fase=IDLE cuadros=39660 fallos=199 emitidos=152337 clientes=0 pisados=0 fps=10.0 edad=210 ms conservados=546/16 acopio=0/3 duplicados=1 rechazados=16
[latencia ms promedio/max] lectura=8/13 entrada=63/114 marcadores=24/31 cubos=101/129 proceso=126/157 vista=28/38 al_publicar=189/248
[estado] fase=IDLE cuadros=39691 fallos=199 emitidos=152437 clientes=0 pisados=0 fps=10.0 edad=231 ms conservados=546/16 acopio=0/3 duplicados=1 rechazados=16
[latencia ms promedio/max] lectura=8/9 entrada=66/111 marcadores=26/29 cubos=123/142 proceso=151/170 vista=32/42 al_publicar=217/269
[estado] fase=IDLE cuadros=39717 fallos=199 emitidos=152537 clientes=0 pisados=0 fps=10.0 edad=206 ms conservados=546/16 acopio=0/3 duplicados=1 rechazados=16
[latencia ms promedio/max] lectura=8/10 entrada=56/111 marcadores=25/29 cubos=115/141 proceso=142/163 vista=30/40 al_publicar=198/268
[estado] fase=IDLE cuadros=39745 fallos=199 emitidos=152638 clientes=0 pisados=0 fps=10.0 edad=254 ms conservados=546/16 acopio=0/3 duplicados=1 rechazados=16
[latencia ms promedio/max] lectura=7/10 entrada=53/94 marcadores=24/29 cubos=109/136 proceso=135/166 vista=29/45 al_publicar=188/255
[estado] fase=IDLE cuadros=39774 fallos=199 emitidos=152737 clientes=0 pisados=0 fps=10.0 edad=224 ms conservados=546/16 acopio=0/3 duplicados=1 rechazados=16
[latencia ms promedio/max] lectura=8/11 entrada=52/101 marcadores=31/286 cubos=101/114 proceso=133/387 vista=27/34 al_publicar=185/487
[estado] fase=IDLE cuadros=39805 fallos=199 emitidos=152841 clientes=0 pisados=0 fps=10.0 edad=517 ms conservados=546/16 acopio=0/3 duplicados=1 rechazados=16
[aviso] falta un marcador de esquina: se ven 3, y se viene conservando la geometría hace 1 cuadros (desvío 0.18 mm). Las coordenadas siguen siendo válidas.
[latencia ms promedio/max] lectura=8/13 entrada=52/102 marcadores=22/26 cubos=100/109 proceso=123/135 vista=25/32 al_publicar=176/228
[estado] fase=IDLE cuadros=39835 fallos=199 emitidos=152935 clientes=0 pisados=0 fps=10.0 edad=227 ms conservados=546/16 acopio=0/3 duplicados=1 rechazados=16
[latencia ms promedio/max] lectura=8/14 entrada=59/118 marcadores=31/244 cubos=99/111 proceso=132/339 vista=24/38 al_publicar=196/407
[estado] fase=IDLE cuadros=39874 fallos=213 emitidos=153035 clientes=0 pisados=0 fps=10.0 edad=1204 ms conservados=546/16 acopio=0/3 duplicados=1 rechazados=16
[aviso] falta un marcador de esquina: se ven 2, y se viene conservando la geometría hace 1 cuadros (desvío 0.12 mm). Las coordenadas siguen siendo válidas.
[aviso] último problema: solo se ven 2 marcadores de esquina
[fase] se recuperaron las coordenadas tras 1641 ms sin ver la cancha
[latencia ms promedio/max] lectura=8/12 entrada=51/103 marcadores=35/176 cubos=104/135 proceso=133/240 vista=26/36 al_publicar=181/317
[estado] fase=IDLE cuadros=39908 fallos=221 emitidos=153136 clientes=0 pisados=0 fps=10.0 edad=165 ms conservados=546/17 acopio=0/3 duplicados=1 rechazados=16
[aviso] marcadores vistos que NO son ni esquina ni rover declarado, y por eso se descartan: [37]. Si alguno es un robot de verdad, hay que agregarlo a deteccion_rovers.ids_rover; si no, son detecciones falsas de la cuadrícula.
[aviso] último problema: solo se ven 2 marcadores de esquina
[latencia ms promedio/max] lectura=7/12 entrada=60/111 marcadores=21/27 cubos=100/112 proceso=122/137 vista=27/36 al_publicar=183/235
[estado] fase=IDLE cuadros=39940 fallos=221 emitidos=153237 clientes=0 pisados=0 fps=10.0 edad=187 ms conservados=546/17 acopio=0/3 duplicados=1 rechazados=16
[latencia ms promedio/max] lectura=7/12 entrada=65/109 marcadores=22/29 cubos=105/139 proceso=128/167 vista=27/35 al_publicar=193/275
[estado] fase=IDLE cuadros=39971 fallos=221 emitidos=153338 clientes=0 pisados=0 fps=10.0 edad=244 ms conservados=546/17 acopio=0/3 duplicados=1 rechazados=16
[latencia ms promedio/max] lectura=8/13 entrada=55/116 marcadores=25/31 cubos=117/149 proceso=143/180 vista=29/39 al_publicar=199/280
[estado] fase=IDLE cuadros=39998 fallos=221 emitidos=153435 clientes=0 pisados=0 fps=10.0 edad=217 ms conservados=546/17 acopio=0/3 duplicados=1 rechazados=16
[latencia ms promedio/max] lectura=5/9 entrada=51/115 marcadores=16/33 cubos=79/153 proceso=96/187 vista=25/40 al_publicar=147/235
[estado] fase=IDLE cuadros=40038 fallos=221 emitidos=153537 clientes=0 pisados=0 fps=10.0 edad=202 ms conservados=546/17 acopio=0/3 duplicados=1 rechazados=16
[latencia ms promedio/max] lectura=8/10 entrada=56/108 marcadores=25/29 cubos=112/148 proceso=138/178 vista=28/38 al_publicar=195/254
[estado] fase=IDLE cuadros=40066 fallos=221 emitidos=153635 clientes=0 pisados=0 fps=10.0 edad=193 ms conservados=546/17 acopio=0/3 duplicados=1 rechazados=16
[latencia ms promedio/max] lectura=8/13 entrada=56/115 marcadores=23/28 cubos=105/130 proceso=129/158 vista=27/36 al_publicar=184/257
[estado] fase=IDLE cuadros=40097 fallos=221 emitidos=153736 clientes=0 pisados=0 fps=10.0 edad=171 ms conservados=546/17 acopio=0/3 duplicados=1 rechazados=16
[latencia ms promedio/max] lectura=8/13 entrada=59/114 marcadores=22/27 cubos=108/149 proceso=132/177 vista=26/39 al_publicar=192/247
[estado] fase=IDLE cuadros=40127 fallos=221 emitidos=153836 clientes=0 pisados=0 fps=10.0 edad=258 ms conservados=546/17 acopio=0/3 duplicados=1 rechazados=16
[latencia ms promedio/max] lectura=8/10 entrada=58/114 marcadores=26/29 cubos=126/143 proceso=153/172 vista=32/41 al_publicar=211/266
[estado] fase=IDLE cuadros=40153 fallos=221 emitidos=153936 clientes=0 pisados=0 fps=10.0 edad=191 ms conservados=546/17 acopio=0/3 duplicados=1 rechazados=16
[latencia ms promedio/max] lectura=7/10 entrada=62/112 marcadores=24/28 cubos=117/135 proceso=143/164 vista=28/39 al_publicar=205/268
[estado] fase=IDLE cuadros=40181 fallos=221 emitidos=154037 clientes=0 pisados=0 fps=10.0 edad=185 ms conservados=546/17 acopio=0/3 duplicados=1 rechazados=16
[latencia ms promedio/max] lectura=8/10 entrada=52/113 marcadores=25/28 cubos=107/129 proceso=133/159 vista=30/39 al_publicar=186/253
[estado] fase=IDLE cuadros=40210 fallos=221 emitidos=154136 clientes=0 pisados=0 fps=10.0 edad=169 ms conservados=546/17 acopio=0/3 duplicados=1 rechazados=16
[latencia ms promedio/max] lectura=7/9 entrada=63/117 marcadores=25/27 cubos=116/136 proceso=142/162 vista=28/39 al_publicar=205/257
[estado] fase=IDLE cuadros=40238 fallos=221 emitidos=154236 clientes=0 pisados=0 fps=10.0 edad=238 ms conservados=546/17 acopio=0/3 duplicados=1 rechazados=16
[latencia ms promedio/max] lectura=9/23 entrada=67/114 marcadores=29/56 cubos=133/282 proceso=164/332 vista=34/75 al_publicar=231/397
[estado] fase=IDLE cuadros=40263 fallos=221 emitidos=154339 clientes=0 pisados=0 fps=10.0 edad=409 ms conservados=546/17 acopio=0/3 duplicados=1 rechazados=16
[latencia ms promedio/max] lectura=13/15 entrada=58/103 marcadores=44/52 cubos=228/245 proceso=274/294 vista=49/59 al_publicar=332/379
[estado] fase=IDLE cuadros=40278 fallos=221 emitidos=154440 clientes=0 pisados=0 fps=10.0 edad=355 ms conservados=546/17 acopio=0/3 duplicados=1 rechazados=16
[latencia ms promedio/max] lectura=13/15 entrada=59/123 marcadores=42/49 cubos=213/242 proceso=257/286 vista=48/58 al_publicar=316/371
[estado] fase=IDLE cuadros=40293 fallos=221 emitidos=154535 clientes=0 pisados=0 fps=10.0 edad=421 ms conservados=546/17 acopio=0/3 duplicados=1 rechazados=16
[latencia ms promedio/max] lectura=14/19 entrada=63/120 marcadores=42/46 cubos=224/247 proceso=268/291 vista=50/58 al_publicar=331/389
[estado] fase=IDLE cuadros=40308 fallos=221 emitidos=154635 clientes=0 pisados=0 fps=10.0 edad=418 ms conservados=546/17 acopio=0/3 duplicados=1 rechazados=16
[latencia ms promedio/max] lectura=12/14 entrada=62/115 marcadores=110/528 cubos=223/231 proceso=351/761 vista=46/54 al_publicar=415/851
[estado] fase=IDLE cuadros=40323 fallos=225 emitidos=154735 clientes=0 pisados=0 fps=10.0 edad=1324 ms conservados=546/17 acopio=0/3 duplicados=1 rechazados=16
[aviso] falta un marcador de esquina: se ven 0, y se viene conservando la geometría hace 2 cuadros (desvío 0.17 mm). Las coordenadas siguen siendo válidas.
[aviso] último problema: solo se ven 0 marcadores de esquina
[fase] se recuperaron las coordenadas tras 2172 ms sin ver la cancha
[fase] se recuperaron las coordenadas tras 656 ms sin ver la cancha
[latencia ms promedio/max] lectura=13/16 entrada=71/110 marcadores=247/410 cubos=234/275 proceso=611/667 vista=40/55 al_publicar=676/725
[estado] fase=IDLE cuadros=40336 fallos=233 emitidos=154837 clientes=0 pisados=0 fps=10.0 edad=704 ms conservados=546/17 acopio=0/3 duplicados=1 rechazados=16
[aviso] identidades de rover demoradas hasta sostenerse 5 cuadros: ID 10 llegó a 1 cuadro(s). Es lo normal al poner un robot en la cancha —se paga una vez, unos 499 ms— y es lo que impide que un fantasma invente un rover que no existe. SIGUEN esperando ahora mismo: [10] — si hay un robot de verdad ahí, no se está viendo estable
[aviso] falta un marcador de esquina: se ven 3, y se viene conservando la geometría hace 7 cuadros (desvío 0.20 mm). Las coordenadas siguen siendo válidas.
[aviso] último problema: solo se ven 2 marcadores de esquina
[fase] se recuperaron las coordenadas tras 1500 ms sin ver la cancha
[fase] se recuperaron las coordenadas tras 671 ms sin ver la cancha
[latencia ms promedio/max] lectura=13/20 entrada=51/112 marcadores=329/427 cubos=230/269 proceso=589/649 vista=41/52 al_publicar=616/671
[estado] fase=IDLE cuadros=40347 fallos=240 emitidos=154940 clientes=0 pisados=0 fps=10.0 edad=1582 ms conservados=546/18 acopio=0/3 duplicados=1 rechazados=16
[aviso] identidades de rover demoradas hasta sostenerse 5 cuadros: ID 10 llegó a 4 cuadro(s). Es lo normal al poner un robot en la cancha —se paga una vez, unos 499 ms— y es lo que impide que un fantasma invente un rover que no existe. Ninguna quedó esperando.
[aviso] último problema: solo se ven 2 marcadores de esquina
[fase] se recuperaron las coordenadas tras 781 ms sin ver la cancha
[fase] se recuperaron las coordenadas tras 312 ms sin ver la cancha
[fase] se recuperaron las coordenadas tras 765 ms sin ver la cancha
[latencia ms promedio/max] lectura=13/17 entrada=63/101 marcadores=127/395 cubos=220/271 proceso=357/552 vista=42/56 al_publicar=417/631
[estado] fase=IDLE cuadros=40362 fallos=246 emitidos=155035 clientes=0 pisados=0 fps=10.0 edad=334 ms conservados=550/24 acopio=0/3 duplicados=1 rechazados=17
[aviso] marcadores rechazados por no ser plausibles: 1 por posición. No pueden ser marcadores de esta cancha: el detector los inventa sobre la cuadrícula del tablero. Ejemplo: ID 17 rechazado por posición, midió 17.6 mm donde se esperaban 0.0, en la celda (-3.0, 19.1)
[aviso] marcadores vistos que NO son ni esquina ni rover declarado, y por eso se descartan: [17]. Si alguno es un robot de verdad, hay que agregarlo a deteccion_rovers.ids_rover; si no, son detecciones falsas de la cuadrícula.
[aviso] último problema: solo se ven 2 marcadores de esquina
[latencia ms promedio/max] lectura=10/16 entrada=60/105 marcadores=31/47 cubos=140/248 proceso=173/298 vista=32/54 al_publicar=234/389
[estado] fase=IDLE cuadros=40385 fallos=246 emitidos=155135 clientes=0 pisados=0 fps=10.0 edad=212 ms conservados=550/24 acopio=0/3 duplicados=1 rechazados=17
[latencia ms promedio/max] lectura=6/10 entrada=55/116 marcadores=20/30 cubos=64/94 proceso=84/121 vista=19/143 al_publicar=139/209
[estado] fase=IDLE cuadros=40431 fallos=246 emitidos=155236 clientes=0 pisados=0 fps=10.0 edad=157 ms conservados=550/24 acopio=0/3 duplicados=1 rechazados=17
[latencia ms promedio/max] lectura=12/15 entrada=57/103 marcadores=40/49 cubos=191/236 proceso=233/286 vista=46/58 al_publicar=291/373
[estado] fase=IDLE cuadros=40448 fallos=246 emitidos=155335 clientes=0 pisados=0 fps=10.0 edad=407 ms conservados=550/24 acopio=0/3 duplicados=1 rechazados=17
[latencia ms promedio/max] lectura=14/20 entrada=65/121 marcadores=43/47 cubos=216/228 proceso=261/275 vista=46/55 al_publicar=327/394
[estado] fase=IDLE cuadros=40464 fallos=246 emitidos=155438 clientes=0 pisados=0 fps=10.0 edad=367 ms conservados=550/24 acopio=0/3 duplicados=1 rechazados=17
[latencia ms promedio/max] lectura=13/18 entrada=67/122 marcadores=42/46 cubos=218/235 proceso=263/279 vista=50/58 al_publicar=330/378
[estado] fase=IDLE cuadros=40479 fallos=246 emitidos=155536 clientes=0 pisados=0 fps=10.0 edad=370 ms conservados=550/24 acopio=0/3 duplicados=1 rechazados=17
[latencia ms promedio/max] lectura=13/15 entrada=72/117 marcadores=42/47 cubos=226/266 proceso=270/316 vista=51/62 al_publicar=343/384
[estado] fase=IDLE cuadros=40494 fallos=246 emitidos=155637 clientes=0 pisados=0 fps=10.0 edad=403 ms conservados=550/24 acopio=0/3 duplicados=1 rechazados=17
[latencia ms promedio/max] lectura=14/16 entrada=72/117 marcadores=43/48 cubos=223/254 proceso=268/299 vista=51/69 al_publicar=341/390
[estado] fase=IDLE cuadros=40509 fallos=246 emitidos=155737 clientes=0 pisados=0 fps=10.0 edad=404 ms conservados=550/24 acopio=0/3 duplicados=1 rechazados=17
[latencia ms promedio/max] lectura=15/18 entrada=56/122 marcadores=44/51 cubos=236/275 proceso=282/330 vista=56/70 al_publicar=339/400
[estado] fase=IDLE cuadros=40523 fallos=246 emitidos=155836 clientes=0 pisados=0 fps=10.0 edad=362 ms conservados=550/24 acopio=0/3 duplicados=1 rechazados=17
[latencia ms promedio/max] lectura=14/15 entrada=61/118 marcadores=44/53 cubos=236/271 proceso=283/327 vista=51/67 al_publicar=345/397
[estado] fase=IDLE cuadros=40538 fallos=246 emitidos=155941 clientes=0 pisados=0 fps=10.0 edad=392 ms conservados=550/24 acopio=0/3 duplicados=1 rechazados=17
[latencia ms promedio/max] lectura=14/16 entrada=66/118 marcadores=46/53 cubos=229/273 proceso=277/326 vista=53/67 al_publicar=343/398
[estado] fase=IDLE cuadros=40552 fallos=246 emitidos=156037 clientes=0 pisados=0 fps=10.0 edad=320 ms conservados=550/24 acopio=0/3 duplicados=1 rechazados=17
[latencia ms promedio/max] lectura=13/15 entrada=63/112 marcadores=44/48 cubos=217/249 proceso=263/295 vista=46/56 al_publicar=327/398
[estado] fase=IDLE cuadros=40568 fallos=246 emitidos=156141 clientes=0 pisados=0 fps=10.0 edad=404 ms conservados=550/24 acopio=0/3 duplicados=1 rechazados=17
[latencia ms promedio/max] lectura=14/19 entrada=55/111 marcadores=45/48 cubos=218/249 proceso=266/300 vista=51/58 al_publicar=321/370
[estado] fase=IDLE cuadros=40583 fallos=246 emitidos=156240 clientes=0 pisados=0 fps=10.0 edad=360 ms conservados=550/24 acopio=0/3 duplicados=1 rechazados=17
[latencia ms promedio/max] lectura=14/19 entrada=55/97 marcadores=44/48 cubos=219/249 proceso=266/295 vista=51/56 al_publicar=322/365
[estado] fase=IDLE cuadros=40598 fallos=246 emitidos=156339 clientes=0 pisados=0 fps=10.0 edad=337 ms conservados=550/24 acopio=0/3 duplicados=1 rechazados=17
[cliente] conectado 127.0.0.1:64757
[cliente] desconectado 127.0.0.1:64757 (enviados=2 pisados=0)
[latencia ms promedio/max] lectura=13/15 entrada=63/112 marcadores=45/50 cubos=208/235 proceso=256/288 vista=50/57 al_publicar=319/380
[estado] fase=IDLE cuadros=40613 fallos=246 emitidos=156435 clientes=0 pisados=0 fps=10.0 edad=420 ms conservados=550/24 acopio=0/3 duplicados=1 rechazados=17
[latencia ms promedio/max] lectura=14/16 entrada=63/102 marcadores=45/51 cubos=220/231 proceso=268/278 vista=52/60 al_publicar=332/373
[estado] fase=IDLE cuadros=40628 fallos=246 emitidos=156536 clientes=0 pisados=0 fps=10.0 edad=435 ms conservados=550/24 acopio=0/3 duplicados=1 rechazados=17
[cliente] conectado 127.0.0.1:64787
[cliente] desconectado 127.0.0.1:64787 (enviados=2 pisados=0)
[cliente] conectado 127.0.0.1:62321
[cliente] desconectado 127.0.0.1:62321 (enviados=47 pisados=0)
[latencia ms promedio/max] lectura=13/16 entrada=68/107 marcadores=42/48 cubos=227/271 proceso=271/310 vista=51/59 al_publicar=340/395
[estado] fase=IDLE cuadros=40643 fallos=246 emitidos=156637 clientes=0 pisados=0 fps=10.0 edad=394 ms conservados=550/24 acopio=0/3 duplicados=1 rechazados=17
[latencia ms promedio/max] lectura=13/15 entrada=56/106 marcadores=42/46 cubos=214/232 proceso=258/279 vista=51/59 al_publicar=315/386
[estado] fase=IDLE cuadros=40659 fallos=246 emitidos=156740 clientes=0 pisados=0 fps=10.0 edad=335 ms conservados=550/24 acopio=0/3 duplicados=1 rechazados=17
[latencia ms promedio/max] lectura=13/16 entrada=65/107 marcadores=44/49 cubos=213/230 proceso=260/282 vista=50/57 al_publicar=325/382
[estado] fase=IDLE cuadros=40674 fallos=246 emitidos=156837 clientes=0 pisados=0 fps=10.0 edad=391 ms conservados=550/24 acopio=0/3 duplicados=1 rechazados=17
[latencia ms promedio/max] lectura=12/15 entrada=57/119 marcadores=43/50 cubos=213/234 proceso=258/287 vista=50/58 al_publicar=316/388
[estado] fase=IDLE cuadros=40690 fallos=246 emitidos=156939 clientes=0 pisados=0 fps=10.0 edad=438 ms conservados=550/24 acopio=0/3 duplicados=1 rechazados=17
[latencia ms promedio/max] lectura=15/21 entrada=60/105 marcadores=45/49 cubos=226/256 proceso=274/305 vista=52/63 al_publicar=335/372
[estado] fase=IDLE cuadros=40704 fallos=246 emitidos=157035 clientes=0 pisados=0 fps=10.0 edad=421 ms conservados=550/24 acopio=0/3 duplicados=1 rechazados=17
[latencia ms promedio/max] lectura=13/19 entrada=67/107 marcadores=43/47 cubos=213/233 proceso=259/283 vista=47/55 al_publicar=326/374
[estado] fase=IDLE cuadros=40720 fallos=246 emitidos=157138 clientes=0 pisados=0 fps=10.0 edad=347 ms conservados=550/24 acopio=0/3 duplicados=1 rechazados=17
[latencia ms promedio/max] lectura=14/20 entrada=71/115 marcadores=45/49 cubos=218/226 proceso=265/276 vista=51/58 al_publicar=337/384
[estado] fase=IDLE cuadros=40735 fallos=246 emitidos=157237 clientes=0 pisados=0 fps=10.0 edad=400 ms conservados=550/24 acopio=0/3 duplicados=1 rechazados=17
[latencia ms promedio/max] lectura=9/14 entrada=57/121 marcadores=32/47 cubos=158/225 proceso=191/274 vista=38/57 al_publicar=248/345
[estado] fase=IDLE cuadros=40756 fallos=246 emitidos=157338 clientes=0 pisados=0 fps=10.0 edad=226 ms conservados=550/24 acopio=0/3 duplicados=1 rechazados=17
[latencia ms promedio/max] lectura=8/12 entrada=59/118 marcadores=24/29 cubos=108/125 proceso=134/155 vista=30/40 al_publicar=193/251
[estado] fase=IDLE cuadros=40785 fallos=246 emitidos=157437 clientes=0 pisados=0 fps=10.0 edad=216 ms conservados=550/24 acopio=0/3 duplicados=1 rechazados=17
[latencia ms promedio/max] lectura=8/10 entrada=54/101 marcadores=26/32 cubos=114/142 proceso=141/175 vista=30/38 al_publicar=195/270
[estado] fase=IDLE cuadros=40813 fallos=246 emitidos=157538 clientes=0 pisados=0 fps=10.0 edad=226 ms conservados=550/24 acopio=0/3 duplicados=1 rechazados=17
[latencia ms promedio/max] lectura=8/11 entrada=62/111 marcadores=25/28 cubos=105/119 proceso=131/148 vista=29/39 al_publicar=193/251
[estado] fase=IDLE cuadros=40842 fallos=246 emitidos=157635 clientes=0 pisados=0 fps=10.0 edad=231 ms conservados=550/24 acopio=0/3 duplicados=1 rechazados=17
[latencia ms promedio/max] lectura=8/10 entrada=58/117 marcadores=25/28 cubos=105/125 proceso=132/154 vista=28/38 al_publicar=190/257
[estado] fase=IDLE cuadros=40872 fallos=246 emitidos=157737 clientes=0 pisados=0 fps=10.0 edad=187 ms conservados=550/24 acopio=0/3 duplicados=1 rechazados=17
[latencia ms promedio/max] lectura=8/11 entrada=58/104 marcadores=24/27 cubos=100/128 proceso=126/157 vista=28/36 al_publicar=183/237
[estado] fase=IDLE cuadros=40903 fallos=246 emitidos=157837 clientes=0 pisados=0 fps=10.0 edad=194 ms conservados=550/24 acopio=0/3 duplicados=1 rechazados=17
[latencia ms promedio/max] lectura=8/11 entrada=56/113 marcadores=25/28 cubos=104/130 proceso=130/157 vista=29/38 al_publicar=186/250
[estado] fase=IDLE cuadros=40933 fallos=246 emitidos=157937 clientes=0 pisados=0 fps=10.0 edad=206 ms conservados=550/24 acopio=0/3 duplicados=1 rechazados=17
[latencia ms promedio/max] lectura=8/13 entrada=59/113 marcadores=23/29 cubos=97/146 proceso=122/176 vista=28/36 al_publicar=182/252
[estado] fase=IDLE cuadros=40965 fallos=246 emitidos=158038 clientes=0 pisados=0 fps=10.0 edad=276 ms conservados=550/24 acopio=0/3 duplicados=1 rechazados=17
[latencia ms promedio/max] lectura=8/11 entrada=54/99 marcadores=26/30 cubos=117/142 proceso=145/172 vista=32/43 al_publicar=199/263
[estado] fase=IDLE cuadros=40992 fallos=246 emitidos=158139 clientes=0 pisados=0 fps=10.0 edad=285 ms conservados=550/24 acopio=0/3 duplicados=1 rechazados=17
[latencia ms promedio/max] lectura=8/9 entrada=70/119 marcadores=26/29 cubos=125/135 proceso=153/163 vista=32/41 al_publicar=223/273
[estado] fase=IDLE cuadros=41017 fallos=246 emitidos=158236 clientes=0 pisados=0 fps=10.0 edad=236 ms conservados=550/24 acopio=0/3 duplicados=1 rechazados=17
[latencia ms promedio/max] lectura=8/10 entrada=45/104 marcadores=26/30 cubos=121/156 proceso=149/182 vista=33/48 al_publicar=194/281
[estado] fase=IDLE cuadros=41044 fallos=246 emitidos=158339 clientes=0 pisados=0 fps=10.0 edad=273 ms conservados=550/24 acopio=0/3 duplicados=1 rechazados=17
[latencia ms promedio/max] lectura=9/19 entrada=74/110 marcadores=29/69 cubos=141/315 proceso=171/388 vista=37/63 al_publicar=245/409
[estado] fase=IDLE cuadros=41067 fallos=246 emitidos=158438 clientes=0 pisados=0 fps=10.0 edad=290 ms conservados=550/24 acopio=0/3 duplicados=1 rechazados=17
[latencia ms promedio/max] lectura=13/18 entrada=58/116 marcadores=44/58 cubos=229/267 proceso=275/328 vista=51/58 al_publicar=334/405
[estado] fase=IDLE cuadros=41082 fallos=246 emitidos=158540 clientes=0 pisados=0 fps=10.0 edad=371 ms conservados=550/24 acopio=0/3 duplicados=1 rechazados=17
[latencia ms promedio/max] lectura=14/17 entrada=70/113 marcadores=47/53 cubos=233/255 proceso=282/311 vista=55/63 al_publicar=353/419
[estado] fase=IDLE cuadros=41096 fallos=246 emitidos=158639 clientes=0 pisados=0 fps=10.0 edad=406 ms conservados=550/24 acopio=0/3 duplicados=1 rechazados=17
[latencia ms promedio/max] lectura=14/16 entrada=71/123 marcadores=46/50 cubos=233/259 proceso=281/312 vista=53/62 al_publicar=353/400
[estado] fase=IDLE cuadros=41110 fallos=246 emitidos=158737 clientes=0 pisados=0 fps=10.0 edad=410 ms conservados=550/24 acopio=0/3 duplicados=1 rechazados=17
[latencia ms promedio/max] lectura=15/17 entrada=75/100 marcadores=50/54 cubos=257/282 proceso=310/333 vista=55/64 al_publicar=385/417
[estado] fase=IDLE cuadros=41123 fallos=246 emitidos=158836 clientes=0 pisados=0 fps=10.0 edad=468 ms conservados=550/24 acopio=0/3 duplicados=1 rechazados=17
[latencia ms promedio/max] lectura=13/17 entrada=58/112 marcadores=45/51 cubos=226/259 proceso=273/313 vista=51/60 al_publicar=332/389
[estado] fase=IDLE cuadros=41138 fallos=246 emitidos=158938 clientes=0 pisados=0 fps=10.0 edad=344 ms conservados=550/24 acopio=0/3 duplicados=1 rechazados=17
[latencia ms promedio/max] lectura=13/15 entrada=61/104 marcadores=43/45 cubos=217/222 proceso=262/268 vista=52/58 al_publicar=324/368
[estado] fase=IDLE cuadros=41153 fallos=246 emitidos=159036 clientes=0 pisados=0 fps=10.0 edad=355 ms conservados=550/24 acopio=0/3 duplicados=1 rechazados=17
[latencia ms promedio/max] lectura=13/15 entrada=67/122 marcadores=45/47 cubos=218/237 proceso=265/283 vista=49/58 al_publicar=333/382
[estado] fase=IDLE cuadros=41168 fallos=246 emitidos=159135 clientes=0 pisados=0 fps=10.0 edad=388 ms conservados=550/24 acopio=0/3 duplicados=1 rechazados=17
[latencia ms promedio/max] lectura=13/16 entrada=59/105 marcadores=44/47 cubos=220/253 proceso=267/300 vista=53/63 al_publicar=326/378
[estado] fase=IDLE cuadros=41183 fallos=246 emitidos=159235 clientes=0 pisados=0 fps=10.0 edad=401 ms conservados=550/24 acopio=0/3 duplicados=1 rechazados=17
[latencia ms promedio/max] lectura=14/15 entrada=62/102 marcadores=46/48 cubos=239/253 proceso=287/304 vista=53/62 al_publicar=349/407
[estado] fase=IDLE cuadros=41198 fallos=246 emitidos=159341 clientes=0 pisados=0 fps=10.0 edad=405 ms conservados=550/24 acopio=0/3 duplicados=1 rechazados=17
[latencia ms promedio/max] lectura=14/15 entrada=62/110 marcadores=47/50 cubos=251/269 proceso=300/320 vista=55/66 al_publicar=363/424
[estado] fase=IDLE cuadros=41211 fallos=246 emitidos=159438 clientes=0 pisados=0 fps=10.0 edad=426 ms conservados=550/24 acopio=0/3 duplicados=1 rechazados=17
[latencia ms promedio/max] lectura=15/16 entrada=59/116 marcadores=48/52 cubos=252/270 proceso=303/321 vista=56/64 al_publicar=363/423
[estado] fase=IDLE cuadros=41224 fallos=246 emitidos=159535 clientes=0 pisados=0 fps=10.0 edad=408 ms conservados=550/24 acopio=0/3 duplicados=1 rechazados=17
[latencia ms promedio/max] lectura=15/17 entrada=65/109 marcadores=48/49 cubos=244/256 proceso=295/308 vista=59/64 al_publicar=361/406
[estado] fase=IDLE cuadros=41238 fallos=246 emitidos=159639 clientes=0 pisados=0 fps=10.0 edad=380 ms conservados=550/24 acopio=0/3 duplicados=1 rechazados=17
[latencia ms promedio/max] lectura=14/16 entrada=68/108 marcadores=46/49 cubos=237/250 proceso=286/299 vista=54/64 al_publicar=355/405
[estado] fase=IDLE cuadros=41252 fallos=246 emitidos=159738 clientes=0 pisados=0 fps=10.0 edad=456 ms conservados=550/24 acopio=0/3 duplicados=1 rechazados=17
[latencia ms promedio/max] lectura=15/16 entrada=68/121 marcadores=46/50 cubos=236/255 proceso=284/302 vista=57/67 al_publicar=353/401
[estado] fase=IDLE cuadros=41266 fallos=246 emitidos=159838 clientes=0 pisados=0 fps=10.0 edad=449 ms conservados=550/24 acopio=0/3 duplicados=1 rechazados=17
[latencia ms promedio/max] lectura=16/17 entrada=83/124 marcadores=47/49 cubos=252/264 proceso=301/315 vista=58/66 al_publicar=385/422
[estado] fase=IDLE cuadros=41279 fallos=246 emitidos=159936 clientes=0 pisados=0 fps=10.0 edad=436 ms conservados=550/24 acopio=0/3 duplicados=1 rechazados=17
[latencia ms promedio/max] lectura=16/17 entrada=60/105 marcadores=47/49 cubos=254/273 proceso=304/323 vista=57/69 al_publicar=365/412
[estado] fase=IDLE cuadros=41293 fallos=246 emitidos=160042 clientes=0 pisados=0 fps=10.0 edad=433 ms conservados=550/24 acopio=0/3 duplicados=1 rechazados=17
[latencia ms promedio/max] lectura=15/16 entrada=56/112 marcadores=47/48 cubos=257/272 proceso=307/320 vista=58/68 al_publicar=363/418
[estado] fase=IDLE cuadros=41306 fallos=246 emitidos=160141 clientes=0 pisados=0 fps=10.0 edad=378 ms conservados=550/24 acopio=0/3 duplicados=1 rechazados=17
[latencia ms promedio/max] lectura=15/16 entrada=61/105 marcadores=47/49 cubos=245/266 proceso=295/315 vista=54/62 al_publicar=356/413
[estado] fase=IDLE cuadros=41319 fallos=246 emitidos=160235 clientes=0 pisados=0 fps=10.0 edad=432 ms conservados=550/24 acopio=0/3 duplicados=1 rechazados=17
[latencia ms promedio/max] lectura=14/16 entrada=55/101 marcadores=46/50 cubos=237/258 proceso=286/309 vista=54/64 al_publicar=342/411
[estado] fase=IDLE cuadros=41333 fallos=246 emitidos=160335 clientes=0 pisados=0 fps=10.0 edad=392 ms conservados=550/24 acopio=0/3 duplicados=1 rechazados=17
[latencia ms promedio/max] lectura=14/15 entrada=71/107 marcadores=46/49 cubos=229/255 proceso=278/307 vista=50/57 al_publicar=350/395
[estado] fase=IDLE cuadros=41348 fallos=246 emitidos=160438 clientes=0 pisados=0 fps=10.0 edad=432 ms conservados=550/24 acopio=0/3 duplicados=1 rechazados=17
[latencia ms promedio/max] lectura=15/17 entrada=63/104 marcadores=47/55 cubos=234/258 proceso=284/310 vista=51/58 al_publicar=347/404
[estado] fase=IDLE cuadros=41362 fallos=246 emitidos=160536 clientes=0 pisados=0 fps=10.0 edad=434 ms conservados=550/24 acopio=0/3 duplicados=1 rechazados=17
[latencia ms promedio/max] lectura=15/17 entrada=66/123 marcadores=47/51 cubos=251/266 proceso=300/321 vista=58/69 al_publicar=366/426
[estado] fase=IDLE cuadros=41376 fallos=246 emitidos=160640 clientes=0 pisados=0 fps=10.0 edad=371 ms conservados=550/24 acopio=0/3 duplicados=1 rechazados=17
[latencia ms promedio/max] lectura=15/16 entrada=70/118 marcadores=48/51 cubos=238/253 proceso=289/306 vista=54/64 al_publicar=359/413
[estado] fase=IDLE cuadros=41390 fallos=246 emitidos=160741 clientes=0 pisados=0 fps=10.0 edad=381 ms conservados=550/24 acopio=0/3 duplicados=1 rechazados=17
[latencia ms promedio/max] lectura=14/16 entrada=69/109 marcadores=46/50 cubos=234/261 proceso=282/312 vista=51/58 al_publicar=352/400
[estado] fase=IDLE cuadros=41404 fallos=246 emitidos=160838 clientes=0 pisados=0 fps=10.0 edad=359 ms conservados=550/24 acopio=0/3 duplicados=1 rechazados=17
[latencia ms promedio/max] lectura=13/15 entrada=61/109 marcadores=44/46 cubos=216/231 proceso=263/278 vista=51/58 al_publicar=324/373
[estado] fase=IDLE cuadros=41419 fallos=246 emitidos=160937 clientes=0 pisados=0 fps=10.0 edad=383 ms conservados=550/24 acopio=0/3 duplicados=1 rechazados=17
[latencia ms promedio/max] lectura=14/21 entrada=68/121 marcadores=42/46 cubos=217/224 proceso=261/271 vista=51/60 al_publicar=329/390
[estado] fase=IDLE cuadros=41435 fallos=246 emitidos=161041 clientes=0 pisados=0 fps=10.0 edad=404 ms conservados=550/24 acopio=0/3 duplicados=1 rechazados=17
[latencia ms promedio/max] lectura=14/19 entrada=55/125 marcadores=46/51 cubos=239/281 proceso=287/329 vista=55/67 al_publicar=342/440
[estado] fase=IDLE cuadros=41449 fallos=246 emitidos=161141 clientes=0 pisados=0 fps=10.0 edad=399 ms conservados=550/24 acopio=0/3 duplicados=1 rechazados=17
[latencia ms promedio/max] lectura=14/15 entrada=60/106 marcadores=46/50 cubos=229/245 proceso=277/296 vista=53/62 al_publicar=338/392
[estado] fase=IDLE cuadros=41463 fallos=246 emitidos=161238 clientes=0 pisados=0 fps=10.0 edad=442 ms conservados=550/24 acopio=0/3 duplicados=1 rechazados=17
[latencia ms promedio/max] lectura=13/14 entrada=59/110 marcadores=44/46 cubos=222/233 proceso=268/279 vista=53/59 al_publicar=328/371
[estado] fase=IDLE cuadros=41478 fallos=246 emitidos=161338 clientes=0 pisados=0 fps=10.0 edad=373 ms conservados=550/24 acopio=0/3 duplicados=1 rechazados=17
[latencia ms promedio/max] lectura=14/20 entrada=69/190 marcadores=79/564 cubos=212/222 proceso=293/780 vista=53/72 al_publicar=362/971
[estado] fase=IDLE cuadros=41492 fallos=246 emitidos=161439 clientes=0 pisados=0 fps=9.1 edad=1026 ms conservados=550/24 acopio=0/3 duplicados=1 rechazados=17
[latencia ms promedio/max] lectura=12/19 entrada=491/1030 marcadores=25/38 vista=24/82
[estado] fase=IDLE cuadros=41570 fallos=324 emitidos=161535 clientes=0 pisados=0 fps=6.6 edad=5819 ms conservados=550/24 acopio=0/3 duplicados=1 rechazados=17
[aviso] último problema: solo se ven 0 marcadores de esquina
[latencia ms promedio/max] lectura=13/20 entrada=525/1015 marcadores=28/37 vista=29/67
[estado] fase=IDLE cuadros=41640 fallos=394 emitidos=161635 clientes=0 pisados=0 fps=4.9 edad=10814 ms conservados=550/24 acopio=0/3 duplicados=1 rechazados=17
[aviso] último problema: solo se ven 0 marcadores de esquina
[latencia ms promedio/max] lectura=13/20 entrada=513/1020 marcadores=29/36 vista=32/43
[estado] fase=IDLE cuadros=41706 fallos=460 emitidos=161735 clientes=0 pisados=0 fps=4.0 edad=15802 ms conservados=550/24 acopio=0/3 duplicados=1 rechazados=17
[aviso] último problema: solo se ven 0 marcadores de esquina
[latencia ms promedio/max] lectura=7/27 entrada=488/1003 marcadores=13/62 vista=7/94
[estado] fase=IDLE cuadros=41883 fallos=637 emitidos=161835 clientes=0 pisados=0 fps=3.3 edad=20795 ms conservados=550/24 acopio=0/3 duplicados=1 rechazados=17
[aviso] último problema: solo se ven 0 marcadores de esquina
[latencia ms promedio/max] lectura=6/15 entrada=502/1002 marcadores=10/33 vista=3/105
[estado] fase=IDLE cuadros=42140 fallos=894 emitidos=161935 clientes=0 pisados=0 fps=2.8 edad=25801 ms conservados=550/24 acopio=0/3 duplicados=1 rechazados=17
[aviso] último problema: solo se ven 0 marcadores de esquina
[latencia ms promedio/max] lectura=11/19 entrada=586/1013 marcadores=25/36 vista=24/57
[estado] fase=IDLE cuadros=42222 fallos=976 emitidos=162036 clientes=0 pisados=0 fps=2.5 edad=30836 ms conservados=550/24 acopio=0/3 duplicados=1 rechazados=17
[aviso] último problema: solo se ven 0 marcadores de esquina
[latencia ms promedio/max] lectura=13/18 entrada=513/1003 marcadores=28/37 vista=28/44
[estado] fase=IDLE cuadros=42294 fallos=1048 emitidos=162135 clientes=0 pisados=0 fps=2.2 edad=35822 ms conservados=550/24 acopio=0/3 duplicados=1 rechazados=17
[aviso] último problema: solo se ven 0 marcadores de esquina
[latencia ms promedio/max] lectura=13/19 entrada=507/1005 marcadores=30/37 vista=31/45
[estado] fase=IDLE cuadros=42360 fallos=1114 emitidos=162235 clientes=0 pisados=0 fps=2.0 edad=40805 ms conservados=550/24 acopio=0/3 duplicados=1 rechazados=17
[aviso] último problema: solo se ven 0 marcadores de esquina
[latencia ms promedio/max] lectura=7/19 entrada=488/998 marcadores=14/37 vista=10/96
[estado] fase=IDLE cuadros=42518 fallos=1272 emitidos=162335 clientes=0 pisados=0 fps=1.8 edad=45804 ms conservados=550/24 acopio=0/3 duplicados=1 rechazados=17
[aviso] último problema: solo se ven 0 marcadores de esquina
[latencia ms promedio/max] lectura=8/32 entrada=532/1007 marcadores=16/37 vista=8/118
[estado] fase=IDLE cuadros=42669 fallos=1423 emitidos=162435 clientes=0 pisados=0 fps=1.6 edad=50812 ms conservados=550/24 acopio=0/3 duplicados=1 rechazados=17
[aviso] último problema: solo se ven 0 marcadores de esquina
[latencia ms promedio/max] lectura=10/13 entrada=505/999 marcadores=18/22 vista=9/27
[estado] fase=IDLE cuadros=42805 fallos=1559 emitidos=162535 clientes=0 pisados=0 fps=1.5 edad=55815 ms conservados=550/24 acopio=0/3 duplicados=1 rechazados=17
[aviso] último problema: solo se ven 0 marcadores de esquina
